"StateAbbr","StateDesc","CountyName","CountyFIPS","TotalPopulation","ACCESS2_CrudePrev","ACCESS2_Crude95CI","ACCESS2_AdjPrev","ACCESS2_Adj95CI","ARTHRITIS_CrudePrev","ARTHRITIS_Crude95CI","ARTHRITIS_AdjPrev","ARTHRITIS_Adj95CI","BINGE_CrudePrev","BINGE_Crude95CI","BINGE_AdjPrev","BINGE_Adj95CI","BPHIGH_CrudePrev","BPHIGH_Crude95CI","BPHIGH_AdjPrev","BPHIGH_Adj95CI","BPMED_CrudePrev","BPMED_Crude95CI","BPMED_AdjPrev","BPMED_Adj95CI","CANCER_CrudePrev","CANCER_Crude95CI","CANCER_AdjPrev","CANCER_Adj95CI","CASTHMA_CrudePrev","CASTHMA_Crude95CI","CASTHMA_AdjPrev","CASTHMA_Adj95CI","CERVICAL_CrudePrev","CERVICAL_Crude95CI","CERVICAL_AdjPrev","CERVICAL_Adj95CI","CHD_CrudePrev","CHD_Crude95CI","CHD_AdjPrev","CHD_Adj95CI","CHECKUP_CrudePrev","CHECKUP_Crude95CI","CHECKUP_AdjPrev","CHECKUP_Adj95CI","CHOLSCREEN_CrudePrev","CHOLSCREEN_Crude95CI","CHOLSCREEN_AdjPrev","CHOLSCREEN_Adj95CI","COLON_SCREEN_CrudePrev","COLON_SCREEN_Crude95CI","COLON_SCREEN_AdjPrev","COLON_SCREEN_Adj95CI","COPD_CrudePrev","COPD_Crude95CI","COPD_AdjPrev","COPD_Adj95CI","COREM_CrudePrev","COREM_Crude95CI","COREM_AdjPrev","COREM_Adj95CI","COREW_CrudePrev","COREW_Crude95CI","COREW_AdjPrev","COREW_Adj95CI","CSMOKING_CrudePrev","CSMOKING_Crude95CI","CSMOKING_AdjPrev","CSMOKING_Adj95CI","DENTAL_CrudePrev","DENTAL_Crude95CI","DENTAL_AdjPrev","DENTAL_Adj95CI","DEPRESSION_CrudePrev","DEPRESSION_Crude95CI","DEPRESSION_AdjPrev","DEPRESSION_Adj95CI","DIABETES_CrudePrev","DIABETES_Crude95CI","DIABETES_AdjPrev","DIABETES_Adj95CI","GHLTH_CrudePrev","GHLTH_Crude95CI","GHLTH_AdjPrev","GHLTH_Adj95CI","HIGHCHOL_CrudePrev","HIGHCHOL_Crude95CI","HIGHCHOL_AdjPrev","HIGHCHOL_Adj95CI","KIDNEY_CrudePrev","KIDNEY_Crude95CI","KIDNEY_AdjPrev","KIDNEY_Adj95CI","LPA_CrudePrev","LPA_Crude95CI","LPA_AdjPrev","LPA_Adj95CI","MAMMOUSE_CrudePrev","MAMMOUSE_Crude95CI","MAMMOUSE_AdjPrev","MAMMOUSE_Adj95CI","MHLTH_CrudePrev","MHLTH_Crude95CI","MHLTH_AdjPrev","MHLTH_Adj95CI","OBESITY_CrudePrev","OBESITY_Crude95CI","OBESITY_AdjPrev","OBESITY_Adj95CI","PHLTH_CrudePrev","PHLTH_Crude95CI","PHLTH_AdjPrev","PHLTH_Adj95CI","SLEEP_CrudePrev","SLEEP_Crude95CI","SLEEP_AdjPrev","SLEEP_Adj95CI","STROKE_CrudePrev","STROKE_Crude95CI","STROKE_AdjPrev","STROKE_Adj95CI","TEETHLOST_CrudePrev","TEETHLOST_Crude95CI","TEETHLOST_AdjPrev","TEETHLOST_Adj95CI","HEARING_CrudePrev","HEARING_Crude95CI","HEARING_AdjPrev","HEARING_Adj95CI","VISION_CrudePrev","VISION_Crude95CI","VISION_AdjPrev","VISION_Adj95CI","COGNITION_CrudePrev","COGNITION_Crude95CI","COGNITION_AdjPrev","COGNITION_Adj95CI","MOBILITY_CrudePrev","MOBILITY_Crude95CI","MOBILITY_AdjPrev","MOBILITY_Adj95CI","SELFCARE_CrudePrev","SELFCARE_Crude95CI","SELFCARE_AdjPrev","SELFCARE_Adj95CI","INDEPLIVE_CrudePrev","INDEPLIVE_Crude95CI","INDEPLIVE_AdjPrev","INDEPLIVE_Adj95CI","DISABILITY_CrudePrev","DISABILITY_Crude95CI","DISABILITY_AdjPrev","DISABILITY_Adj95CI","Geolocation"
"AL","Alabama","Autauga","01001","59,095","10.0","( 7.7, 12.6)","10.4","( 8.0, 13.1)","31.6","(27.5, 36.2)","28.2","(24.4, 32.5)","14.4","(11.6, 17.5)","15.5","(12.5, 18.7)","40.7","(36.3, 45.4)","37.2","(33.0, 41.9)","80.9","(77.9, 83.7)","65.3","(60.5, 70.0)","7.2","( 6.5,  8.0)","6.3","( 5.7,  7.0)","10.1","( 8.9, 11.5)","10.2","( 8.9, 11.6)","84.1","(81.7, 86.3)","84.3","(82.0, 86.5)","6.7","( 5.8,  7.6)","5.7","( 4.9,  6.5)","77.5","(72.8, 81.7)","76.0","(71.2, 80.5)","86.7","(84.1, 89.3)","85.1","(82.1, 88.0)","72.9","(70.0, 75.6)","71.5","(68.5, 74.5)","7.6","( 6.3,  9.2)","6.8","( 5.6,  8.1)","43.5","(35.1, 52.0)","44.0","(35.5, 52.3)","41.7","(34.5, 48.6)","41.3","(34.1, 48.1)","16.8","(13.5, 20.9)","16.9","(13.6, 21.1)","63.2","(59.6, 66.4)","62.9","(59.1, 66.2)","22.2","(18.6, 26.5)","22.7","(19.0, 27.1)","12.3","(10.5, 14.4)","10.7","( 9.2, 12.5)","18.4","(15.6, 21.6)","17.3","(14.6, 20.4)","36.9","(32.3, 41.7)","32.1","(27.5, 36.9)","3.2","( 2.9,  3.6)","2.9","( 2.6,  3.2)","30.0","(25.2, 36.0)","29.1","(24.3, 35.1)","74.7","(70.9, 78.6)","74.8","(70.9, 78.5)","17.1","(14.9, 19.8)","18.0","(15.7, 20.7)","39.3","(32.1, 47.0)","38.9","(31.8, 46.3)","12.4","(10.7, 14.6)","11.7","(10.0, 13.6)","37.0","(35.4, 38.5)","37.5","(35.9, 39.1)","3.4","( 3.0,  3.9)","3.0","( 2.6,  3.4)","12.1","( 8.2, 16.6)","12.7","( 8.5, 17.5)","6.7","( 5.8,  7.7)","6","( 5.2,  6.9)","4.9","( 4.2,  5.7)","4.7","( 4.0,  5.4)","13.8","(11.9, 16.3)","14.3","(12.1, 16.8)","16.5","(14.0, 19.4)","14.7","(12.5, 17.2)","4","( 3.4,  4.7)","3.7","( 3.2,  4.2)","8.3","( 7.1,  9.8)","8.2","( 7.0,  9.6)","31.5","(27.1, 36.3)","30.2","(26.0, 34.9)","POINT (-86.6464395 32.5322367)"
"AL","Alabama","Bullock","01011","10,320","18.7","(15.3, 23.0)","19.2","(15.7, 23.6)","33.8","(29.4, 38.5)","30.0","(25.8, 34.4)","11.5","( 9.2, 14.2)","12.4","( 9.9, 15.3)","52.7","(47.9, 57.4)","48.9","(44.0, 53.7)","82.7","(80.2, 85.2)","70.3","(65.8, 74.9)","6.5","( 5.8,  7.2)","5.5","( 5.0,  6.1)","11.6","(10.1, 13.2)","11.6","(10.1, 13.3)","82.5","(80.2, 84.8)","82.9","(80.5, 85.1)","9.3","( 8.2, 10.4)","7.9","( 7.0,  8.8)","79.6","(75.0, 83.8)","78.2","(73.3, 82.6)","84.1","(81.0, 86.8)","82.1","(78.7, 85.2)","72.3","(69.7, 75.0)","69.7","(66.9, 72.7)","11.1","( 9.4, 12.8)","9.8","( 8.3, 11.2)","31.9","(25.8, 38.3)","32.8","(26.8, 38.9)","31.6","(26.0, 37.4)","31.8","(26.3, 37.5)","25.5","(21.2, 29.8)","25.7","(21.3, 30.0)","45.3","(41.7, 48.5)","45.0","(41.5, 48.3)","19.7","(16.0, 23.7)","20.2","(16.3, 24.2)","21.3","(18.7, 24.0)","18.7","(16.3, 21.2)","32.3","(28.2, 36.4)","30.7","(26.7, 34.7)","38.7","(33.9, 43.8)","33.4","(28.6, 38.5)","4.7","( 4.3,  5.1)","4.1","( 3.7,  4.5)","44.9","(38.8, 50.7)","43.6","(37.4, 49.5)","75.1","(71.7, 78.3)","75.1","(71.4, 78.5)","19.6","(16.9, 22.2)","20.5","(17.7, 23.3)","49.2","(40.4, 57.9)","48.9","(40.1, 57.5)","17.7","(15.4, 20.0)","16.6","(14.3, 18.8)","45.5","(44.0, 46.9)","46.0","(44.6, 47.4)","5.9","( 5.2,  6.6)","5.1","( 4.5,  5.7)","22.6","(17.6, 27.8)","24.3","(18.5, 30.2)","7.7","( 6.8,  8.7)","6.9","( 6.0,  7.7)","11","( 9.6, 12.6)","10.4","( 9.0, 11.8)","20","(17.2, 22.8)","20.6","(17.6, 23.5)","26.8","(23.6, 29.9)","23.9","(20.8, 26.8)","8.7","( 7.5,  9.9)","8","( 6.9,  9.0)","14.5","(12.5, 16.5)","14.1","(12.2, 16.1)","43.5","(38.4, 48.6)","41.9","(36.7, 47.1)","POINT (-85.7172613 32.1017589)"
"AL","Alabama","Chilton","01021","45,274","13.5","(10.8, 16.9)","14.1","(11.2, 17.6)","33.4","(29.0, 37.8)","29.0","(24.9, 33.1)","14.3","(11.6, 17.5)","15.8","(12.8, 19.2)","41.9","(37.3, 46.3)","37.5","(33.1, 41.7)","81.2","(78.3, 83.9)","64.4","(59.5, 69.3)","7.5","( 6.8,  8.3)","6.3","( 5.7,  7.0)","10.3","( 9.0, 11.7)","10.4","( 9.1, 11.8)","81.1","(78.8, 83.5)","81.6","(79.4, 83.9)","7.9","( 6.9,  9.1)","6.5","( 5.7,  7.4)","74.8","(69.7, 79.5)","72.7","(67.3, 77.7)","85.1","(82.3, 87.7)","83.0","(79.8, 85.9)","72.2","(69.3, 75.0)","70.2","(67.2, 73.2)","9.7","( 8.0, 11.4)","8.3","( 6.9,  9.8)","44.4","(35.7, 52.7)","44.8","(36.3, 52.8)","36.3","(29.1, 43.5)","36.1","(28.9, 43.3)","21.3","(17.2, 25.3)","21.7","(17.6, 25.8)","55.5","(51.8, 59.0)","55.0","(51.1, 58.6)","23.6","(19.5, 27.8)","24.3","(20.2, 28.7)","13.7","(11.6, 15.7)","11.5","( 9.8, 13.2)","22.1","(18.9, 25.5)","20.6","(17.6, 23.8)","39.8","(35.3, 44.5)","33.8","(29.2, 38.7)","3.5","( 3.2,  3.9)","3.0","( 2.7,  3.4)","35.4","(30.0, 41.1)","34.1","(28.8, 39.8)","69.4","(64.7, 74.1)","69.3","(64.3, 74.0)","18.7","(16.2, 21.3)","19.7","(17.1, 22.6)","42.6","(35.0, 50.1)","42.3","(34.7, 49.8)","14.6","(12.5, 16.8)","13.6","(11.6, 15.6)","40.1","(38.6, 41.5)","40.8","(39.2, 42.3)","3.9","( 3.4,  4.4)","3.3","( 2.9,  3.7)","15.9","(11.4, 20.8)","16.8","(12.0, 22.3)","8","( 7.0,  9.0)","7","( 6.1,  7.8)","6.1","( 5.2,  7.0)","5.7","( 4.9,  6.6)","16.6","(14.1, 19.2)","17.2","(14.6, 20.0)","19.9","(17.1, 22.8)","17.3","(14.8, 19.8)","4.9","( 4.2,  5.7)","4.4","( 3.8,  5.1)","10.1","( 8.7, 11.8)","9.9","( 8.4, 11.4)","37.3","(32.5, 42.0)","35.4","(30.6, 40.1)","POINT (-86.7266071 32.8540514)"
"AL","Alabama","Cleburne","01029","15,103","11.8","( 8.9, 15.1)","12.5","( 9.4, 16.0)","34.6","(29.9, 39.4)","28.7","(24.5, 33.2)","13.9","(11.2, 17.0)","15.9","(12.8, 19.5)","41.7","(37.0, 46.5)","35.7","(31.3, 40.4)","82.2","(79.2, 85.0)","63.4","(58.3, 68.5)","8.2","( 7.4,  9.1)","6.4","( 5.8,  7.1)","10.3","( 9.0, 11.8)","10.5","( 9.2, 12.0)","82.0","(79.2, 84.6)","82.4","(79.6, 85.1)","8.5","( 7.3,  9.7)","6.5","( 5.6,  7.4)","76.6","(71.6, 81.4)","73.7","(68.3, 79.0)","85.8","(82.8, 88.5)","82.8","(79.2, 86.2)","72.7","(69.4, 75.7)","70.5","(66.9, 73.8)","10.3","( 8.4, 12.3)","8.5","( 7.0, 10.2)","41.7","(32.3, 51.2)","41.9","(32.9, 51.3)","37.8","(29.9, 46.0)","37.7","(29.8, 46.0)","20.0","(15.9, 24.5)","20.7","(16.2, 25.5)","59.6","(55.4, 63.7)","59.0","(54.4, 63.1)","24.7","(20.5, 29.4)","26","(21.5, 30.9)","13.8","(11.7, 16.1)","11.0","( 9.3, 12.8)","21.8","(18.3, 25.6)","19.8","(16.4, 23.3)","40.6","(35.6, 45.9)","33.4","(28.6, 38.5)","3.7","( 3.3,  4.1)","3.0","( 2.7,  3.3)","34.1","(28.0, 40.1)","32.2","(26.5, 38.3)","70.9","(65.8, 75.7)","71.1","(65.7, 75.8)","18.3","(15.7, 21.0)","19.9","(17.1, 23.0)","36.4","(28.7, 44.8)","36.1","(28.4, 44.6)","15.0","(12.8, 17.5)","13.6","(11.5, 15.8)","35.9","(34.1, 37.6)","36.9","(35.0, 38.7)","4.0","( 3.5,  4.6)","3.2","( 2.8,  3.6)","14.9","( 9.9, 19.8)","15.6","(10.6, 21.3)","8.7","( 7.6,  9.9)","7.1","( 6.2,  8.1)","5.9","( 5.0,  7.0)","5.3","( 4.5,  6.2)","16.3","(13.6, 19.3)","17.1","(14.2, 20.4)","20.2","(17.2, 23.4)","16.6","(14.1, 19.4)","4.9","( 4.1,  5.7)","4.2","( 3.6,  5.0)","10.1","( 8.4, 11.9)","9.7","( 8.1, 11.4)","37.2","(32.1, 42.5)","34.5","(29.4, 39.8)","POINT (-85.5161261 33.6719637)"
"AL","Alabama","DeKalb","01049","71,813","15.9","(12.5, 20.1)","16.7","(13.2, 21.1)","34.8","(30.5, 39.3)","30.2","(26.1, 34.4)","13.6","(11.1, 16.5)","15.0","(12.2, 18.2)","41.2","(36.8, 45.9)","36.7","(32.4, 41.2)","81.7","(78.9, 84.4)","64.4","(59.5, 69.2)","7.6","( 6.9,  8.4)","6.3","( 5.7,  7.0)","10.7","( 9.4, 12.2)","10.8","( 9.4, 12.3)","79.4","(76.5, 82.0)","80.0","(77.3, 82.5)","8.7","( 7.5, 10.0)","7.1","( 6.2,  8.2)","74.1","(69.1, 78.8)","71.8","(66.6, 76.9)","83.9","(80.9, 86.9)","81.7","(78.2, 85.0)","70.3","(67.4, 73.3)","68.3","(65.1, 71.5)","11.0","( 9.2, 13.1)","9.5","( 7.9, 11.2)","39.6","(30.9, 49.3)","39.7","(31.2, 48.8)","37.1","(29.4, 45.6)","36.8","(29.1, 45.2)","21.7","(17.6, 26.0)","22.2","(17.9, 26.7)","53.5","(49.6, 57.2)","52.9","(49.1, 56.7)","25.1","(21.0, 29.5)","25.8","(21.6, 30.4)","14.8","(12.7, 17.2)","12.5","(10.7, 14.5)","24.7","(21.0, 28.7)","23.1","(19.6, 26.7)","40.8","(36.1, 45.7)","34.5","(29.9, 39.4)","3.8","( 3.4,  4.2)","3.2","( 2.9,  3.6)","36.2","(30.6, 42.0)","35.0","(29.3, 40.8)","69.5","(64.9, 74.0)","69.8","(64.8, 74.3)","19.5","(16.9, 22.2)","20.7","(17.9, 23.5)","41.2","(33.6, 49.0)","41.0","(33.6, 48.9)","16.3","(14.0, 18.7)","15.1","(13.0, 17.4)","36.2","(34.8, 37.5)","37.0","(35.4, 38.3)","4.2","( 3.6,  4.8)","3.5","( 3.1,  4.0)","17.8","(12.0, 24.3)","18.6","(12.6, 25.5)","9","( 7.9, 10.2)","7.8","( 6.8,  8.9)","7.2","( 6.1,  8.4)","6.7","( 5.8,  7.8)","18.3","(15.5, 21.1)","18.9","(16.0, 21.9)","21.9","(18.9, 25.1)","19","(16.3, 21.8)","5.8","( 4.9,  6.7)","5.2","( 4.5,  6.0)","11.4","( 9.7, 13.3)","11.1","( 9.4, 12.8)","39.5","(34.4, 44.8)","37.5","(32.5, 42.7)","POINT (-85.8040207 34.4609148)"
"AL","Alabama","Lowndes","01085","9,965","14.6","(11.6, 18.0)","15.5","(12.2, 19.3)","35.9","(30.9, 40.6)","29.6","(25.1, 33.9)","10.3","( 8.0, 12.6)","11.9","( 9.4, 14.6)","54.0","(49.0, 58.6)","47.7","(42.6, 52.4)","85.0","(82.2, 87.1)","70.6","(65.5, 75.1)","7.3","( 6.6,  8.1)","5.6","( 5.0,  6.2)","11.8","(10.3, 13.4)","12.0","(10.5, 13.6)","82.6","(80.3, 84.8)","83.4","(81.2, 85.5)","9.5","( 8.3, 10.6)","7.1","( 6.2,  8.0)","82.3","(77.9, 86.0)","80.0","(75.1, 84.1)","86.7","(83.9, 89.1)","83.9","(80.4, 86.8)","73.3","(70.7, 75.8)","71.0","(68.1, 73.8)","10.9","( 9.1, 12.6)","8.9","( 7.4, 10.3)","37.1","(30.9, 44.6)","37.8","(31.5, 45.0)","32.7","(27.2, 39.3)","33.0","(27.5, 39.4)","22.4","(18.0, 26.6)","23.3","(18.8, 27.7)","49.2","(45.7, 52.8)","48.4","(44.6, 52.1)","19.1","(15.3, 22.9)","20","(16.1, 24.0)","21.5","(18.6, 24.4)","17.3","(14.8, 19.7)","30.5","(26.4, 34.4)","27.8","(23.8, 31.7)","39.3","(34.2, 44.3)","32.0","(27.0, 36.8)","4.9","( 4.4,  5.4)","3.9","( 3.5,  4.3)","43.6","(36.7, 49.8)","41.6","(34.7, 47.6)","75.5","(72.2, 78.5)","75.3","(71.8, 78.4)","18.7","(16.1, 21.4)","20.4","(17.5, 23.3)","47.3","(38.4, 55.7)","47.4","(38.4, 55.6)","17.1","(14.7, 19.5)","15.4","(13.2, 17.6)","44.9","(43.4, 46.3)","46.3","(44.8, 47.8)","6.0","( 5.4,  6.7)","4.7","( 4.2,  5.2)","20.6","(16.1, 26.0)","22.1","(17.3, 27.8)","7.7","( 6.8,  8.6)","6.1","( 5.4,  6.8)","10.1","( 8.7, 11.5)","9.1","( 7.8, 10.4)","18.3","(15.5, 21.0)","19.2","(16.2, 22.3)","27","(23.5, 30.3)","22.3","(19.2, 25.1)","8.1","( 7.0,  9.2)","7","( 6.1,  7.9)","13.9","(11.9, 15.8)","13.3","(11.3, 15.2)","42.3","(37.1, 47.3)","39.2","(33.8, 44.3)","POINT (-86.6505859 32.147888)"
"AL","Alabama","Marion","01093","29,246","12.4","( 9.4, 15.9)","13.1","( 9.9, 16.9)","35.7","(30.7, 40.8)","29.4","(24.9, 33.9)","13.7","(10.9, 16.7)","15.9","(12.7, 19.3)","43.5","(38.5, 48.4)","37.0","(32.2, 41.7)","82.7","(79.7, 85.4)","64.2","(59.0, 69.0)","8.5","( 7.6,  9.5)","6.5","( 5.8,  7.2)","10.4","( 9.0, 11.9)","10.6","( 9.2, 12.2)","81.5","(78.7, 84.3)","81.8","(79.0, 84.5)","9.1","( 7.8, 10.5)","6.8","( 5.8,  7.8)","76.8","(71.7, 81.3)","73.7","(68.1, 78.7)","85.7","(82.7, 88.3)","82.5","(78.8, 85.8)","71.0","(67.7, 73.9)","68.8","(65.2, 72.1)","11.0","( 9.0, 13.2)","9.0","( 7.4, 10.8)","42.5","(33.1, 51.8)","42.7","(33.1, 51.8)","34.3","(26.8, 42.1)","34.5","(27.0, 42.1)","21.0","(16.7, 25.9)","22.0","(17.7, 26.9)","55.7","(51.7, 59.8)","54.9","(50.7, 59.3)","24.4","(19.9, 29.1)","25.8","(21.0, 30.7)","14.4","(12.2, 16.9)","11.4","( 9.6, 13.4)","23.3","(19.5, 27.3)","21","(17.6, 24.8)","41.7","(36.3, 46.9)","34.1","(28.9, 39.1)","3.9","( 3.5,  4.3)","3.1","( 2.7,  3.4)","35.4","(29.3, 41.9)","33.3","(27.3, 39.6)","67.9","(62.7, 72.7)","68.4","(63.0, 73.2)","18.5","(15.9, 21.3)","20.3","(17.4, 23.3)","39.2","(30.7, 47.6)","39.2","(30.8, 47.5)","15.7","(13.3, 18.3)","14.1","(11.9, 16.5)","35.9","(34.3, 37.6)","37.2","(35.4, 38.9)","4.3","( 3.8,  5.0)","3.3","( 2.9,  3.8)","15.4","(10.2, 20.9)","16.4","(11.1, 22.4)","9.3","( 8.1, 10.7)","7.4","( 6.4,  8.4)","6.4","( 5.4,  7.6)","5.7","( 4.8,  6.7)","16.8","(14.0, 19.8)","17.7","(14.8, 20.9)","21.5","(18.2, 25.1)","17.4","(14.7, 20.4)","5.3","( 4.5,  6.3)","4.6","( 3.8,  5.3)","10.7","( 9.0, 12.7)","10.2","( 8.6, 11.9)","38.9","(33.6, 44.5)","35.8","(30.4, 41.4)","POINT (-87.881551 34.1382194)"
"MI","Michigan","Alger","26003","8,821","8.5","( 6.5, 10.7)","9.1","( 7.0, 11.7)","34.5","(29.6, 39.4)","26.6","(22.5, 30.9)","15.2","(12.2, 18.4)","18.4","(14.9, 22.2)","39.9","(34.9, 44.7)","32.5","(27.9, 36.9)","80.9","(77.7, 83.7)","60.2","(54.9, 65.1)","9.0","( 8.1,  9.9)","6.4","( 5.7,  7.1)","10.5","( 9.2, 11.9)","10.7","( 9.4, 12.2)","82.4","(79.5, 85.2)","83.1","(80.5, 85.5)","8.9","( 7.6, 10.1)","6.1","( 5.3,  7.0)","77.0","(72.0, 81.4)","73.1","(67.4, 78.1)","86.2","(83.5, 88.6)","82.2","(78.9, 85.3)","77.3","(74.9, 79.8)","73.7","(70.9, 76.8)","9.8","( 8.0, 11.5)","7.5","( 6.2,  8.8)","47.1","(37.9, 56.5)","47.4","(38.2, 56.2)","38.2","(30.7, 46.1)","38.5","(30.9, 46.1)","19.5","(15.8, 23.6)","20.8","(16.8, 25.2)","66.5","(63.3, 69.8)","65.2","(61.9, 68.7)","22.5","(18.5, 26.8)","23.6","(19.5, 28.2)","12.8","(10.7, 14.9)","9.6","( 8.0, 11.2)","19.2","(16.2, 22.5)","17","(14.3, 20.0)","40.1","(34.9, 45.3)","31.2","(26.5, 36.1)","3.9","( 3.4,  4.3)","2.9","( 2.6,  3.2)","26.2","(21.3, 31.7)","24.2","(19.6, 29.3)","69.2","(64.7, 73.7)","69.1","(64.1, 73.7)","15.3","(13.2, 17.6)","17.2","(14.8, 19.6)","35.9","(27.6, 44.5)","36.3","(28.1, 44.7)","13.5","(11.5, 15.6)","11.8","(10.1, 13.7)","33.4","(31.8, 34.8)","35.4","(33.9, 36.9)","4.2","( 3.6,  4.7)","3.1","( 2.7,  3.5)","11.5","( 7.9, 15.6)","12.2","( 8.3, 16.6)","9.4","( 8.2, 10.6)","7","( 6.1,  7.9)","5.4","( 4.6,  6.3)","4.8","( 4.1,  5.5)","13","(11.1, 15.2)","14","(11.9, 16.4)","17","(14.3, 19.7)","13","(11.0, 15.1)","4.4","( 3.8,  5.1)","3.7","( 3.2,  4.3)","8.7","( 7.4, 10.1)","8.2","( 7.0,  9.5)","33","(28.2, 37.9)","29.4","(25.1, 34.1)","POINT (-86.6571192 46.5217365)"
"MI","Michigan","Arenac","26011","14,975","8.1","( 6.0, 10.3)","8.8","( 6.6, 11.4)","34.9","(30.1, 39.9)","25.9","(22.1, 30.0)","14.5","(11.8, 17.5)","18.3","(15.0, 22.0)","41.7","(37.0, 46.5)","32.2","(28.1, 36.5)","82.9","(79.9, 85.5)","60.0","(55.0, 64.9)","9.5","( 8.5, 10.5)","6.5","( 5.8,  7.2)","11.0","( 9.6, 12.5)","11.3","( 9.9, 12.9)","82.1","(79.1, 84.7)","82.6","(80.0, 85.0)","9.4","( 8.1, 10.9)","6.2","( 5.4,  7.1)","76.7","(71.8, 81.2)","71.8","(66.3, 77.1)","86.6","(84.0, 89.0)","81.6","(78.0, 84.9)","76.5","(73.7, 79.1)","72.9","(69.7, 76.1)","10.7","( 8.8, 12.9)","8.0","( 6.7,  9.6)","44.1","(35.0, 53.9)","44.6","(35.5, 53.7)","40.0","(32.3, 48.6)","39.8","(32.0, 47.9)","20.3","(16.4, 25.0)","21.8","(17.5, 26.7)","65.3","(61.9, 68.8)","64.1","(60.5, 68.0)","24","(19.9, 28.5)","26.1","(21.8, 30.8)","13.4","(11.4, 15.7)","9.4","( 8.0, 11.1)","20","(16.7, 23.8)","17","(14.3, 20.2)","42.0","(36.9, 47.4)","31.9","(27.2, 36.9)","4.1","( 3.6,  4.6)","2.9","( 2.6,  3.2)","26.8","(22.0, 32.3)","24.3","(19.8, 29.5)","69.3","(64.2, 73.8)","69.2","(63.4, 74.0)","15.8","(13.6, 18.2)","18.4","(15.9, 21.1)","38.0","(30.1, 46.6)","37.9","(30.0, 46.3)","14.4","(12.3, 16.8)","12.3","(10.6, 14.4)","33.4","(31.9, 34.9)","35.1","(33.4, 36.7)","4.4","( 3.8,  5.1)","3.1","( 2.7,  3.5)","12.4","( 8.6, 17.0)","13.1","( 9.1, 18.1)","10","( 8.7, 11.3)","7.1","( 6.2,  8.1)","5.6","( 4.7,  6.7)","4.8","( 4.1,  5.7)","13.4","(11.3, 15.9)","14.7","(12.4, 17.4)","18.2","(15.2, 21.5)","13.3","(11.3, 15.7)","4.7","( 4.0,  5.6)","3.8","( 3.2,  4.5)","9.2","( 7.8, 10.8)","8.6","( 7.4, 10.2)","34.2","(29.4, 39.5)","30","(25.5, 35.1)","POINT (-83.7406755 44.0368327)"
"MI","Michigan","Gratiot","26057","41,544","8.8","( 6.9, 11.2)","9.1","( 7.0, 11.6)","28.0","(24.1, 32.3)","25.4","(21.6, 29.4)","17.2","(14.1, 20.7)","18.4","(15.1, 22.1)","34.9","(30.7, 39.3)","32.4","(28.3, 36.7)","77.6","(74.3, 80.5)","60.3","(55.2, 65.1)","7.3","( 6.6,  8.1)","6.4","( 5.7,  7.1)","10.8","( 9.4, 12.2)","10.8","( 9.4, 12.2)","81.8","(79.3, 84.4)","82.8","(80.3, 85.2)","7.0","( 6.1,  8.0)","6.0","( 5.3,  6.9)","74.2","(68.9, 78.9)","72.7","(67.2, 77.6)","82.9","(79.9, 85.7)","82.0","(78.8, 84.9)","75.2","(72.1, 77.9)","73.5","(70.2, 76.4)","8.3","( 7.0,  9.9)","7.5","( 6.3,  8.8)","41.0","(32.8, 50.3)","41.4","(33.3, 50.7)","39.0","(31.8, 47.1)","39.7","(32.4, 47.8)","20.0","(16.2, 24.2)","20.9","(17.0, 25.4)","63.4","(60.2, 66.8)","62.8","(59.3, 66.3)","24.5","(20.3, 29.0)","24.8","(20.6, 29.4)","10.7","( 9.1, 12.6)","9.6","( 8.2, 11.3)","17.5","(14.9, 20.4)","16.7","(14.2, 19.5)","35.8","(31.1, 40.6)","31.1","(26.5, 35.8)","3.2","( 2.9,  3.6)","2.9","( 2.6,  3.2)","26.0","(21.2, 31.1)","25.3","(20.7, 30.4)","71.0","(66.4, 75.3)","70.8","(66.0, 75.3)","17.0","(14.7, 19.5)","17.6","(15.1, 20.1)","36.5","(29.0, 44.6)","37.1","(29.6, 45.1)","12.4","(10.7, 14.4)","11.8","(10.2, 13.7)","32.0","(30.4, 33.3)","33.0","(31.4, 34.4)","3.4","( 3.0,  3.9)","3.0","( 2.7,  3.4)","11.4","( 7.6, 15.6)","12.3","( 8.2, 16.8)","7.7","( 6.8,  8.8)","6.9","( 6.1,  7.8)","5","( 4.4,  5.9)","4.8","( 4.2,  5.6)","13.8","(11.7, 16.2)","14","(11.8, 16.4)","14.4","(12.3, 16.7)","12.9","(11.1, 15.1)","4","( 3.5,  4.6)","3.8","( 3.3,  4.4)","8.5","( 7.3,  9.9)","8.2","( 7.1,  9.6)","30.3","(26.1, 34.9)","28.8","(24.8, 33.5)","POINT (-84.60469 43.2923259)"
"MI","Michigan","Ionia","26067","67,197","8.2","( 6.5, 10.6)","8.5","( 6.6, 10.9)","28.4","(23.8, 33.2)","25.9","(21.6, 30.5)","17.9","(14.2, 22.0)","18.9","(14.9, 23.1)","33.6","(28.8, 38.6)","31.3","(26.7, 36.2)","77.1","(73.2, 80.7)","59.9","(54.2, 65.5)","7.1","( 6.2,  7.9)","6.4","( 5.7,  7.2)","10.6","( 9.3, 12.2)","10.6","( 9.2, 12.2)","82.1","(79.5, 84.6)","82.7","(80.1, 85.1)","6.4","( 5.4,  7.3)","5.7","( 4.8,  6.5)","74.8","(68.8, 80.0)","73.6","(67.4, 79.0)","84.0","(80.8, 86.9)","82.8","(79.4, 86.0)","74.9","(72.0, 77.6)","73.6","(70.5, 76.5)","7.8","( 6.4,  9.3)","7.0","( 5.8,  8.4)","43.4","(34.7, 52.4)","43.8","(35.7, 52.4)","36.6","(29.2, 44.1)","36.3","(29.3, 43.6)","19.2","(15.2, 24.1)","19.5","(15.3, 24.3)","66.3","(62.9, 69.8)","66.0","(62.6, 69.4)","23","(18.7, 28.0)","23.3","(18.9, 28.3)","9.9","( 8.1, 11.8)","8.9","( 7.3, 10.6)","16.1","(13.3, 19.3)","15.4","(12.9, 18.3)","35.3","(30.1, 40.6)","30.8","(25.8, 36.3)","3.0","( 2.7,  3.4)","2.8","( 2.5,  3.1)","24.3","(19.4, 29.9)","23.8","(19.0, 29.3)","70.9","(66.0, 75.4)","70.5","(65.3, 75.0)","16.5","(14.1, 19.3)","17.0","(14.4, 19.8)","36.4","(28.1, 45.4)","36.3","(27.9, 45.1)","11.7","( 9.8, 13.7)","11.1","( 9.4, 13.0)","34.6","(32.9, 36.1)","35.0","(33.3, 36.6)","3.1","( 2.7,  3.6)","2.9","( 2.5,  3.3)","10.8","( 7.2, 14.8)","11.3","( 7.6, 15.7)","7.1","( 6.1,  8.1)","6.7","( 5.8,  7.6)","4.4","( 3.8,  5.2)","4.3","( 3.6,  5.0)","12.9","(10.9, 15.4)","13.2","(11.1, 15.7)","13.1","(10.8, 15.5)","11.9","( 9.9, 14.1)","3.6","( 3.0,  4.2)","3.4","( 2.9,  3.9)","7.7","( 6.5,  9.1)","7.6","( 6.4,  9.0)","28.7","(24.0, 33.9)","27.8","(23.5, 32.9)","POINT (-85.073766 42.9446503)"
"MI","Michigan","Lapeer","26087","88,513","7.6","( 5.7,  9.6)","8.2","( 6.2, 10.4)","32.3","(27.9, 36.8)","26.5","(22.6, 30.5)","16.3","(13.3, 19.6)","18.6","(15.3, 22.4)","35.6","(31.3, 40.1)","29.9","(26.0, 34.1)","80.2","(76.6, 83.1)","59.3","(54.3, 64.2)","8.2","( 7.4,  9.2)","6.5","( 5.8,  7.2)","10.7","( 9.4, 12.2)","10.8","( 9.5, 12.3)","83.1","(80.5, 85.5)","83.7","(81.4, 86.0)","7.2","( 6.2,  8.3)","5.6","( 4.8,  6.4)","76.8","(71.9, 81.2)","73.9","(68.6, 78.7)","86.3","(83.5, 88.6)","83.2","(79.8, 86.0)","77.0","(74.2, 79.7)","75.4","(72.4, 78.2)","8.5","( 7.0, 10.1)","6.9","( 5.8,  8.2)","43.4","(34.5, 52.1)","43.8","(35.2, 52.5)","37.6","(30.0, 45.2)","37.1","(29.7, 44.6)","18.0","(14.4, 21.9)","18.5","(14.9, 22.8)","69.9","(66.5, 73.3)","69.2","(65.7, 72.8)","23","(19.1, 27.4)","24.1","(19.9, 28.5)","11.2","( 9.5, 13.1)","8.8","( 7.4, 10.3)","16.9","(14.1, 19.9)","15.2","(12.8, 17.9)","37.9","(33.1, 42.8)","30.7","(26.2, 35.5)","3.4","( 3.0,  3.8)","2.7","( 2.5,  3.1)","24.0","(19.5, 28.8)","22.6","(18.4, 27.3)","70.0","(65.2, 74.5)","69.6","(64.6, 74.3)","15.8","(13.5, 18.0)","17.1","(14.7, 19.7)","37.4","(30.2, 45.1)","36.9","(29.7, 44.6)","12.2","(10.5, 14.1)","11.0","( 9.4, 12.7)","33.5","(31.7, 35.2)","34.4","(32.6, 36.1)","3.5","( 3.0,  4.0)","2.8","( 2.5,  3.2)","10.3","( 6.9, 14.7)","10.7","( 7.2, 15.5)","7.8","( 6.9,  8.8)","6.5","( 5.7,  7.3)","4.5","( 3.9,  5.4)","4.1","( 3.5,  4.8)","12.4","(10.5, 14.5)","13.1","(11.1, 15.4)","14.4","(12.1, 16.8)","11.7","(10.0, 13.7)","3.8","( 3.2,  4.5)","3.2","( 2.8,  3.8)","7.8","( 6.6,  9.1)","7.5","( 6.3,  8.7)","29.3","(24.9, 33.7)","27.1","(22.9, 31.4)","POINT (-83.2243247 43.0886327)"
"MI","Michigan","Wayne","26163","1,774,816","9.2","( 7.4, 11.5)","9.5","( 7.6, 11.9)","29.1","(26.9, 31.6)","26.2","(24.1, 28.5)","15.2","(13.3, 17.3)","16.2","(14.2, 18.4)","39.5","(37.0, 42.1)","36.4","(33.9, 39.0)","77.9","(75.4, 80.3)","61.5","(57.8, 65.2)","6.9","( 6.3,  7.6)","6.1","( 5.5,  6.6)","12.2","(11.0, 13.5)","12.2","(11.1, 13.5)","84.9","(83.3, 86.5)","85.4","(83.8, 87.0)","7.0","( 6.2,  7.9)","6.1","( 5.4,  6.8)","78.5","(75.9, 81.1)","77.3","(74.5, 79.9)","86.5","(84.5, 88.5)","85.3","(83.1, 87.5)","74.0","(72.0, 75.8)","72.4","(70.2, 74.4)","8.8","( 7.5, 10.1)","7.9","( 6.7,  9.1)","42.4","(37.1, 48.3)","43.0","(37.6, 48.7)","34.5","(30.2, 39.2)","34.7","(30.4, 39.3)","21.7","(18.6, 25.0)","22.1","(18.9, 25.6)","62.4","(59.5, 65.3)","62.2","(59.0, 65.2)","22","(19.8, 24.4)","22.4","(20.1, 24.8)","13.3","(11.9, 14.9)","11.7","(10.5, 13.1)","21","(18.6, 23.7)","20","(17.6, 22.6)","36.0","(33.6, 38.7)","31.5","(28.9, 34.3)","3.8","( 3.4,  4.1)","3.4","( 3.1,  3.7)","28.3","(25.1, 31.5)","27.5","(24.4, 30.7)","73.6","(70.7, 76.3)","73.4","(70.3, 76.0)","17.1","(15.3, 19.0)","17.8","(15.9, 19.8)","36.9","(33.6, 40.4)","36.8","(33.4, 40.4)","13.3","(11.8, 14.9)","12.6","(11.1, 14.2)","38.3","(37.1, 39.3)","38.9","(37.7, 40.0)","4.1","( 3.7,  4.6)","3.7","( 3.3,  4.1)","12.7","( 9.2, 16.9)","13.6","( 9.8, 18.0)","6.6","( 5.8,  7.4)","5.9","( 5.3,  6.6)","6.4","( 5.6,  7.2)","6","( 5.3,  6.9)","14","(12.2, 16.0)","14.3","(12.5, 16.4)","17.1","(15.1, 19.1)","15.4","(13.6, 17.2)","5.1","( 4.5,  5.8)","4.7","( 4.2,  5.4)","10","( 8.7, 11.3)","9.8","( 8.5, 11.2)","31.9","(28.9, 35.0)","30.6","(27.6, 33.8)","POINT (-83.2619533 42.2846636)"
"WI","Wisconsin","Buffalo","55011","13,302","6.9","( 5.2,  9.0)","7.5","( 5.6,  9.9)","32.0","(27.1, 36.6)","24.9","(20.8, 28.9)","20.7","(17.1, 24.4)","24.6","(20.4, 28.9)","35.3","(30.5, 39.8)","28.1","(24.0, 32.1)","80.4","(76.7, 83.5)","57.4","(51.8, 62.5)","8.9","( 7.9,  9.8)","6.4","( 5.8,  7.2)","10.1","( 8.7, 11.4)","10.4","( 8.9, 11.7)","82.8","(80.0, 85.4)","83.3","(80.6, 85.9)","7.4","( 6.3,  8.7)","5.2","( 4.5,  6.0)","75.0","(69.4, 79.5)","70.9","(64.6, 76.0)","82.6","(79.5, 85.4)","77.8","(73.8, 81.3)","63.9","(60.2, 67.4)","60.7","(56.8, 64.5)","7.2","( 5.8,  8.8)","5.6","( 4.6,  6.7)","38.9","(30.4, 48.7)","39.4","(30.8, 48.1)","34.2","(26.9, 42.0)","34.7","(27.3, 42.5)","15.5","(12.1, 19.0)","16.3","(12.7, 20.0)","67.4","(63.9, 71.0)","66.6","(62.9, 70.4)","21.3","(17.3, 25.2)","22.9","(18.7, 27.0)","10.4","( 8.6, 12.3)","7.7","( 6.4,  9.1)","14.9","(12.2, 17.9)","12.9","(10.6, 15.4)","40.2","(34.9, 45.3)","31.2","(26.2, 36.1)","3.5","( 3.1,  3.9)","2.6","( 2.3,  2.9)","22.4","(17.7, 27.5)","20.6","(16.3, 25.0)","73.8","(69.0, 78.2)","73.7","(68.8, 78.4)","13.2","(11.2, 15.1)","14.9","(12.5, 17.1)","37.1","(28.8, 45.3)","37.1","(28.9, 45.1)","11.4","( 9.6, 13.4)","10.0","( 8.4, 11.6)","30.0","(28.2, 31.6)","31.3","(29.3, 33.0)","3.5","( 3.0,  4.1)","2.6","( 2.3,  3.0)","10.2","( 6.6, 14.5)","11.0","( 7.1, 15.7)","8.1","( 7.0,  9.3)","6.1","( 5.3,  6.9)","4.1","( 3.4,  4.9)","3.6","( 3.0,  4.2)","11.1","( 9.1, 13.0)","11.9","( 9.7, 14.0)","13","(10.6, 15.5)","9.9","( 8.1, 11.7)","3.6","( 3.0,  4.3)","3","( 2.5,  3.5)","6.8","( 5.6,  7.9)","6.4","( 5.3,  7.4)","26","(21.6, 30.3)","23","(19.0, 27.0)","POINT (-91.761294 44.3856333)"
"WI","Wisconsin","Clark","55019","34,746","9.4","( 7.0, 11.9)","10.0","( 7.4, 12.6)","31.0","(26.9, 35.6)","26.2","(22.5, 30.5)","21.3","(17.7, 25.2)","23.8","(19.8, 28.1)","33.9","(29.7, 38.3)","29.1","(25.3, 33.1)","79.3","(75.9, 82.4)","58.5","(53.5, 63.6)","8.0","( 7.2,  8.9)","6.4","( 5.8,  7.2)","10.8","( 9.4, 12.4)","11.0","( 9.5, 12.5)","80.4","(77.6, 83.4)","81.5","(78.9, 84.4)","7.5","( 6.5,  8.6)","5.9","( 5.1,  6.7)","72.6","(67.3, 77.5)","69.8","(64.1, 75.3)","77.5","(73.7, 81.0)","74.3","(69.9, 78.2)","61.1","(57.2, 64.9)","58.7","(54.9, 62.5)","8.3","( 6.8, 10.0)","7.0","( 5.8,  8.4)","34.5","(25.8, 44.1)","35.1","(26.5, 44.4)","30.6","(23.6, 38.5)","31.4","(24.2, 39.2)","18.7","(15.0, 22.7)","19.6","(15.6, 23.7)","62.9","(59.0, 66.8)","62.1","(57.9, 66.6)","21.9","(18.0, 26.0)","22.8","(18.8, 27.1)","11.0","( 9.3, 12.9)","9.0","( 7.6, 10.6)","18","(14.8, 21.5)","16.4","(13.7, 19.4)","38.9","(34.1, 44.0)","31.4","(26.9, 36.2)","3.5","( 3.1,  3.9)","2.9","( 2.6,  3.2)","26.0","(21.1, 31.3)","24.8","(19.9, 29.7)","72.4","(67.4, 77.0)","71.7","(66.9, 76.5)","15.2","(13.0, 17.6)","16.4","(14.0, 18.9)","36.9","(29.7, 44.6)","37.1","(29.9, 44.8)","13.0","(11.0, 15.1)","11.9","(10.1, 13.8)","31.3","(29.8, 32.8)","32.3","(30.7, 33.9)","3.7","( 3.2,  4.3)","3.0","( 2.6,  3.4)","13.0","( 9.0, 17.8)","13.9","( 9.6, 19.4)","8.2","( 7.2,  9.3)","6.8","( 6.0,  7.8)","5.2","( 4.4,  6.1)","4.8","( 4.0,  5.6)","13.8","(11.5, 16.3)","14.4","(11.9, 17.0)","14.6","(12.2, 17.2)","12.2","(10.2, 14.3)","4.5","( 3.8,  5.3)","3.9","( 3.4,  4.6)","8.4","( 7.0, 10.0)","8","( 6.7,  9.5)","28.7","(24.2, 33.3)","26.5","(22.0, 30.8)","POINT (-90.6099532 44.7393462)"
"WI","Wisconsin","Iowa","55049","23,756","5.9","( 4.4,  7.8)","6.4","( 4.7,  8.5)","30.2","(25.8, 34.9)","24.3","(20.6, 28.3)","21.8","(18.0, 25.9)","25.1","(20.8, 29.6)","33.4","(29.2, 38.0)","27.4","(23.7, 31.5)","79.7","(76.1, 82.7)","57.7","(52.6, 62.5)","8.4","( 7.6,  9.4)","6.5","( 5.8,  7.2)","10.0","( 8.8, 11.4)","10.2","( 8.9, 11.6)","83.6","(80.9, 86.1)","83.8","(81.3, 86.2)","6.5","( 5.6,  7.5)","4.9","( 4.3,  5.6)","74.7","(69.6, 79.3)","71.3","(65.7, 76.4)","83.3","(80.2, 86.0)","79.1","(75.4, 82.5)","63.6","(60.0, 67.3)","60.9","(57.1, 64.7)","6.3","( 5.1,  7.6)","5.1","( 4.2,  6.1)","41.3","(32.3, 50.5)","42.0","(33.0, 50.7)","35.1","(27.7, 42.5)","35.0","(27.6, 42.1)","14.5","(11.2, 18.1)","14.9","(11.6, 18.7)","70.9","(67.3, 73.9)","70.2","(66.2, 73.4)","21.1","(17.4, 25.3)","22.3","(18.5, 26.6)","9.5","( 8.0, 11.2)","7.3","( 6.1,  8.6)","13.2","(11.0, 15.8)","11.7","( 9.8, 13.9)","37.7","(32.8, 42.8)","29.8","(25.4, 34.7)","3.2","( 2.9,  3.5)","2.5","( 2.3,  2.8)","19.9","(15.9, 24.5)","18.5","(14.7, 22.9)","73.4","(69.2, 77.7)","73.2","(69.0, 77.8)","13.0","(11.2, 15.1)","14.4","(12.4, 16.8)","34.1","(26.9, 42.5)","33.7","(26.5, 41.9)","10.4","( 8.8, 12.1)","9.2","( 7.8, 10.8)","29.1","(27.4, 30.8)","30.0","(28.1, 31.7)","3.1","( 2.7,  3.6)","2.5","( 2.2,  2.8)","8.6","( 5.4, 12.3)","9.0","( 5.8, 13.1)","7.1","( 6.2,  8.1)","5.7","( 5.0,  6.5)","3.6","( 3.1,  4.2)","3.2","( 2.8,  3.8)","10.3","( 8.6, 12.2)","11","( 9.2, 13.1)","11.4","( 9.4, 13.4)","9","( 7.5, 10.7)","3.2","( 2.7,  3.7)","2.7","( 2.3,  3.2)","6","( 5.1,  7.2)","5.8","( 4.9,  6.9)","23.1","(19.3, 27.2)","21","(17.5, 24.8)","POINT (-90.1336915 43.0010208)"
"WI","Wisconsin","Rusk","55107","14,123","7.7","( 5.8, 10.0)","8.5","( 6.3, 11.1)","35.8","(31.1, 40.7)","26.8","(22.7, 30.8)","18.9","(15.5, 22.5)","23.6","(19.5, 27.9)","38.5","(34.0, 43.2)","29.5","(25.5, 33.5)","82.0","(78.7, 85.0)","58.3","(53.1, 63.3)","9.4","( 8.4, 10.4)","6.4","( 5.8,  7.1)","10.5","( 9.2, 12.0)","10.8","( 9.5, 12.3)","80.5","(77.4, 83.4)","81.2","(78.4, 83.8)","8.7","( 7.5, 10.0)","5.7","( 5.0,  6.5)","75.9","(70.8, 80.4)","70.8","(65.1, 76.1)","82.6","(79.7, 85.5)","76.4","(72.7, 80.2)","62.0","(58.2, 65.3)","58.2","(54.3, 61.8)","8.7","( 7.1, 10.4)","6.5","( 5.4,  7.7)","38.1","(29.1, 47.5)","38.6","(29.6, 48.0)","33.6","(25.9, 41.7)","34.0","(26.3, 42.2)","17.4","(13.9, 20.9)","18.7","(15.1, 22.7)","63.5","(59.6, 67.5)","62.3","(58.2, 66.3)","21.5","(17.8, 25.6)","23.5","(19.5, 27.9)","12.4","(10.4, 14.4)","8.7","( 7.4, 10.2)","17.6","(14.5, 20.9)","15","(12.5, 17.8)","42.1","(37.0, 47.3)","31.6","(26.9, 36.5)","3.9","( 3.5,  4.4)","2.8","( 2.5,  3.1)","25.4","(20.5, 30.4)","23.0","(18.6, 27.8)","71.3","(66.4, 75.8)","71.1","(65.8, 75.8)","13.8","(11.9, 15.8)","16.0","(13.7, 18.4)","38.1","(30.1, 46.4)","38.0","(29.8, 46.2)","13.0","(11.0, 15.0)","11.1","( 9.5, 12.9)","30.0","(28.3, 31.5)","31.6","(29.7, 33.3)","4.1","( 3.6,  4.8)","2.9","( 2.5,  3.3)","12.1","( 7.9, 16.9)","13.0","( 8.4, 18.1)","9.2","( 8.0, 10.4)","6.6","( 5.8,  7.5)","5.1","( 4.3,  6.1)","4.3","( 3.7,  5.1)","12.3","(10.3, 14.5)","13.4","(11.2, 16.0)","15.7","(13.1, 18.4)","11.5","( 9.7, 13.4)","4.5","( 3.8,  5.3)","3.6","( 3.1,  4.2)","8","( 6.7,  9.5)","7.5","( 6.3,  8.8)","29.8","(25.5, 34.5)","25.9","(21.9, 30.4)","POINT (-91.1367448 45.472734)"
"MI","Michigan","Oceana","26127","26,815","10.0","( 7.9, 12.4)","10.9","( 8.4, 13.5)","32.3","(27.9, 36.8)","25.8","(22.0, 29.8)","15.1","(12.3, 18.2)","17.7","(14.4, 21.3)","38.1","(33.6, 42.8)","31.4","(27.4, 35.6)","81.2","(77.9, 83.9)","59.9","(54.7, 64.7)","8.4","( 7.5,  9.3)","6.3","( 5.6,  7.0)","10.8","( 9.5, 12.2)","11.0","( 9.7, 12.5)","81.9","(79.3, 84.4)","82.6","(80.3, 84.6)","8.4","( 7.2,  9.6)","6.1","( 5.3,  7.0)","76.2","(71.0, 80.5)","72.8","(67.2, 77.6)","85.6","(82.7, 88.0)","82.2","(78.6, 85.2)","75.6","(72.9, 78.1)","72.7","(69.6, 75.7)","9.6","( 7.8, 11.5)","7.6","( 6.2,  9.1)","42.0","(32.7, 51.4)","42.3","(33.1, 51.9)","41.1","(32.8, 49.7)","40.8","(32.6, 49.4)","18.8","(15.0, 23.2)","19.6","(15.4, 24.0)","65.4","(61.9, 68.8)","64.5","(61.1, 68.3)","23.1","(19.1, 27.3)","24.3","(20.2, 28.6)","12.6","(10.7, 14.8)","9.8","( 8.3, 11.4)","19.4","(16.0, 22.9)","17.4","(14.4, 20.6)","39.6","(34.7, 44.5)","31.6","(27.0, 36.3)","3.8","( 3.4,  4.2)","2.9","( 2.7,  3.3)","27.0","(21.9, 32.2)","25.4","(20.7, 30.6)","71.2","(66.4, 75.7)","71.1","(66.2, 75.9)","15.9","(13.7, 18.3)","17.5","(15.0, 20.2)","36.0","(28.4, 43.9)","36.1","(28.4, 44.1)","13.5","(11.5, 15.6)","12.0","(10.2, 14.0)","33.6","(32.0, 35.2)","34.9","(33.2, 36.4)","4.0","( 3.4,  4.5)","3.0","( 2.7,  3.4)","12.3","( 8.0, 16.8)","12.9","( 8.4, 18.0)","9","( 7.8, 10.2)","7.1","( 6.2,  8.0)","5.7","( 4.8,  6.6)","5.1","( 4.3,  6.0)","13.6","(11.3, 16.0)","14.4","(11.9, 17.0)","16.7","(13.9, 19.5)","13.2","(11.1, 15.5)","4.6","( 3.8,  5.4)","3.9","( 3.3,  4.6)","8.9","( 7.4, 10.5)","8.5","( 7.1, 10.0)","32.5","(27.7, 37.3)","29.6","(25.2, 34.1)","POINT (-86.467177 43.6039542)"
"MI","Michigan","Montcalm","26117","67,220","8.6","( 6.5, 11.1)","9.0","( 6.8, 11.7)","30.2","(26.2, 34.4)","25.7","(22.1, 29.6)","16.8","(13.7, 20.1)","18.6","(15.3, 22.2)","35.8","(31.5, 39.9)","31.3","(27.3, 35.2)","79.2","(75.8, 82.3)","59.9","(54.8, 65.1)","7.9","( 7.1,  8.7)","6.5","( 5.8,  7.2)","10.9","( 9.5, 12.3)","11.0","( 9.6, 12.4)","82.5","(79.9, 85.0)","82.9","(80.5, 85.4)","7.5","( 6.4,  8.5)","6.0","( 5.2,  6.9)","75.2","(70.4, 79.6)","73.0","(67.9, 77.7)","85.0","(82.0, 87.7)","82.6","(79.2, 85.7)","75.7","(72.8, 78.4)","73.8","(70.5, 76.7)","9.1","( 7.5, 10.8)","7.7","( 6.4,  9.1)","41.8","(33.5, 50.1)","42.3","(34.5, 50.7)","36.4","(29.3, 43.5)","36.3","(29.4, 43.5)","19.7","(15.9, 23.6)","20.2","(16.2, 24.3)","62.7","(59.0, 66.2)","62.1","(58.3, 65.9)","24.6","(20.6, 28.9)","25.5","(21.3, 29.6)","11.2","( 9.4, 13.0)","9.3","( 7.8, 10.8)","18.2","(15.2, 21.2)","16.8","(14.2, 19.6)","39.4","(34.8, 44.2)","33.1","(28.7, 37.8)","3.4","( 3.0,  3.8)","2.9","( 2.6,  3.2)","25.9","(21.2, 31.0)","24.7","(20.2, 29.7)","68.0","(63.0, 72.6)","67.7","(62.4, 72.5)","16.7","(14.4, 19.2)","17.8","(15.4, 20.5)","37.2","(30.4, 44.3)","37.0","(30.4, 44.1)","13.1","(11.2, 15.2)","12.0","(10.3, 13.9)","35.1","(33.5, 36.6)","35.9","(34.2, 37.5)","3.6","( 3.2,  4.1)","3.0","( 2.7,  3.4)","11.6","( 7.8, 15.8)","12.3","( 8.3, 16.8)","8.2","( 7.1,  9.2)","7","( 6.1,  7.8)","5.1","( 4.3,  6.0)","4.7","( 4.0,  5.5)","13.6","(11.5, 15.9)","14.2","(11.9, 16.6)","15.5","(12.9, 18.0)","13.1","(11.1, 15.3)","4.2","( 3.6,  4.9)","3.7","( 3.2,  4.3)","8.7","( 7.4, 10.2)","8.4","( 7.2,  9.8)","31.7","(27.1, 36.4)","29.8","(25.4, 34.4)","POINT (-85.1494679 43.3127822)"
"WI","Wisconsin","Price","55099","14,050","7.0","( 5.2,  9.0)","7.9","( 6.0, 10.2)","36.4","(31.5, 41.2)","26.1","(22.2, 30.0)","18.8","(15.5, 22.2)","24.3","(20.2, 28.5)","39.1","(34.3, 43.7)","28.9","(25.0, 32.8)","82.5","(79.1, 85.3)","57.7","(52.6, 62.6)","9.8","( 8.7, 10.8)","6.4","( 5.7,  7.1)","10.2","( 8.9, 11.6)","10.6","( 9.2, 12.0)","81.5","(78.4, 84.3)","82.1","(79.4, 84.6)","8.8","( 7.6, 10.1)","5.6","( 4.8,  6.4)","77.6","(73.1, 81.7)","72.0","(66.8, 76.8)","83.7","(80.7, 86.3)","76.5","(72.4, 80.1)","62.9","(59.4, 66.3)","59.0","(55.3, 62.5)","8.6","( 7.0, 10.4)","6.1","( 5.1,  7.3)","35.4","(27.5, 43.5)","36.0","(28.4, 44.0)","34.4","(27.3, 41.5)","34.8","(27.9, 41.9)","16.6","(13.0, 20.4)","18.0","(14.2, 22.0)","68.3","(64.7, 71.6)","67.0","(63.5, 70.7)","20","(16.5, 23.9)","22.2","(18.4, 26.3)","12.5","(10.5, 14.6)","8.4","( 7.1,  9.9)","17.1","(14.0, 20.3)","14.2","(11.8, 16.9)","42.2","(37.2, 47.0)","30.8","(26.4, 35.2)","4.0","( 3.6,  4.5)","2.8","( 2.5,  3.1)","23.7","(19.0, 28.9)","21.1","(16.9, 25.8)","73.3","(68.8, 77.4)","73.0","(68.3, 77.2)","12.8","(10.9, 14.9)","15.3","(13.1, 17.5)","35.1","(28.0, 42.5)","35.0","(27.9, 42.2)","12.8","(10.9, 15.0)","10.7","( 9.1, 12.5)","31.9","(30.2, 33.5)","33.8","(32.1, 35.5)","4.2","( 3.6,  4.8)","2.8","( 2.5,  3.2)","10.7","( 7.0, 15.1)","11.4","( 7.6, 15.9)","9.5","( 8.3, 10.8)","6.6","( 5.8,  7.5)","5","( 4.2,  5.9)","4.1","( 3.5,  4.8)","11.5","( 9.7, 13.7)","12.8","(10.7, 14.9)","15.7","(13.0, 18.6)","10.9","( 9.2, 12.9)","4.4","( 3.7,  5.2)","3.5","( 3.0,  4.0)","7.7","( 6.4,  9.1)","7.1","( 6.0,  8.4)","29","(24.6, 33.7)","24.6","(20.8, 28.6)","POINT (-90.3596497 45.6790725)"
"WI","Wisconsin","Taylor","55119","19,923","7.5","( 5.4,  9.7)","8.2","( 5.8, 10.7)","34.3","(29.9, 38.7)","27.2","(23.4, 31.1)","21.6","(18.1, 25.4)","25.3","(21.3, 29.6)","35.7","(31.5, 40.0)","28.9","(25.2, 32.7)","79.1","(75.5, 82.4)","56.4","(51.5, 61.5)","8.5","( 7.7,  9.4)","6.4","( 5.7,  7.0)","10.4","( 9.1, 11.9)","10.7","( 9.3, 12.2)","81.9","(79.1, 84.7)","82.2","(79.5, 84.8)","7.6","( 6.5,  8.7)","5.5","( 4.7,  6.3)","75.6","(70.8, 79.9)","71.9","(66.6, 76.6)","82.4","(79.3, 85.4)","77.7","(73.7, 81.4)","61.1","(57.2, 64.7)","58.6","(54.8, 62.3)","7.7","( 6.2,  9.3)","6.1","( 5.0,  7.3)","37.9","(29.6, 46.9)","38.6","(30.4, 47.5)","32.1","(25.2, 39.8)","33.0","(26.2, 40.6)","16.6","(13.3, 20.2)","17.3","(13.8, 21.1)","66.3","(62.7, 69.9)","65.5","(61.6, 69.6)","22.6","(18.8, 26.7)","24.1","(20.2, 28.5)","11.0","( 9.2, 12.9)","8.3","( 7.0,  9.8)","16.4","(13.4, 19.5)","14.4","(11.9, 17.2)","39.9","(35.3, 44.6)","31.2","(27.0, 35.8)","3.5","( 3.1,  3.9)","2.7","( 2.4,  3.0)","24.2","(19.6, 28.8)","22.4","(18.2, 27.1)","73.7","(68.7, 78.6)","73.1","(68.2, 78.0)","14.2","(12.2, 16.3)","15.8","(13.6, 18.2)","39.8","(32.7, 46.9)","39.5","(32.6, 46.9)","12.2","(10.3, 14.2)","10.7","( 9.1, 12.4)","31.3","(29.6, 32.8)","32.4","(30.6, 34.0)","3.7","( 3.2,  4.3)","2.8","( 2.4,  3.2)","11.3","( 7.5, 15.9)","12.3","( 8.3, 17.1)","8.2","( 7.1,  9.3)","6.3","( 5.5,  7.2)","4.5","( 3.8,  5.3)","4","( 3.3,  4.6)","12.1","(10.1, 14.3)","12.9","(10.8, 15.3)","14.4","(11.9, 17.1)","11.2","( 9.2, 13.2)","4","( 3.3,  4.7)","3.3","( 2.8,  3.9)","7.5","( 6.2,  8.8)","7.1","( 5.9,  8.3)","28.5","(24.0, 33.3)","25.6","(21.4, 29.8)","POINT (-90.5048529 45.2116558)"
"MI","Michigan","Jackson","26075","160,050","7.7","( 6.0,  9.8)","8.1","( 6.3, 10.3)","30.6","(26.9, 34.4)","26.2","(23.0, 29.6)","15.7","(13.0, 18.5)","17.4","(14.4, 20.5)","36.7","(32.9, 40.6)","32.3","(28.8, 35.9)","79.2","(76.0, 82.0)","60.3","(55.6, 64.8)","7.9","( 7.1,  8.7)","6.5","( 5.8,  7.1)","10.9","( 9.6, 12.3)","11.0","( 9.7, 12.4)","84.1","(81.8, 86.3)","84.7","(82.7, 86.9)","7.2","( 6.2,  8.1)","5.8","( 5.0,  6.6)","74.6","(70.3, 78.5)","72.3","(67.7, 76.5)","84.9","(82.0, 87.6)","82.8","(79.4, 85.8)","79.4","(76.9, 81.6)","77.6","(74.8, 80.3)","8.2","( 6.7,  9.7)","6.9","( 5.8,  8.2)","46.7","(39.3, 54.3)","47.3","(40.1, 54.8)","40.2","(33.8, 47.0)","40.3","(33.9, 46.9)","19.1","(15.5, 22.8)","19.7","(16.0, 23.6)","66.5","(63.1, 69.9)","66.0","(62.5, 69.5)","24","(20.5, 27.9)","24.8","(21.3, 28.8)","11.4","( 9.7, 13.2)","9.5","( 8.1, 11.0)","17","(14.3, 19.7)","15.7","(13.3, 18.2)","36.1","(32.3, 40.3)","30.1","(26.3, 34.1)","3.3","( 3.0,  3.7)","2.8","( 2.5,  3.1)","23.7","(19.5, 27.9)","22.6","(18.6, 26.9)","73.1","(69.1, 76.9)","72.9","(68.7, 76.8)","16.8","(14.6, 19.1)","17.8","(15.6, 20.4)","35.8","(30.2, 41.7)","35.8","(30.3, 41.6)","12.3","(10.5, 14.1)","11.3","( 9.7, 13.0)","34.6","(33.2, 36.0)","35.6","(34.0, 37.0)","3.5","( 3.0,  3.9)","2.9","( 2.5,  3.3)","10.4","( 7.0, 14.5)","11.0","( 7.5, 15.3)","7.7","( 6.7,  8.6)","6.5","( 5.7,  7.4)","4.8","( 4.0,  5.5)","4.4","( 3.8,  5.1)","12.6","(10.7, 14.7)","13.1","(11.1, 15.2)","14.5","(12.3, 16.8)","12.3","(10.4, 14.2)","3.9","( 3.3,  4.5)","3.5","( 3.0,  4.0)","7.9","( 6.7,  9.2)","7.7","( 6.6,  8.9)","29.8","(25.8, 34.2)","27.9","(24.1, 32.0)","POINT (-84.4208679 42.2484738)"
"MI","Michigan","St. Clair","26147","160,053","7.4","( 5.6,  9.6)","7.9","( 5.9, 10.3)","30.6","(26.4, 34.6)","25.1","(21.4, 28.6)","16.7","(13.7, 19.9)","19.1","(15.7, 22.6)","37.6","(33.1, 41.8)","31.8","(27.7, 35.5)","80.1","(76.7, 82.9)","59.6","(54.5, 64.2)","8.3","( 7.4,  9.2)","6.5","( 5.8,  7.2)","11.0","( 9.6, 12.5)","11.2","( 9.8, 12.7)","82.6","(80.0, 85.2)","83.2","(80.8, 85.4)","7.5","( 6.5,  8.6)","5.7","( 5.0,  6.5)","75.7","(71.1, 79.8)","72.7","(67.6, 77.2)","86.1","(83.3, 88.4)","83.1","(79.7, 86.0)","76.7","(73.6, 79.5)","74.9","(71.6, 78.0)","8.7","( 7.1, 10.3)","7.1","( 5.8,  8.4)","47.9","(39.5, 56.3)","48.4","(40.2, 56.5)","44.6","(37.2, 52.0)","44.5","(37.2, 51.8)","18.9","(14.9, 23.1)","19.6","(15.4, 23.8)","70.4","(66.9, 73.6)","69.7","(65.9, 73.1)","24.9","(20.9, 29.1)","26.1","(21.9, 30.4)","11.3","( 9.5, 13.2)","8.9","( 7.5, 10.4)","17.1","(14.1, 20.3)","15.4","(12.8, 18.2)","39.4","(35.0, 44.0)","32.1","(27.9, 36.5)","3.4","( 3.1,  3.8)","2.8","( 2.5,  3.1)","24.8","(20.3, 29.8)","23.3","(18.9, 28.0)","74.2","(70.0, 78.4)","73.9","(69.4, 78.2)","16.3","(13.9, 18.6)","17.7","(15.1, 20.3)","35.9","(29.4, 42.4)","35.6","(29.1, 42.0)","12.9","(10.9, 15.0)","11.6","( 9.8, 13.5)","32.3","(30.7, 33.8)","33.3","(31.6, 34.9)","3.6","( 3.1,  4.1)","2.9","( 2.5,  3.2)","10.4","( 6.9, 14.6)","10.9","( 7.2, 15.4)","8","( 7.1,  9.1)","6.6","( 5.8,  7.5)","4.8","( 4.0,  5.6)","4.3","( 3.6,  5.1)","12.8","(10.7, 15.1)","13.5","(11.3, 15.9)","15","(12.6, 17.6)","12.2","(10.1, 14.3)","4","( 3.3,  4.7)","3.4","( 2.9,  4.0)","8.2","( 6.8,  9.6)","7.8","( 6.6,  9.2)","30.1","(25.9, 34.6)","27.7","(23.6, 32.1)","POINT (-82.6689135 42.9288035)"
"AL","Alabama","Russell","01113","58,722","13.1","(10.7, 15.9)","13.5","(10.9, 16.3)","32.0","(27.6, 36.4)","29.4","(25.2, 33.7)","13.4","(10.7, 16.4)","14.0","(11.3, 17.2)","43.9","(39.4, 48.5)","41.3","(36.8, 45.9)","81.1","(78.2, 83.7)","67.3","(62.5, 72.0)","6.6","( 5.9,  7.3)","6.0","( 5.3,  6.6)","11.2","( 9.8, 12.8)","11.3","( 9.9, 12.8)","83.8","(82.0, 85.6)","84.3","(82.6, 86.0)","7.2","( 6.3,  8.2)","6.4","( 5.6,  7.3)","78.5","(73.9, 82.8)","77.6","(72.7, 82.1)","85.7","(82.9, 88.2)","84.6","(81.5, 87.3)","73.4","(70.9, 75.5)","71.8","(69.3, 74.1)","8.7","( 7.4, 10.2)","7.9","( 6.8,  9.2)","40.9","(34.4, 47.8)","41.6","(34.8, 48.3)","35.2","(29.6, 41.3)","35.2","(29.5, 41.2)","20.1","(16.3, 23.9)","20.2","(16.5, 24.0)","56.3","(53.2, 59.4)","56.3","(53.1, 59.4)","23.1","(19.2, 27.4)","23.4","(19.4, 27.9)","15.7","(13.5, 18.1)","14.2","(12.2, 16.3)","23.8","(20.6, 27.0)","22.9","(19.8, 26.1)","37.1","(32.5, 41.8)","32.7","(28.0, 37.6)","3.8","( 3.4,  4.1)","3.4","( 3.1,  3.8)","35.2","(29.7, 41.0)","34.5","(29.2, 40.4)","74.4","(71.0, 77.6)","74.1","(70.6, 77.4)","18.9","(16.4, 21.5)","19.5","(16.9, 22.2)","44.0","(36.3, 51.9)","43.8","(36.0, 51.6)","14.6","(12.6, 16.6)","13.9","(12.0, 15.9)","43.2","(41.8, 44.4)","43.6","(42.2, 44.9)","4.2","( 3.8,  4.7)","3.9","( 3.5,  4.3)","15.3","(11.5, 19.4)","16.2","(12.1, 20.7)","6.6","( 5.8,  7.4)","6.2","( 5.4,  6.9)","7.1","( 6.2,  8.0)","6.8","( 5.9,  7.7)","16.7","(14.2, 19.1)","17.1","(14.6, 19.6)","20.6","(17.8, 23.3)","18.9","(16.5, 21.5)","5.6","( 4.9,  6.4)","5.3","( 4.6,  6.0)","10.9","( 9.4, 12.4)","10.8","( 9.3, 12.3)","36.7","(32.0, 41.4)","35.7","(31.2, 40.4)","POINT (-85.1869798 32.2898113)"
"WI","Wisconsin","Ashland","55003","16,107","7.5","( 5.9,  9.4)","8.1","( 6.3, 10.2)","32.8","(29.1, 36.8)","27.1","(23.8, 30.6)","22.7","(19.4, 26.2)","25.9","(22.2, 29.8)","36.6","(32.9, 40.5)","30.9","(27.5, 34.4)","79.7","(76.6, 82.5)","58.5","(53.8, 63.1)","8.3","( 7.4,  9.3)","6.5","( 5.8,  7.2)","11.0","( 9.7, 12.5)","11.2","( 9.9, 12.6)","79.6","(76.8, 82.3)","80.7","(78.2, 83.1)","7.8","( 6.9,  9.0)","5.9","( 5.2,  6.8)","75.9","(71.6, 79.6)","72.8","(68.2, 77.0)","79.7","(76.6, 82.8)","76.1","(72.6, 79.8)","55.8","(52.6, 59.0)","52.4","(49.1, 55.6)","7.9","( 6.6,  9.4)","6.5","( 5.4,  7.7)","33.0","(25.9, 40.8)","33.5","(26.7, 40.8)","30.8","(24.7, 37.6)","30.7","(24.4, 37.0)","18.5","(15.2, 22.2)","19.6","(16.1, 23.5)","65.1","(61.8, 68.4)","64.2","(60.8, 67.4)","25.5","(21.8, 29.5)","26.7","(22.9, 30.9)","11.6","( 9.9, 13.5)","9.2","( 7.9, 10.6)","17.1","(14.7, 19.9)","15.5","(13.3, 18.2)","39.6","(35.5, 43.7)","31.4","(27.5, 35.4)","3.7","( 3.3,  4.1)","2.9","( 2.7,  3.3)","22.5","(18.6, 26.8)","21.2","(17.6, 25.4)","70.6","(66.6, 74.6)","70.2","(65.7, 74.4)","15.0","(13.0, 17.2)","16.3","(14.1, 18.6)","38.1","(32.4, 44.0)","38.4","(32.8, 44.2)","12.9","(11.1, 14.8)","11.6","(10.0, 13.4)","33.0","(31.5, 34.4)","34.3","(32.7, 35.7)","3.8","( 3.4,  4.3)","3.0","( 2.7,  3.4)","12.5","( 8.8, 16.5)","13.1","( 9.4, 17.4)","8.4","( 7.4,  9.6)","6.9","( 6.1,  7.8)","5.1","( 4.4,  6.0)","4.7","( 4.0,  5.4)","13.2","(11.2, 15.4)","13.9","(11.8, 16.2)","14.6","(12.5, 17.0)","11.9","(10.1, 13.9)","4.4","( 3.8,  5.1)","3.9","( 3.4,  4.5)","8.1","( 7.0,  9.4)","7.8","( 6.7,  9.1)","29.5","(25.7, 33.8)","27.1","(23.6, 31.1)","POINT (-90.6796907 46.5444245)"
"MI","Michigan","Tuscola","26157","52,917","8.4","( 6.5, 10.7)","9.1","( 7.0, 11.5)","33.2","(28.6, 37.8)","26.7","(22.8, 30.6)","15.2","(12.4, 18.5)","17.9","(14.6, 21.6)","38.9","(34.2, 43.5)","32.1","(28.0, 36.3)","81.2","(78.0, 84.1)","60.2","(55.3, 65.1)","8.5","( 7.6,  9.5)","6.4","( 5.7,  7.2)","10.9","( 9.5, 12.5)","11.1","( 9.7, 12.7)","81.9","(79.4, 84.2)","82.5","(80.2, 84.8)","8.2","( 7.1,  9.4)","6.0","( 5.3,  6.9)","76.2","(71.3, 80.7)","72.7","(67.4, 77.8)","85.5","(82.7, 88.1)","81.8","(78.3, 85.1)","74.8","(72.1, 77.6)","72.5","(69.3, 75.5)","9.8","( 8.1, 11.7)","7.9","( 6.6,  9.3)","45.5","(36.8, 54.2)","45.9","(37.2, 54.4)","38.1","(30.9, 45.7)","38.2","(30.9, 45.8)","20.3","(16.3, 24.6)","21.1","(16.8, 26.0)","65.4","(61.8, 68.8)","64.6","(61.2, 68.1)","23.8","(19.9, 28.3)","25.3","(21.2, 29.8)","12.4","(10.4, 14.5)","9.6","( 8.1, 11.2)","18.8","(15.7, 22.1)","16.7","(14.0, 19.7)","38.9","(34.0, 44.0)","31.0","(26.6, 35.9)","3.7","( 3.3,  4.1)","2.9","( 2.6,  3.2)","25.4","(20.5, 30.7)","23.6","(19.1, 28.7)","68.5","(63.6, 72.9)","68.3","(63.4, 72.7)","16.2","(14.0, 18.5)","17.9","(15.4, 20.5)","41.4","(33.5, 49.6)","41.1","(33.5, 49.5)","13.6","(11.6, 15.8)","12.1","(10.3, 14.0)","36.2","(34.6, 37.7)","37.4","(35.6, 39.0)","4.0","( 3.5,  4.5)","3.0","( 2.7,  3.4)","11.6","( 8.1, 15.7)","12.3","( 8.5, 17.0)","8.9","( 7.8, 10.1)","7","( 6.2,  8.0)","5.4","( 4.6,  6.3)","4.8","( 4.1,  5.6)","13.7","(11.5, 16.2)","14.6","(12.2, 17.2)","16.7","(14.1, 19.6)","13.2","(11.2, 15.5)","4.4","( 3.8,  5.2)","3.8","( 3.2,  4.4)","9","( 7.6, 10.5)","8.5","( 7.2, 10.0)","33.1","(28.3, 38.1)","30","(25.7, 34.7)","POINT (-83.436618 43.4879024)"
"WI","Wisconsin","St. Croix","55109","95,044","5.3","( 3.9,  7.0)","5.6","( 4.0,  7.5)","26.6","(22.7, 30.8)","23.3","(19.8, 27.0)","22.9","(19.2, 26.8)","24.7","(20.7, 28.8)","30.7","(26.7, 34.9)","27.3","(23.6, 31.2)","75.9","(72.1, 79.4)","55.9","(50.7, 60.9)","7.4","( 6.7,  8.3)","6.5","( 5.8,  7.2)","9.9","( 8.6, 11.3)","9.9","( 8.6, 11.4)","85.5","(83.1, 87.9)","85.6","(83.2, 87.8)","5.2","( 4.4,  6.0)","4.4","( 3.8,  5.1)","73.0","(67.9, 77.7)","71.2","(65.8, 76.1)","82.3","(78.9, 85.3)","79.7","(75.8, 83.1)","63.6","(59.9, 67.2)","62.3","(58.4, 65.9)","5.1","( 4.0,  6.3)","4.5","( 3.5,  5.4)","46.8","(37.5, 55.8)","47.3","(38.6, 55.7)","37.3","(29.8, 44.9)","37.1","(30.0, 44.5)","12.6","( 9.2, 16.1)","12.6","( 9.3, 16.1)","74.5","(71.2, 77.7)","74.1","(70.6, 77.7)","20.9","(17.3, 24.8)","21.4","(17.7, 25.5)","8.1","( 6.7,  9.6)","6.8","( 5.7,  8.1)","11.2","( 8.9, 13.6)","10.4","( 8.4, 12.7)","35.0","(30.6, 39.6)","29.4","(25.3, 33.8)","2.7","( 2.4,  3.0)","2.4","( 2.2,  2.7)","19.0","(14.9, 23.5)","18.3","(14.4, 22.7)","75.6","(71.2, 79.7)","75.1","(70.5, 79.3)","12.8","(10.8, 14.9)","13.5","(11.5, 15.7)","35.1","(28.4, 42.1)","34.3","(27.8, 41.3)","9.2","( 7.6, 10.9)","8.5","( 7.1, 10.1)","29.7","(27.8, 31.5)","29.9","(28.0, 31.8)","2.6","( 2.2,  3.0)","2.3","( 2.0,  2.6)","7.4","( 4.5, 11.1)","7.7","( 4.7, 11.7)","5.8","( 5.0,  6.6)","5.3","( 4.5,  6.1)","3","( 2.4,  3.6)","2.8","( 2.3,  3.3)","9.4","( 7.6, 11.4)","9.8","( 7.9, 12.0)","9.3","( 7.4, 11.2)","8.1","( 6.5,  9.8)","2.6","( 2.2,  3.1)","2.4","( 1.9,  2.8)","5.2","( 4.2,  6.3)","5.1","( 4.1,  6.2)","20.2","(16.6, 23.8)","19.4","(15.9, 22.9)","POINT (-92.4472842 45.0289589)"
"MI","Michigan","Branch","26023","44,985","9.1","( 7.0, 11.4)","9.6","( 7.3, 12.2)","32.1","(27.6, 36.5)","27.0","(23.1, 31.0)","15.6","(12.7, 18.7)","17.6","(14.3, 21.0)","38.4","(33.8, 42.9)","33.3","(29.1, 37.5)","79.5","(76.3, 82.5)","60.1","(55.1, 65.0)","8.0","( 7.2,  8.9)","6.4","( 5.8,  7.1)","10.9","( 9.5, 12.4)","11.0","( 9.6, 12.5)","81.5","(78.8, 84.1)","82.1","(79.6, 84.6)","7.8","( 6.7,  9.0)","6.2","( 5.3,  7.1)","75.4","(70.3, 79.7)","72.8","(67.3, 77.5)","84.1","(81.2, 86.8)","81.4","(77.9, 84.5)","74.5","(71.5, 77.3)","72.1","(69.1, 75.2)","9.5","( 7.9, 11.2)","7.9","( 6.6,  9.3)","41.3","(32.8, 50.3)","42.0","(33.3, 50.2)","37.6","(30.1, 45.4)","37.6","(30.0, 45.4)","20.6","(16.8, 24.9)","21.2","(17.2, 25.7)","63.0","(59.2, 66.7)","62.4","(58.6, 66.1)","24.3","(20.1, 28.4)","25.2","(21.0, 29.5)","12.1","(10.1, 14.1)","9.9","( 8.3, 11.5)","19","(16.0, 22.3)","17.4","(14.6, 20.4)","41.3","(36.5, 46.2)","34.4","(29.7, 39.1)","3.5","( 3.1,  3.9)","2.9","( 2.6,  3.2)","27.2","(21.9, 32.7)","25.8","(20.9, 31.2)","68.3","(63.7, 72.8)","68.2","(63.2, 73.0)","17.2","(14.9, 19.7)","18.5","(15.9, 21.1)","40.3","(32.5, 47.9)","40.2","(32.5, 47.7)","13.5","(11.6, 15.6)","12.3","(10.5, 14.1)","34.5","(33.0, 36.1)","35.4","(33.7, 37.0)","3.8","( 3.3,  4.3)","3.1","( 2.7,  3.5)","12.7","( 8.8, 17.6)","13.4","( 9.3, 18.4)","8.5","( 7.4,  9.6)","7.1","( 6.2,  8.1)","5.4","( 4.6,  6.3)","5","( 4.3,  5.8)","14","(11.8, 16.3)","14.6","(12.3, 17.1)","16.4","(13.8, 18.9)","13.7","(11.6, 15.9)","4.4","( 3.8,  5.1)","3.9","( 3.4,  4.5)","9","( 7.6, 10.6)","8.7","( 7.3, 10.1)","32.9","(28.0, 37.8)","30.7","(26.1, 35.6)","POINT (-85.0668852 41.9184551)"
"WI","Wisconsin","Milwaukee","55079","928,059","9.5","( 7.6, 11.5)","9.5","( 7.6, 11.6)","25.1","(22.7, 27.6)","24.2","(21.8, 26.6)","22.4","(19.8, 25.4)","22.7","(20.1, 25.8)","34.0","(31.1, 36.8)","33.1","(30.3, 35.9)","76.8","(73.9, 79.5)","61.6","(57.6, 65.6)","6.3","( 5.8,  7.0)","6.1","( 5.5,  6.7)","11.5","(10.2, 12.9)","11.5","(10.2, 12.9)","80.7","(78.6, 82.7)","81.4","(79.5, 83.2)","5.6","( 4.9,  6.3)","5.3","( 4.6,  6.0)","75.4","(72.0, 78.6)","75.0","(71.6, 78.2)","80.6","(77.6, 83.3)","80.4","(77.4, 83.2)","61.0","(58.5, 63.5)","59.3","(56.6, 61.7)","6.1","( 5.1,  7.2)","5.8","( 4.8,  6.8)","36.7","(30.8, 42.8)","37.6","(31.8, 43.5)","35.2","(29.9, 40.6)","35.7","(30.6, 40.9)","16.9","(13.8, 20.1)","17.1","(14.2, 20.4)","66.0","(63.3, 68.6)","66.0","(63.3, 68.7)","22.3","(19.6, 25.3)","22.3","(19.6, 25.2)","10.6","( 9.3, 12.0)","10.2","( 8.8, 11.5)","16.2","(14.0, 18.6)","15.9","(13.7, 18.3)","34.0","(31.4, 36.8)","30.5","(27.7, 33.6)","3.2","( 2.9,  3.5)","3.0","( 2.8,  3.3)","22.1","(18.9, 25.5)","22.0","(18.7, 25.4)","76.5","(73.4, 79.1)","76.1","(72.9, 78.8)","15.6","(13.7, 17.7)","15.7","(13.8, 17.8)","37.5","(33.5, 41.5)","37.7","(33.8, 41.7)","10.8","( 9.4, 12.4)","10.6","( 9.2, 12.1)","32.5","(31.5, 33.6)","32.9","(31.8, 34.0)","3.2","( 2.9,  3.6)","3.1","( 2.8,  3.5)","10.8","( 7.4, 14.8)","11.6","( 7.9, 15.8)","5.9","( 5.2,  6.7)","5.7","( 5.0,  6.5)","5.1","( 4.5,  5.9)","5.1","( 4.4,  5.8)","12.8","(10.9, 14.9)","12.9","(11.0, 15.0)","12","(10.3, 13.8)","11.6","( 9.9, 13.4)","4.2","( 3.7,  4.8)","4.1","( 3.6,  4.7)","7.6","( 6.6,  8.8)","7.6","( 6.5,  8.8)","25.7","(22.6, 29.0)","25.3","(22.2, 28.5)","POINT (-87.8623115 42.9126431)"
"AL","Alabama","Lamar","01075","13,689","12.2","( 9.6, 15.3)","12.9","(10.1, 16.3)","36.0","(31.0, 41.0)","28.9","(24.5, 33.4)","13.1","(10.5, 16.0)","15.6","(12.5, 18.9)","44.8","(39.8, 49.6)","37.4","(32.8, 42.0)","83.3","(80.3, 85.8)","64.2","(59.2, 69.1)","8.6","( 7.7,  9.5)","6.3","( 5.7,  7.0)","10.4","( 9.0, 11.9)","10.6","( 9.2, 12.2)","81.5","(79.0, 84.0)","82.0","(79.7, 84.3)","9.2","( 7.9, 10.4)","6.6","( 5.7,  7.5)","77.5","(72.5, 82.1)","74.0","(68.4, 79.1)","86.3","(83.6, 88.8)","82.8","(79.3, 86.0)","73.8","(71.1, 76.6)","71.1","(68.0, 74.3)","10.8","( 8.9, 12.7)","8.6","( 7.1, 10.2)","43.2","(34.6, 51.9)","43.4","(34.8, 52.1)","36.0","(29.2, 43.2)","36.4","(29.6, 43.7)","20.5","(16.4, 24.6)","21.7","(17.5, 25.8)","55.8","(52.1, 59.4)","54.9","(51.0, 58.9)","23.4","(19.1, 28.0)","25.1","(20.6, 29.9)","15.0","(12.7, 17.4)","11.5","( 9.8, 13.4)","23.2","(19.7, 26.8)","20.7","(17.4, 23.9)","41.2","(36.1, 46.8)","33.1","(28.3, 38.4)","4.0","( 3.6,  4.5)","3.1","( 2.7,  3.4)","37.0","(31.0, 42.9)","34.6","(28.8, 40.7)","71.0","(66.7, 75.1)","71.5","(67.0, 75.7)","18.1","(15.6, 20.6)","20.1","(17.4, 22.9)","38.7","(30.3, 47.4)","38.7","(30.5, 47.4)","15.5","(13.2, 17.8)","13.8","(11.8, 15.9)","38.1","(36.6, 39.6)","39.6","(37.9, 41.1)","4.5","( 4.0,  5.1)","3.4","( 3.0,  3.8)","14.7","(10.4, 19.8)","15.7","(11.1, 21.3)","9.2","( 8.1, 10.4)","7.1","( 6.2,  8.0)","6.5","( 5.5,  7.5)","5.7","( 4.8,  6.6)","16.3","(13.7, 19.0)","17.4","(14.6, 20.0)","21.8","(18.6, 24.8)","17.2","(14.7, 19.8)","5.3","( 4.6,  6.1)","4.5","( 3.9,  5.1)","10.6","( 9.0, 12.3)","10","( 8.5, 11.6)","38.3","(32.9, 43.6)","34.8","(29.8, 40.1)","POINT (-88.0874309 33.7870852)"
"AL","Alabama","Elmore","01051","89,304","10.4","( 8.1, 13.0)","10.7","( 8.3, 13.6)","31.1","(27.0, 35.5)","28.0","(24.1, 32.0)","14.6","(11.9, 17.8)","15.5","(12.7, 19.0)","39.4","(35.0, 43.8)","36.2","(31.9, 40.6)","79.7","(76.6, 82.7)","64.1","(59.2, 69.0)","7.2","( 6.5,  8.0)","6.3","( 5.7,  7.0)","10.1","( 8.8, 11.5)","10.2","( 8.8, 11.6)","85.1","(83.1, 87.1)","85.3","(83.3, 87.3)","6.5","( 5.6,  7.5)","5.7","( 4.9,  6.5)","77.6","(73.1, 81.9)","76.3","(71.6, 80.8)","87.1","(84.6, 89.6)","85.8","(82.9, 88.5)","75.4","(72.6, 78.1)","73.8","(70.9, 76.7)","7.6","( 6.2,  9.1)","6.7","( 5.6,  8.1)","46.5","(38.3, 54.5)","46.7","(38.6, 54.6)","43.3","(35.9, 50.4)","42.8","(35.8, 50.1)","16.6","(13.3, 20.4)","16.8","(13.4, 20.6)","64.2","(60.6, 67.3)","63.9","(60.2, 67.2)","22.6","(18.7, 26.7)","23","(19.1, 27.2)","12.1","(10.3, 14.0)","10.6","( 9.0, 12.3)","17.9","(15.1, 21.1)","16.9","(14.3, 19.9)","36.0","(31.5, 40.7)","31.4","(27.0, 36.0)","3.2","( 2.8,  3.5)","2.8","( 2.6,  3.1)","30.9","(25.9, 36.6)","30.1","(25.1, 35.9)","75.2","(71.3, 79.0)","75.0","(71.2, 79.1)","17.1","(14.8, 19.5)","17.8","(15.5, 20.5)","39.1","(31.9, 46.5)","38.8","(31.7, 46.2)","12.4","(10.5, 14.3)","11.6","( 9.9, 13.5)","37.2","(35.7, 38.7)","37.8","(36.2, 39.3)","3.4","( 2.9,  3.8)","3.0","( 2.6,  3.4)","11.5","( 7.6, 15.9)","12.0","( 7.9, 16.7)","6.5","( 5.7,  7.5)","6","( 5.2,  6.8)","4.8","( 4.1,  5.6)","4.6","( 3.9,  5.3)","14.2","(12.1, 16.6)","14.6","(12.4, 17.1)","16.2","(13.7, 18.9)","14.6","(12.4, 16.9)","3.9","( 3.3,  4.5)","3.6","( 3.1,  4.1)","8.3","( 7.0,  9.6)","8.1","( 6.9,  9.5)","32","(27.5, 36.8)","30.8","(26.4, 35.5)","POINT (-86.1427347 32.597229)"
"MI","Michigan","Eaton","26045","108,944","6.6","( 5.1,  8.3)","6.9","( 5.4,  8.8)","29.4","(25.4, 33.5)","25.0","(21.5, 28.7)","16.7","(13.8, 19.9)","18.6","(15.3, 22.1)","34.7","(30.5, 38.8)","30.2","(26.4, 34.1)","79.7","(76.6, 82.6)","60.1","(55.4, 64.8)","7.9","( 7.1,  8.7)","6.4","( 5.7,  7.1)","10.6","( 9.3, 12.0)","10.7","( 9.4, 12.1)","84.0","(81.7, 86.1)","84.7","(82.3, 86.7)","6.4","( 5.5,  7.3)","5.1","( 4.4,  5.8)","78.4","(74.0, 82.3)","76.3","(71.6, 80.5)","87.1","(84.6, 89.3)","85.2","(82.3, 87.8)","78.3","(75.8, 80.8)","76.2","(73.2, 79.0)","7.0","( 5.7,  8.4)","5.9","( 4.8,  7.0)","57.2","(49.3, 65.8)","57.5","(49.8, 65.8)","42.3","(35.3, 50.2)","42.0","(35.1, 49.8)","15.2","(12.0, 18.7)","15.7","(12.4, 19.5)","73.2","(70.2, 75.9)","72.7","(69.5, 75.6)","23.4","(19.7, 27.7)","24.3","(20.4, 28.6)","10.3","( 8.7, 12.1)","8.5","( 7.2, 10.0)","14.3","(11.9, 16.9)","13.2","(11.0, 15.6)","37.0","(32.8, 41.4)","31.2","(27.0, 35.5)","3.1","( 2.8,  3.5)","2.6","( 2.4,  2.9)","21.0","(17.0, 25.6)","20.0","(16.2, 24.4)","70.5","(66.1, 74.6)","70.4","(65.8, 74.7)","15.3","(13.3, 17.6)","16.4","(14.2, 18.9)","34.4","(27.9, 41.2)","34.4","(27.8, 41.2)","10.7","( 9.1, 12.5)","9.9","( 8.4, 11.5)","33.0","(31.4, 34.5)","34.0","(32.4, 35.6)","3.1","( 2.7,  3.6)","2.6","( 2.3,  2.9)","8.4","( 5.5, 11.9)","8.8","( 5.8, 12.5)","6.9","( 5.9,  7.8)","5.8","( 5.0,  6.6)","3.9","( 3.3,  4.6)","3.6","( 3.1,  4.2)","11.2","( 9.5, 13.2)","11.7","( 9.9, 13.8)","12.8","(10.7, 15.1)","10.8","( 9.0, 12.7)","3.2","( 2.7,  3.7)","2.8","( 2.4,  3.3)","6.8","( 5.7,  8.0)","6.6","( 5.6,  7.7)","27.2","(23.0, 31.5)","25.3","(21.5, 29.4)","POINT (-84.8464499 42.5895301)"
"AL","Alabama","Perry","01105","8,355","16.5","(12.6, 20.7)","17.3","(13.2, 21.5)","36.6","(32.0, 41.4)","32.7","(28.3, 37.6)","10.4","( 8.3, 12.9)","11.4","( 9.2, 14.2)","52.0","(47.3, 56.8)","49.0","(44.2, 54.1)","84.2","(81.9, 86.3)","71.5","(66.8, 76.1)","7.1","( 6.4,  7.9)","5.7","( 5.1,  6.4)","12.5","(10.9, 14.3)","12.7","(11.1, 14.5)","80.3","(77.8, 82.8)","81.7","(79.4, 83.9)","10.0","( 8.8, 11.3)","7.9","( 6.9,  9.0)","80.6","(76.3, 84.8)","79.0","(74.4, 83.5)","83.0","(79.9, 86.0)","82.3","(78.9, 85.3)","71.4","(68.8, 73.7)","68.3","(65.4, 71.1)","12.1","(10.1, 14.0)","10.5","( 8.9, 12.3)","34.4","(28.1, 40.8)","34.7","(28.6, 41.1)","28.8","(23.8, 34.2)","29.3","(24.1, 34.5)","23.8","(19.4, 28.4)","26.5","(21.5, 31.7)","44.8","(41.5, 48.3)","43.5","(40.1, 47.2)","21.7","(17.8, 26.2)","22.3","(18.3, 26.9)","22.1","(19.4, 25.2)","19.4","(16.9, 22.2)","33.1","(29.0, 37.5)","31.7","(27.6, 36.2)","40.4","(35.7, 45.5)","34.3","(29.5, 39.6)","5.0","( 4.5,  5.5)","4.2","( 3.8,  4.6)","46.5","(39.9, 52.8)","45.6","(39.0, 52.3)","74.0","(70.3, 77.5)","74.0","(70.0, 77.3)","21.1","(18.2, 24.1)","22.1","(19.1, 25.3)","50.4","(41.8, 59.2)","52.5","(43.8, 61.2)","18.5","(16.0, 21.2)","17.6","(15.1, 20.3)","44.1","(42.6, 45.5)","46.5","(44.9, 47.9)","6.2","( 5.5,  7.0)","5.2","( 4.6,  5.8)","23.6","(18.2, 29.6)","25.5","(19.8, 31.9)","8.4","( 7.4,  9.4)","6.8","( 6.0,  7.7)","12","(10.4, 13.7)","11.2","( 9.6, 12.8)","21.4","(18.2, 24.7)","21.8","(18.4, 25.2)","28.6","(25.1, 32.1)","25.5","(22.2, 28.9)","9.2","( 7.9, 10.4)","8.6","( 7.4,  9.9)","16.2","(14.0, 18.6)","15.7","(13.4, 18.0)","46.1","(40.7, 51.8)","43.3","(37.8, 49.1)","POINT (-87.2938269 32.6390053)"
"MI","Michigan","Midland","26111","83,457","6.2","( 4.6,  8.2)","6.5","( 4.8,  8.6)","30.6","(26.4, 35.2)","25.9","(22.2, 30.0)","16.7","(13.7, 20.2)","18.7","(15.4, 22.6)","33.5","(29.4, 38.0)","28.9","(25.1, 33.1)","79.4","(76.0, 82.5)","59.0","(53.9, 64.2)","8.0","( 7.2,  9.0)","6.5","( 5.8,  7.2)","10.5","( 9.2, 12.0)","10.7","( 9.3, 12.2)","84.6","(82.0, 87.1)","85.0","(82.5, 87.3)","6.6","( 5.6,  7.6)","5.2","( 4.4,  6.0)","76.1","(71.3, 80.7)","73.6","(68.5, 78.7)","86.8","(84.4, 89.3)","84.7","(81.9, 87.5)","78.4","(75.6, 81.2)","76.7","(73.5, 79.8)","7.3","( 5.9,  9.0)","6.2","( 5.0,  7.5)","51.4","(42.7, 59.7)","52.0","(43.4, 60.1)","45.0","(37.3, 52.5)","45.7","(38.2, 53.0)","15.3","(11.6, 19.3)","15.9","(12.0, 20.4)","71.1","(67.9, 74.5)","70.6","(67.3, 74.1)","24.2","(20.1, 28.7)","25.2","(20.9, 29.9)","10.1","( 8.5, 12.0)","8.3","( 6.9,  9.8)","14.4","(11.7, 17.3)","13.1","(10.7, 15.8)","37.5","(33.1, 42.4)","31.5","(27.2, 36.3)","3.1","( 2.8,  3.5)","2.6","( 2.3,  2.9)","20.7","(16.6, 25.4)","19.6","(15.7, 24.1)","71.4","(66.6, 75.9)","71.0","(66.1, 75.7)","15.1","(12.8, 17.7)","16.2","(13.7, 19.0)","33.4","(27.0, 40.8)","33.5","(26.9, 40.9)","10.9","( 9.1, 12.8)","10.0","( 8.3, 11.7)","30.5","(28.7, 32.2)","31.5","(29.6, 33.1)","3.2","( 2.7,  3.6)","2.6","( 2.2,  3.0)","8.7","( 5.1, 12.8)","9.3","( 5.6, 13.6)","7.3","( 6.3,  8.3)","6","( 5.2,  6.9)","3.9","( 3.3,  4.7)","3.6","( 3.0,  4.3)","11.1","( 9.2, 13.4)","11.6","( 9.5, 14.1)","12.7","(10.4, 15.2)","10.6","( 8.7, 12.6)","3.2","( 2.7,  3.8)","2.9","( 2.4,  3.3)","6.9","( 5.6,  8.2)","6.6","( 5.4,  7.9)","27.2","(22.8, 31.8)","25.1","(20.8, 29.7)","POINT (-84.3794144 43.6482031)"
"MI","Michigan","Osceola","26133","23,105","8.4","( 6.4, 10.9)","9.0","( 6.8, 11.7)","33.4","(29.1, 37.8)","26.8","(23.0, 30.7)","15.5","(12.8, 18.5)","18.2","(15.0, 21.6)","39.0","(34.8, 43.5)","32.2","(28.3, 36.3)","81.3","(78.3, 83.9)","60.2","(55.4, 64.8)","8.8","( 7.9,  9.7)","6.6","( 5.9,  7.2)","11.0","( 9.8, 12.5)","11.3","( 9.9, 12.7)","81.6","(78.7, 84.3)","82.2","(79.5, 84.8)","8.5","( 7.4,  9.7)","6.2","( 5.4,  7.1)","76.5","(71.8, 80.8)","73.1","(67.9, 77.9)","85.4","(82.7, 87.8)","81.8","(78.5, 84.9)","74.5","(71.4, 77.5)","71.8","(68.4, 75.1)","10.1","( 8.4, 12.2)","8.1","( 6.8,  9.7)","47.6","(38.3, 56.5)","47.9","(38.7, 56.9)","38.4","(30.4, 46.3)","38.4","(30.6, 46.3)","20.6","(16.7, 24.9)","21.6","(17.4, 26.2)","65.2","(61.3, 68.8)","64.4","(60.3, 68.2)","25.1","(21.1, 29.5)","26.6","(22.4, 31.2)","12.3","(10.5, 14.4)","9.4","( 8.1, 11.0)","19.4","(16.4, 23.0)","17.2","(14.5, 20.3)","39.9","(35.2, 44.6)","31.9","(27.4, 36.4)","3.7","( 3.3,  4.1)","2.9","( 2.6,  3.2)","26.8","(22.1, 32.3)","24.9","(20.6, 30.1)","68.3","(63.5, 73.3)","68.1","(63.0, 73.3)","16.7","(14.6, 19.1)","18.5","(16.1, 21.1)","37.1","(29.7, 44.8)","37.0","(29.6, 44.6)","13.9","(11.9, 16.1)","12.3","(10.6, 14.3)","33.2","(31.5, 34.8)","34.5","(32.7, 36.2)","4.0","( 3.5,  4.6)","3.1","( 2.7,  3.5)","12.7","( 8.5, 17.4)","13.4","( 9.0, 18.4)","9.1","( 8.0, 10.3)","7.1","( 6.3,  8.1)","5.5","( 4.7,  6.5)","4.9","( 4.2,  5.7)","14.1","(12.0, 16.5)","14.9","(12.7, 17.6)","17.1","(14.5, 20.1)","13.5","(11.5, 15.9)","4.6","( 3.9,  5.4)","3.9","( 3.3,  4.5)","9.2","( 7.8, 10.8)","8.8","( 7.4, 10.3)","33.4","(28.9, 38.3)","30.3","(25.8, 35.1)","POINT (-85.3222825 43.9975523)"
"WI","Wisconsin","Waupaca","55135","51,570","6.9","( 5.3,  8.9)","7.5","( 5.7,  9.6)","32.4","(27.8, 36.7)","25.8","(21.9, 29.5)","21.2","(17.6, 24.9)","24.7","(20.6, 28.9)","34.9","(30.5, 39.3)","28.4","(24.5, 32.2)","80.3","(76.7, 83.3)","58.1","(52.9, 63.1)","8.5","( 7.6,  9.4)","6.4","( 5.8,  7.1)","10.2","( 8.9, 11.7)","10.4","( 9.0, 11.9)","81.8","(79.1, 84.6)","82.4","(79.7, 85.1)","7.1","( 6.2,  8.2)","5.2","( 4.5,  6.0)","74.8","(69.7, 79.2)","71.2","(65.7, 76.0)","81.9","(78.6, 84.7)","77.2","(73.3, 80.7)","61.2","(57.5, 64.7)","58.8","(54.8, 62.4)","7.1","( 5.7,  8.6)","5.6","( 4.6,  6.7)","35.2","(27.6, 43.9)","35.8","(28.2, 44.3)","34.3","(27.4, 42.0)","35.0","(27.9, 42.4)","15.8","(12.4, 19.4)","16.4","(13.0, 20.4)","68.9","(65.2, 72.4)","68.1","(64.2, 71.7)","21.9","(18.0, 25.9)","23.3","(19.2, 27.6)","10.2","( 8.5, 11.9)","7.8","( 6.5,  9.1)","15.1","(12.5, 17.9)","13.3","(11.0, 15.9)","40.6","(35.7, 45.5)","32.0","(27.4, 36.6)","3.4","( 3.0,  3.8)","2.6","( 2.4,  2.9)","22.9","(18.1, 27.5)","21.1","(16.8, 25.8)","72.7","(68.0, 77.0)","72.2","(67.2, 76.8)","13.4","(11.4, 15.5)","15.0","(12.8, 17.4)","38.4","(30.9, 45.6)","38.1","(30.8, 45.3)","11.5","( 9.7, 13.4)","10.1","( 8.6, 11.9)","30.2","(28.7, 31.9)","31.3","(29.5, 33.0)","3.4","( 3.0,  4.0)","2.6","( 2.3,  3.0)","9.9","( 6.5, 13.8)","10.6","( 6.9, 15.2)","7.7","( 6.7,  8.8)","6.1","( 5.3,  6.8)","4.1","( 3.4,  4.9)","3.6","( 3.1,  4.2)","11.1","( 9.2, 13.2)","11.9","( 9.9, 14.3)","13.1","(10.7, 15.5)","10.2","( 8.4, 12.0)","3.6","( 3.0,  4.3)","3","( 2.6,  3.5)","6.8","( 5.7,  8.0)","6.4","( 5.4,  7.7)","25.5","(21.5, 29.9)","22.9","(19.3, 26.8)","POINT (-88.9670053 44.4780043)"
"WI","Wisconsin","Dodge","55027","89,313","7.4","( 5.7,  9.5)","7.9","( 6.0, 10.0)","28.9","(24.9, 33.2)","24.5","(20.9, 28.5)","22.3","(18.7, 26.3)","24.7","(20.7, 28.9)","31.3","(27.3, 35.6)","27.1","(23.6, 31.2)","78.6","(74.9, 81.9)","58.6","(53.4, 63.5)","7.8","( 7.0,  8.6)","6.4","( 5.7,  7.1)","10.1","( 8.8, 11.6)","10.2","( 8.9, 11.6)","83.1","(80.4, 85.5)","83.5","(81.1, 85.8)","6.3","( 5.5,  7.3)","5.1","( 4.4,  5.9)","71.7","(66.5, 76.7)","69.2","(63.7, 74.4)","80.6","(77.3, 83.5)","77.5","(73.7, 80.7)","63.0","(59.6, 66.6)","61.3","(57.8, 64.9)","6.5","( 5.3,  7.8)","5.5","( 4.5,  6.6)","41.3","(32.3, 50.6)","42.0","(33.1, 50.8)","33.7","(26.3, 41.5)","34.3","(27.0, 41.8)","16.1","(12.8, 19.8)","16.4","(13.0, 20.4)","69.7","(66.2, 72.8)","69.1","(65.7, 72.5)","21.4","(17.7, 25.4)","22.1","(18.3, 26.2)","9.4","( 7.9, 11.1)","7.8","( 6.5,  9.2)","14.2","(12.0, 17.1)","13","(11.0, 15.7)","38.8","(34.2, 43.7)","31.9","(27.6, 36.6)","3.1","( 2.8,  3.5)","2.6","( 2.4,  2.9)","22.4","(18.1, 27.2)","21.3","(17.3, 26.0)","72.0","(67.2, 76.6)","71.6","(66.6, 76.3)","13.8","(11.8, 15.9)","14.7","(12.6, 17.0)","36.3","(29.6, 43.9)","36.0","(29.3, 43.6)","10.8","( 9.2, 12.6)","9.8","( 8.4, 11.6)","32.1","(30.7, 33.6)","32.9","(31.3, 34.4)","3.1","( 2.7,  3.6)","2.6","( 2.3,  3.0)","10.0","( 6.5, 13.7)","10.7","( 7.1, 14.9)","7","( 6.1,  8.0)","6","( 5.2,  6.8)","4","( 3.4,  4.6)","3.6","( 3.1,  4.3)","11.3","( 9.5, 13.5)","11.8","( 9.9, 14.1)","11.9","( 9.9, 14.0)","10","( 8.4, 11.8)","3.4","( 2.9,  4.0)","3","( 2.6,  3.5)","6.5","( 5.5,  7.8)","6.3","( 5.3,  7.5)","24.4","(20.6, 28.7)","22.7","(19.0, 26.9)","POINT (-88.7019394 43.4296276)"
"MI","Michigan","Ingham","26065","284,034","7.4","( 5.8,  9.6)","7.5","( 5.9,  9.6)","27.5","(24.6, 30.6)","29.0","(25.7, 32.3)","17.3","(14.4, 20.3)","17.1","(14.2, 20.1)","31.3","(28.1, 34.5)","32.8","(29.5, 36.2)","75.1","(72.0, 77.9)","60.5","(55.9, 65.1)","6.1","( 5.5,  6.8)","6.3","( 5.7,  7.0)","11.6","(10.3, 13.1)","11.5","(10.1, 12.9)","82.4","(80.0, 84.7)","85.0","(83.1, 86.7)","5.3","( 4.6,  6.0)","5.4","( 4.7,  6.1)","73.7","(69.3, 77.6)","74.0","(69.7, 77.8)","82.2","(78.9, 85.0)","84.4","(81.5, 86.9)","77.8","(75.4, 80.1)","75.9","(73.3, 78.5)","6.2","( 5.2,  7.4)","6.4","( 5.3,  7.5)","49.2","(41.9, 56.5)","49.7","(42.3, 56.8)","41.5","(35.5, 48.0)","41.3","(35.4, 47.5)","14.2","(11.3, 17.3)","15.7","(12.5, 19.0)","68.1","(64.8, 71.1)","67.4","(64.2, 70.3)","26","(22.5, 29.7)","25.5","(22.1, 29.2)","9.4","( 8.1, 10.8)","9.8","( 8.4, 11.2)","14.6","(12.4, 17.0)","15.1","(12.8, 17.5)","32.5","(29.0, 36.0)","31.1","(27.3, 35.0)","2.8","( 2.5,  3.0)","2.9","( 2.6,  3.1)","20.6","(17.2, 24.3)","21.3","(17.9, 25.0)","72.6","(68.9, 76.1)","72.4","(68.6, 76.0)","18.0","(15.7, 20.4)","17.3","(15.2, 19.7)","34.9","(29.9, 39.9)","36.8","(31.7, 42.1)","10.4","( 8.9, 11.8)","10.8","( 9.2, 12.3)","31.4","(29.9, 32.9)","32.5","(31.0, 33.9)","2.7","( 2.4,  3.1)","2.8","( 2.5,  3.2)","9.2","( 6.1, 12.9)","9.8","( 6.4, 13.7)","5.9","( 5.2,  6.7)","6.1","( 5.4,  6.9)","4.4","( 3.8,  5.0)","4.5","( 3.9,  5.1)","12.8","(10.7, 15.1)","12.4","(10.4, 14.4)","11.3","( 9.6, 13.0)","11.8","(10.0, 13.6)","3.2","( 2.8,  3.7)","3.4","( 3.0,  4.0)","7.4","( 6.3,  8.7)","7.5","( 6.4,  8.7)","26.4","(22.6, 30.2)","26.3","(22.6, 29.8)","POINT (-84.3738107 42.6035338)"
"MI","Michigan","Luce","26095","5,309","8.7","( 6.8, 10.9)","9.1","( 7.0, 11.3)","31.0","(26.5, 35.7)","25.7","(21.7, 29.8)","16.5","(13.4, 20.0)","18.7","(15.3, 22.6)","39.3","(34.6, 44.2)","34.3","(29.7, 39.0)","79.6","(76.4, 82.6)","61.6","(56.7, 66.6)","8.2","( 7.3,  9.1)","6.3","( 5.7,  7.0)","10.7","( 9.4, 12.2)","10.9","( 9.5, 12.4)","82.5","(79.7, 85.2)","82.9","(80.4, 85.4)","8.4","( 7.3,  9.6)","6.4","( 5.6,  7.3)","76.4","(71.4, 81.1)","73.8","(68.5, 78.9)","85.1","(82.3, 87.7)","82.3","(79.0, 85.3)","76.1","(73.4, 78.6)","73.8","(70.5, 76.7)","9.3","( 7.7, 11.1)","7.7","( 6.5,  9.1)","44.2","(34.9, 52.8)","44.7","(35.3, 53.7)","37.7","(29.9, 45.6)","38.5","(30.5, 46.4)","20.5","(16.8, 24.6)","21.4","(17.2, 25.7)","64.0","(60.6, 67.1)","63.1","(59.5, 66.4)","22.3","(18.3, 26.7)","23","(18.9, 27.5)","12.8","(10.8, 15.0)","10.5","( 8.9, 12.3)","19.4","(16.3, 22.5)","17.8","(15.0, 20.7)","39.5","(34.6, 44.5)","32.6","(27.9, 37.6)","3.7","( 3.3,  4.1)","3.0","( 2.7,  3.4)","26.1","(21.2, 31.4)","24.7","(19.9, 29.7)","69.0","(64.3, 73.5)","68.8","(64.0, 73.7)","16.0","(13.8, 18.4)","17.3","(14.9, 19.9)","38.8","(30.6, 47.4)","39.1","(30.9, 47.8)","13.5","(11.6, 15.5)","12.2","(10.5, 14.1)","34.9","(33.4, 36.3)","36.4","(34.8, 37.9)","4.0","( 3.5,  4.6)","3.2","( 2.9,  3.7)","11.9","( 8.1, 16.1)","12.9","( 8.4, 17.4)","9","( 7.9, 10.2)","7.2","( 6.3,  8.2)","5.6","( 4.8,  6.5)","5.1","( 4.4,  5.9)","13.5","(11.5, 15.7)","14.1","(11.9, 16.5)","16.5","(13.9, 19.1)","13.5","(11.5, 15.7)","4.6","( 4.0,  5.2)","4","( 3.5,  4.7)","8.9","( 7.5, 10.2)","8.5","( 7.2,  9.8)","33","(28.5, 37.8)","30.4","(25.8, 35.0)","POINT (-85.5175518 46.5109878)"
"WI","Wisconsin","Monroe","55081","46,193","7.8","( 5.9, 10.2)","8.2","( 6.2, 10.8)","29.8","(25.5, 34.5)","25.1","(21.2, 29.3)","21.2","(17.6, 25.1)","23.6","(19.7, 27.9)","32.4","(28.2, 37.0)","27.8","(23.9, 32.0)","78.8","(75.3, 82.0)","58.0","(52.9, 63.1)","7.9","( 7.1,  8.8)","6.4","( 5.8,  7.1)","10.4","( 9.2, 11.9)","10.6","( 9.3, 12.0)","82.3","(79.6, 85.0)","82.6","(79.9, 85.2)","6.8","( 5.9,  7.9)","5.4","( 4.7,  6.3)","72.6","(67.1, 77.5)","69.9","(64.1, 75.2)","81.2","(77.9, 84.2)","77.9","(74.2, 81.3)","61.3","(57.8, 65.2)","58.8","(55.1, 62.9)","7.1","( 5.8,  8.6)","6.0","( 4.9,  7.2)","36.4","(28.0, 45.6)","36.7","(28.6, 45.5)","30.7","(23.8, 38.2)","30.8","(23.9, 38.3)","16.8","(13.1, 20.9)","17.1","(13.4, 21.4)","64.6","(60.9, 68.3)","64.1","(60.2, 67.8)","23","(18.9, 27.6)","23.9","(19.7, 28.7)","10.2","( 8.6, 12.1)","8.3","( 7.0,  9.9)","15.5","(12.8, 18.6)","14.2","(11.7, 16.9)","37.8","(33.0, 42.8)","30.8","(26.4, 35.7)","3.3","( 2.9,  3.7)","2.7","( 2.5,  3.1)","23.9","(19.6, 29.3)","22.7","(18.5, 27.9)","72.5","(67.6, 76.8)","72.2","(67.1, 76.7)","14.3","(12.2, 16.7)","15.4","(13.1, 18.1)","34.9","(27.8, 42.8)","34.6","(27.5, 42.6)","11.5","( 9.8, 13.5)","10.5","( 8.9, 12.4)","31.2","(29.4, 32.8)","31.9","(30.1, 33.5)","3.4","( 2.9,  3.8)","2.8","( 2.4,  3.1)","11.2","( 7.2, 15.4)","11.8","( 7.5, 16.2)","7.5","( 6.5,  8.6)","6.3","( 5.5,  7.2)","4.4","( 3.7,  5.2)","4.1","( 3.4,  4.7)","12","(10.0, 14.4)","12.6","(10.4, 15.1)","12.7","(10.6, 15.2)","10.6","( 8.8, 12.7)","3.8","( 3.2,  4.5)","3.4","( 2.8,  3.9)","7.2","( 6.0,  8.5)","6.9","( 5.8,  8.2)","25.4","(21.6, 30.2)","23.7","(19.9, 28.1)","POINT (-90.6199687 43.9451751)"
"WI","Wisconsin","Racine","55101","196,896","8.3","( 6.5, 10.4)","8.8","( 6.9, 11.1)","28.7","(25.0, 32.4)","24.6","(21.3, 28.0)","20.5","(17.4, 24.0)","22.5","(19.1, 26.2)","32.6","(28.9, 36.5)","28.7","(25.2, 32.3)","78.7","(75.4, 81.7)","59.3","(54.5, 64.0)","7.6","( 6.8,  8.4)","6.3","( 5.7,  7.0)","10.6","( 9.3, 11.9)","10.6","( 9.4, 12.0)","83.2","(81.0, 85.5)","83.7","(81.5, 85.8)","6.3","( 5.4,  7.2)","5.2","( 4.4,  5.9)","75.2","(70.9, 79.1)","73.0","(68.5, 77.3)","80.8","(77.6, 83.6)","78.1","(74.6, 81.3)","64.4","(61.3, 67.7)","62.5","(59.4, 65.8)","6.4","( 5.1,  7.7)","5.4","( 4.4,  6.5)","38.5","(31.5, 46.8)","39.2","(31.9, 47.1)","36.5","(30.2, 43.9)","36.7","(30.4, 43.8)","14.6","(11.4, 18.1)","14.9","(11.8, 18.5)","69.0","(65.8, 72.2)","68.4","(65.2, 71.5)","22.3","(18.8, 26.1)","22.9","(19.3, 26.8)","10.6","( 8.9, 12.3)","8.9","( 7.5, 10.4)","15.8","(13.3, 18.7)","14.7","(12.3, 17.3)","39.3","(35.1, 43.6)","32.7","(28.6, 37.0)","3.3","( 2.9,  3.6)","2.8","( 2.5,  3.1)","23.1","(19.1, 27.6)","22.2","(18.3, 26.5)","76.1","(72.0, 79.8)","75.9","(71.7, 79.5)","13.8","(11.8, 15.9)","14.7","(12.6, 16.9)","36.0","(30.2, 42.0)","35.9","(30.1, 41.9)","11.0","( 9.3, 12.9)","10.2","( 8.6, 11.9)","32.5","(31.2, 33.9)","33.3","(31.8, 34.8)","3.3","( 2.8,  3.7)","2.7","( 2.4,  3.1)","9.9","( 6.4, 14.2)","10.5","( 6.8, 15.0)","6.9","( 5.9,  7.8)","5.9","( 5.2,  6.8)","4.5","( 3.9,  5.2)","4.2","( 3.6,  4.9)","11.6","( 9.8, 13.6)","12.1","(10.2, 14.2)","12.2","(10.1, 14.4)","10.5","( 8.7, 12.4)","3.8","( 3.2,  4.4)","3.4","( 2.9,  3.9)","6.9","( 5.9,  8.1)","6.7","( 5.7,  7.9)","26.4","(22.6, 30.9)","24.8","(21.2, 29.0)","POINT (-87.7715988 42.7803923)"
"AL","Alabama","Crenshaw","01041","13,083","12.7","( 9.9, 15.6)","13.3","(10.3, 16.4)","33.7","(28.9, 38.4)","28.2","(23.9, 32.4)","13.0","(10.5, 15.9)","14.8","(12.0, 18.0)","44.1","(39.0, 48.7)","38.3","(33.6, 42.8)","82.7","(79.8, 85.2)","65.6","(60.6, 70.4)","7.8","( 7.0,  8.7)","6.2","( 5.5,  6.8)","10.6","( 9.3, 12.1)","10.8","( 9.4, 12.3)","82.7","(80.4, 84.9)","83.1","(80.9, 85.4)","8.3","( 7.3,  9.5)","6.4","( 5.6,  7.3)","78.2","(73.3, 82.4)","75.7","(70.4, 80.4)","86.1","(83.3, 88.6)","83.4","(80.1, 86.5)","72.9","(70.2, 75.5)","70.2","(67.1, 73.2)","10.0","( 8.3, 11.8)","8.3","( 7.0,  9.7)","37.3","(29.9, 44.5)","37.4","(30.5, 44.8)","36.2","(29.6, 42.9)","36.5","(29.8, 43.2)","20.1","(16.4, 24.1)","20.9","(16.9, 24.9)","56.1","(52.6, 59.7)","55.5","(51.7, 59.3)","22.3","(18.3, 26.5)","23.3","(19.3, 27.6)","15.1","(12.8, 17.5)","12.2","(10.3, 14.1)","23.5","(20.1, 27.1)","21.5","(18.4, 24.8)","40.7","(35.6, 45.7)","33.7","(28.7, 38.7)","3.9","( 3.5,  4.3)","3.1","( 2.8,  3.4)","37.6","(31.5, 43.8)","35.8","(30.0, 41.8)","72.8","(68.7, 76.7)","73.2","(69.1, 77.0)","18.0","(15.7, 20.6)","19.5","(17.0, 22.2)","38.3","(30.2, 46.5)","38.2","(30.0, 46.3)","14.9","(12.8, 17.2)","13.6","(11.7, 15.6)","39.5","(38.0, 41.0)","40.7","(39.1, 42.2)","4.4","( 3.9,  5.0)","3.5","( 3.1,  4.0)","16.0","(11.5, 20.9)","17.0","(12.4, 22.1)","8.1","( 7.1,  9.2)","6.6","( 5.8,  7.5)","6.6","( 5.7,  7.6)","6","( 5.2,  6.8)","16.4","(14.0, 18.9)","17.2","(14.6, 19.8)","21","(18.0, 24.1)","17.5","(15.1, 20.2)","5.3","( 4.6,  6.1)","4.6","( 4.0,  5.3)","10.5","( 9.0, 12.1)","10.1","( 8.7, 11.7)","37.8","(32.7, 42.9)","35.2","(30.3, 40.2)","POINT (-86.3200384 31.7303106)"
"MI","Michigan","Cheboygan","26031","25,752","7.5","( 5.7,  9.9)","8.3","( 6.2, 10.7)","35.6","(31.0, 40.6)","26.2","(22.4, 30.4)","14.0","(11.4, 16.9)","17.9","(14.7, 21.5)","40.9","(36.4, 45.7)","31.2","(27.2, 35.5)","83.3","(80.3, 85.9)","59.9","(55.0, 64.8)","9.7","( 8.8, 10.8)","6.5","( 5.9,  7.3)","10.9","( 9.6, 12.3)","11.3","( 9.9, 12.8)","82.4","(79.7, 85.0)","83.1","(80.7, 85.5)","9.3","( 8.0, 10.8)","6.0","( 5.2,  6.9)","77.6","(73.0, 81.8)","72.5","(67.2, 77.4)","87.4","(84.9, 89.8)","82.3","(79.0, 85.6)","76.4","(73.3, 79.3)","73.0","(69.4, 76.3)","10.3","( 8.3, 12.5)","7.6","( 6.2,  9.1)","46.0","(36.8, 56.1)","46.3","(37.0, 56.4)","41.9","(33.6, 50.7)","41.6","(33.5, 50.3)","18.9","(14.6, 23.2)","20.5","(16.0, 25.0)","66.6","(62.9, 70.5)","65.3","(61.5, 69.4)","23.5","(19.7, 27.9)","25.8","(21.8, 30.5)","13.2","(11.0, 15.5)","9.2","( 7.7, 10.7)","19.2","(15.8, 22.6)","16.3","(13.6, 19.2)","41.2","(36.5, 46.4)","31.0","(26.6, 35.8)","4.1","( 3.6,  4.6)","2.9","( 2.6,  3.2)","25.6","(20.3, 31.4)","23.1","(18.5, 28.2)","69.2","(64.4, 74.0)","69.3","(64.4, 74.2)","15.5","(13.3, 17.8)","18.2","(15.5, 20.9)","33.5","(26.4, 41.2)","33.5","(26.4, 41.2)","13.8","(11.6, 16.2)","11.8","(10.0, 13.7)","32.6","(30.9, 34.4)","34.6","(32.7, 36.3)","4.4","( 3.8,  5.0)","3.0","( 2.6,  3.4)","11.4","( 7.3, 16.5)","12.0","( 7.7, 17.2)","10","( 8.7, 11.4)","7.1","( 6.1,  8.0)","5.5","( 4.6,  6.6)","4.7","( 3.9,  5.5)","12.9","(10.6, 15.1)","14.1","(11.7, 16.6)","17.6","(14.6, 20.8)","12.8","(10.6, 15.0)","4.6","( 3.8,  5.4)","3.7","( 3.1,  4.3)","9","( 7.5, 10.5)","8.4","( 7.0,  9.8)","33.8","(28.6, 38.8)","29.5","(24.9, 34.0)","POINT (-84.4954307 45.4760217)"
"WI","Wisconsin","Marathon","55073","137,648","6.6","( 4.9,  8.7)","6.9","( 5.1,  9.0)","27.8","(24.3, 31.7)","23.3","(20.2, 26.7)","22.8","(19.3, 26.4)","25.3","(21.5, 29.2)","32.8","(29.2, 36.8)","28.1","(24.8, 31.6)","77.8","(74.5, 81.0)","56.9","(52.0, 61.8)","7.8","( 7.0,  8.7)","6.3","( 5.7,  7.0)","9.9","( 8.7, 11.1)","10.0","( 8.7, 11.3)","82.1","(79.4, 84.6)","82.5","(79.8, 84.9)","6.3","( 5.4,  7.2)","4.9","( 4.2,  5.7)","74.0","(69.7, 78.2)","71.4","(66.8, 75.9)","82.2","(79.0, 85.1)","79.1","(75.5, 82.5)","62.7","(59.1, 66.3)","60.6","(56.9, 64.4)","6.1","( 4.9,  7.5)","5.1","( 4.1,  6.2)","38.1","(30.2, 46.6)","38.6","(30.9, 46.9)","33.3","(26.4, 40.9)","33.7","(26.7, 41.2)","15.1","(11.6, 18.6)","15.5","(11.9, 19.2)","69.4","(66.0, 72.9)","68.8","(65.4, 72.5)","22.2","(18.7, 25.9)","23.1","(19.5, 27.0)","9.4","( 7.9, 11.0)","7.7","( 6.4,  9.0)","13.5","(10.9, 16.1)","12.3","( 9.9, 14.6)","37.5","(33.4, 41.7)","30.7","(26.8, 34.9)","3.1","( 2.8,  3.5)","2.6","( 2.3,  2.9)","22.3","(18.0, 26.9)","21.1","(17.0, 25.5)","73.8","(69.1, 78.0)","73.5","(68.8, 78.0)","13.3","(11.3, 15.3)","14.3","(12.1, 16.5)","34.2","(28.9, 40.1)","33.9","(28.5, 39.7)","10.5","( 8.8, 12.3)","9.5","( 8.0, 11.1)","31.0","(29.3, 32.6)","31.8","(30.1, 33.4)","3.1","( 2.7,  3.5)","2.5","( 2.2,  2.9)","9.0","( 5.5, 13.0)","9.6","( 5.9, 14.0)","6.9","( 6.0,  7.9)","5.8","( 5.0,  6.6)","3.7","( 3.1,  4.4)","3.4","( 2.8,  4.0)","10.8","( 8.9, 12.7)","11.3","( 9.2, 13.4)","11.1","( 9.2, 13.3)","9.2","( 7.6, 11.0)","3.2","( 2.7,  3.8)","2.8","( 2.3,  3.3)","6.2","( 5.1,  7.3)","6","( 4.9,  7.0)","24.1","(20.4, 28.0)","22.3","(18.7, 25.8)","POINT (-89.757823 44.8980363)"
"AL","Alabama","St. Clair","01115","92,748","10.7","( 8.2, 13.8)","11.2","( 8.4, 14.4)","31.9","(27.6, 36.1)","27.6","(23.7, 31.6)","14.2","(11.5, 17.1)","15.5","(12.6, 18.7)","38.4","(34.0, 42.7)","34.1","(30.0, 38.4)","80.1","(76.8, 82.9)","62.5","(57.6, 67.3)","7.6","( 6.8,  8.4)","6.4","( 5.7,  7.1)","10.1","( 8.8, 11.5)","10.2","( 8.9, 11.6)","84.2","(81.8, 86.3)","84.3","(81.9, 86.3)","7.0","( 6.1,  8.0)","5.8","( 5.1,  6.6)","75.2","(70.2, 79.7)","73.2","(68.0, 78.0)","86.7","(84.0, 89.2)","84.5","(81.4, 87.6)","74.2","(71.3, 76.9)","72.5","(69.4, 75.5)","8.5","( 7.0, 10.1)","7.3","( 6.1,  8.7)","43.7","(35.4, 52.3)","43.9","(35.8, 52.5)","39.8","(32.3, 47.7)","39.3","(32.1, 46.9)","18.1","(14.7, 22.2)","18.2","(14.7, 22.4)","61.6","(57.8, 65.0)","61.2","(57.4, 64.9)","23.2","(19.2, 27.5)","24","(19.8, 28.3)","12.3","(10.5, 14.3)","10.4","( 8.8, 12.1)","18.7","(15.9, 21.8)","17.3","(14.7, 20.3)","39.5","(34.8, 44.2)","33.7","(29.2, 38.3)","3.2","( 2.9,  3.6)","2.8","( 2.5,  3.1)","31.6","(26.6, 37.0)","30.3","(25.4, 35.7)","75.6","(71.5, 79.5)","75.6","(71.4, 79.5)","17.4","(14.9, 19.9)","18.4","(15.9, 21.3)","39.7","(32.7, 46.8)","39.2","(32.2, 46.2)","13.1","(11.2, 15.1)","12.0","(10.3, 14.0)","38.0","(36.3, 39.6)","38.6","(36.8, 40.2)","3.5","( 3.0,  3.9)","3.0","( 2.6,  3.4)","12.2","( 8.3, 16.8)","12.7","( 8.6, 17.5)","7.2","( 6.3,  8.1)","6.3","( 5.5,  7.1)","4.8","( 4.1,  5.6)","4.5","( 3.9,  5.2)","14.5","(12.3, 17.0)","15.1","(12.9, 17.7)","16.6","(14.1, 19.3)","14.4","(12.2, 16.7)","4","( 3.4,  4.6)","3.6","( 3.1,  4.1)","8.5","( 7.3,  9.9)","8.3","( 7.2,  9.7)","32.7","(28.2, 37.4)","31.1","(26.6, 35.7)","POINT (-86.3113273 33.7194907)"
"MI","Michigan","Alcona","26001","10,235","7.3","( 5.5,  9.6)","8.4","( 6.4, 11.1)","39.1","(33.9, 44.4)","26.0","(22.1, 30.4)","12.8","(10.3, 15.6)","18.6","(15.0, 22.4)","44.6","(39.6, 49.7)","30.9","(26.8, 35.3)","85.5","(82.5, 87.9)","59.7","(54.4, 64.6)","11.1","(10.0, 12.3)","6.5","( 5.8,  7.1)","10.6","( 9.2, 11.9)","11.2","( 9.7, 12.6)","81.9","(78.7, 84.7)","82.8","(80.1, 85.2)","10.9","( 9.3, 12.5)","6.0","( 5.2,  6.9)","79.6","(74.9, 83.7)","72.5","(66.7, 77.6)","89.2","(86.9, 91.2)","82.1","(78.4, 85.5)","77.2","(74.4, 79.9)","72.9","(69.6, 76.4)","11.4","( 9.2, 13.9)","7.6","( 6.3,  9.0)","44.1","(35.3, 53.3)","44.2","(35.3, 53.4)","39.5","(31.5, 47.7)","39.3","(31.5, 47.4)","18.2","(14.5, 22.4)","20.6","(16.2, 25.2)","67.2","(62.8, 71.2)","65.5","(61.5, 69.5)","22.9","(18.9, 27.3)","26.2","(21.8, 30.9)","14.8","(12.5, 17.4)","9.2","( 7.8, 10.8)","20.4","(16.8, 24.3)","16.3","(13.5, 19.3)","44.6","(39.2, 50.1)","31.5","(26.7, 36.4)","4.6","( 4.1,  5.1)","2.8","( 2.5,  3.2)","26.9","(21.6, 32.5)","23.2","(18.5, 28.1)","69.4","(64.4, 74.5)","69.5","(64.3, 74.5)","14.3","(12.3, 16.5)","18.0","(15.4, 20.7)","35.7","(27.8, 44.1)","35.9","(27.9, 44.3)","14.7","(12.4, 17.2)","11.8","(10.1, 13.7)","31.2","(29.4, 32.8)","34.0","(32.1, 35.6)","5.0","( 4.3,  5.8)","3.0","( 2.6,  3.4)","11.9","( 7.9, 16.4)","12.5","( 8.2, 17.4)","11.4","( 9.9, 13.0)","7","( 6.1,  7.9)","5.9","( 4.8,  7.0)","4.6","( 3.9,  5.4)","12.4","(10.3, 14.8)","14.2","(11.8, 16.7)","19.8","(16.4, 23.5)","12.7","(10.7, 14.9)","5","( 4.1,  5.9)","3.7","( 3.1,  4.3)","9.2","( 7.6, 11.0)","8.3","( 7.0,  9.7)","35.3","(30.4, 40.8)","28.7","(24.3, 33.7)","POINT (-83.2945804 44.6575092)"
"AL","Alabama","Franklin","01059","32,013","16.7","(13.5, 20.3)","17.5","(14.1, 21.3)","33.6","(29.3, 38.3)","29.4","(25.4, 33.8)","13.6","(10.9, 16.7)","14.9","(12.0, 18.2)","40.9","(36.4, 45.6)","36.7","(32.5, 41.3)","81.4","(78.4, 84.1)","64.4","(59.4, 69.3)","7.4","( 6.6,  8.2)","6.2","( 5.6,  6.9)","10.4","( 9.0, 11.9)","10.4","( 9.0, 11.9)","80.6","(78.2, 82.9)","81.3","(78.9, 83.4)","8.5","( 7.4,  9.7)","7.0","( 6.2,  8.0)","75.1","(70.1, 79.9)","73.1","(67.8, 78.3)","83.8","(80.6, 86.8)","81.8","(78.2, 85.1)","70.5","(67.3, 73.5)","68.5","(65.2, 71.7)","10.5","( 8.8, 12.5)","9.1","( 7.7, 10.8)","39.6","(31.3, 48.9)","40.0","(32.0, 49.2)","36.4","(29.3, 44.9)","36.4","(29.2, 44.8)","21.4","(17.5, 25.7)","21.8","(17.8, 26.2)","52.2","(48.6, 56.0)","51.7","(48.1, 55.5)","24.1","(20.0, 28.7)","24.7","(20.5, 29.3)","14.7","(12.6, 17.0)","12.6","(10.8, 14.5)","24.5","(21.0, 28.3)","23","(19.6, 26.5)","39.5","(34.6, 44.7)","33.7","(28.9, 38.8)","3.7","( 3.3,  4.1)","3.2","( 2.9,  3.6)","37.5","(31.5, 43.8)","36.3","(30.6, 42.6)","70.7","(66.2, 75.3)","70.7","(65.8, 75.2)","19.0","(16.5, 21.7)","19.9","(17.3, 22.8)","39.1","(31.2, 47.8)","39.1","(31.1, 47.8)","15.8","(13.6, 18.1)","14.7","(12.6, 16.9)","36.8","(35.2, 38.3)","37.5","(35.9, 39.0)","4.1","( 3.6,  4.7)","3.5","( 3.1,  4.0)","16.6","(11.4, 22.6)","17.6","(12.1, 24.2)","8.8","( 7.7, 10.0)","7.7","( 6.7,  8.7)","7.3","( 6.2,  8.4)","6.8","( 5.9,  7.8)","17.9","(15.2, 20.6)","18.4","(15.6, 21.3)","21.3","(18.4, 24.4)","18.6","(16.0, 21.4)","5.7","( 4.9,  6.6)","5.1","( 4.4,  5.9)","11.2","( 9.6, 13.0)","10.9","( 9.3, 12.6)","38.6","(33.5, 44.2)","36.7","(31.9, 42.1)","POINT (-87.8428144 34.4419892)"
"MI","Michigan","Presque Isle","26141","13,093","7.2","( 5.4,  9.3)","8.2","( 6.1, 10.7)","38.1","(33.2, 43.2)","26.3","(22.4, 30.6)","13.4","(10.7, 16.2)","18.4","(14.9, 22.1)","44.2","(39.4, 49.1)","31.9","(27.8, 36.4)","84.4","(81.4, 87.1)","59.5","(54.3, 64.5)","10.7","( 9.6, 11.8)","6.5","( 5.9,  7.2)","10.7","( 9.3, 12.1)","11.2","( 9.9, 12.8)","82.2","(79.0, 85.1)","83.0","(80.5, 85.6)","10.2","( 8.7, 11.7)","6.0","( 5.1,  6.8)","79.4","(74.9, 83.4)","73.1","(67.8, 78.2)","88.7","(86.4, 90.7)","82.6","(79.3, 85.7)","78.6","(75.8, 81.2)","74.2","(70.7, 77.4)","10.9","( 8.9, 13.2)","7.6","( 6.2,  9.0)","46.3","(36.5, 55.0)","46.6","(36.6, 55.0)","38.6","(30.4, 46.3)","38.7","(30.3, 46.1)","18.2","(14.5, 22.4)","20.3","(16.0, 24.7)","66.5","(62.7, 70.2)","65.0","(61.2, 68.7)","22.9","(19.0, 27.3)","25.9","(21.5, 30.5)","14.0","(11.8, 16.3)","9.1","( 7.7, 10.7)","19.8","(16.3, 23.5)","16.2","(13.5, 19.2)","44.4","(39.2, 49.7)","32.3","(27.7, 37.2)","4.4","( 3.8,  4.9)","2.8","( 2.5,  3.1)","26.9","(21.6, 32.3)","23.6","(18.8, 28.6)","70.8","(65.6, 75.7)","70.7","(65.5, 75.4)","14.8","(12.6, 17.0)","18.1","(15.4, 20.7)","37.7","(29.7, 46.0)","37.9","(30.1, 46.4)","14.5","(12.2, 16.9)","12.0","(10.2, 13.9)","31.6","(29.8, 33.3)","34.1","(32.2, 35.9)","4.7","( 4.0,  5.4)","2.9","( 2.6,  3.3)","11.4","( 7.5, 15.9)","12.0","( 7.9, 17.1)","10.7","( 9.3, 12.2)","6.9","( 6.1,  7.9)","5.6","( 4.7,  6.6)","4.5","( 3.8,  5.3)","12.6","(10.5, 14.8)","14.2","(11.8, 16.7)","19.1","(15.9, 22.4)","12.9","(10.9, 15.2)","4.7","( 3.9,  5.6)","3.6","( 3.1,  4.2)","9","( 7.5, 10.7)","8.3","( 6.9,  9.7)","35.4","(30.3, 40.8)","29.7","(25.1, 34.7)","POINT (-83.4322825 45.2523973)"
"WI","Wisconsin","Jefferson","55055","84,943","6.8","( 5.1,  9.0)","7.2","( 5.4,  9.5)","28.3","(24.3, 32.6)","24.2","(20.5, 28.1)","22.0","(18.5, 25.9)","24.2","(20.3, 28.4)","31.6","(27.4, 35.9)","27.5","(23.7, 31.5)","77.9","(74.2, 81.2)","57.2","(52.1, 62.2)","7.7","( 6.9,  8.6)","6.4","( 5.8,  7.1)","10.2","( 9.0, 11.6)","10.3","( 9.1, 11.7)","83.1","(80.7, 85.6)","83.4","(81.1, 85.9)","6.0","( 5.1,  7.0)","4.9","( 4.2,  5.7)","74.3","(69.4, 78.8)","72.0","(66.7, 76.8)","82.0","(78.8, 84.8)","79.4","(75.8, 82.7)","63.6","(60.2, 67.0)","61.5","(58.0, 65.0)","5.9","( 4.8,  7.3)","5.1","( 4.1,  6.2)","38.7","(30.4, 47.2)","39.2","(30.9, 47.4)","33.6","(26.5, 40.9)","33.5","(26.5, 40.5)","14.0","(10.5, 17.7)","14.4","(10.9, 18.4)","68.6","(65.1, 72.1)","67.9","(64.2, 71.8)","22","(18.2, 26.2)","22.8","(18.9, 27.0)","8.7","( 7.2, 10.3)","7.2","( 6.0,  8.6)","13.1","(10.5, 15.7)","12","( 9.7, 14.5)","35.3","(31.0, 39.8)","29.1","(25.0, 33.4)","3.0","( 2.7,  3.4)","2.6","( 2.3,  2.9)","19.3","(15.1, 23.7)","18.4","(14.6, 22.7)","71.9","(67.1, 76.2)","71.6","(66.7, 76.0)","13.5","(11.5, 15.9)","14.4","(12.3, 16.9)","33.3","(26.6, 40.4)","33.2","(26.6, 40.3)","10.2","( 8.5, 12.0)","9.4","( 7.8, 11.0)","31.4","(29.7, 33.0)","32.2","(30.3, 34.0)","3.0","( 2.6,  3.4)","2.5","( 2.2,  2.8)","9.0","( 5.5, 12.9)","9.5","( 5.9, 13.6)","6.6","( 5.7,  7.6)","5.7","( 5.0,  6.5)","3.6","( 3.0,  4.4)","3.4","( 2.8,  4.0)","10.6","( 8.8, 12.9)","11.1","( 9.1, 13.4)","10.9","( 8.8, 13.1)","9.2","( 7.5, 11.0)","3.1","( 2.6,  3.7)","2.8","( 2.3,  3.3)","6.1","( 4.9,  7.3)","5.9","( 4.8,  7.1)","23.2","(19.1, 27.6)","21.7","(17.8, 25.8)","POINT (-88.7739847 43.0138045)"
"WI","Wisconsin","Ozaukee","55089","92,497","4.7","( 3.4,  6.3)","5.0","( 3.6,  6.8)","27.7","(23.8, 32.0)","22.3","(18.9, 26.0)","21.9","(18.4, 26.3)","25.2","(21.2, 30.0)","31.3","(27.4, 35.6)","25.8","(22.3, 29.8)","78.8","(75.2, 82.2)","56.2","(51.2, 61.6)","8.5","( 7.7,  9.5)","6.6","( 5.9,  7.3)","9.6","( 8.4, 11.0)","9.8","( 8.5, 11.1)","84.9","(82.0, 87.4)","85.4","(82.6, 87.7)","5.7","( 4.9,  6.6)","4.2","( 3.6,  4.9)","77.1","(72.6, 81.6)","74.0","(69.1, 78.9)","85.0","(82.2, 87.7)","81.8","(78.5, 85.1)","65.8","(62.3, 69.1)","63.3","(59.7, 66.8)","4.9","( 3.9,  6.2)","4.0","( 3.2,  4.9)","42.0","(33.3, 51.2)","42.3","(33.7, 51.3)","35.9","(28.4, 43.8)","36.2","(28.7, 43.9)","10.5","( 7.7, 13.9)","11.1","( 8.1, 14.6)","74.7","(71.3, 77.7)","73.8","(70.2, 77.1)","19.1","(15.8, 23.0)","20.2","(16.6, 24.3)","8.4","( 7.0,  9.9)","6.5","( 5.5,  7.8)","10.5","( 8.4, 12.8)","9.3","( 7.5, 11.4)","37.6","(33.1, 42.6)","30.3","(26.1, 35.2)","3.0","( 2.6,  3.3)","2.3","( 2.1,  2.6)","16.1","(12.7, 20.2)","14.9","(11.7, 18.9)","76.9","(72.3, 80.9)","76.8","(71.8, 80.9)","11.7","( 9.8, 13.8)","12.8","(10.7, 15.1)","28.1","(22.0, 35.1)","28.1","(21.9, 35.2)","8.6","( 7.2, 10.2)","7.6","( 6.3,  9.1)","26.7","(25.1, 28.3)","27.8","(26.0, 29.5)","2.7","( 2.3,  3.2)","2.1","( 1.8,  2.5)","6.5","( 3.7, 10.3)","6.9","( 4.0, 10.6)","6.3","( 5.4,  7.2)","5","( 4.3,  5.7)","2.9","( 2.4,  3.5)","2.6","( 2.2,  3.1)","8.4","( 6.8, 10.2)","8.8","( 7.1, 10.9)","9.4","( 7.7, 11.5)","7.4","( 6.0,  9.1)","2.5","( 2.1,  3.1)","2.2","( 1.8,  2.6)","4.9","( 4.0,  6.0)","4.6","( 3.8,  5.7)","19.6","(16.1, 23.7)","17.6","(14.4, 21.2)","POINT (-87.8475669 43.5018446)"
"MI","Michigan","Marquette","26103","66,103","6.7","( 5.0,  8.9)","6.9","( 5.2,  9.2)","29.6","(25.6, 33.8)","26.8","(22.8, 30.6)","17.2","(14.1, 20.5)","18.7","(15.3, 22.3)","33.4","(29.3, 37.5)","30.5","(26.6, 34.5)","78.7","(75.6, 81.5)","59.3","(54.3, 64.2)","7.7","( 6.9,  8.5)","6.6","( 5.8,  7.3)","11.0","( 9.7, 12.5)","11.0","( 9.7, 12.5)","81.0","(77.8, 84.1)","83.6","(80.8, 86.2)","6.8","( 5.8,  7.9)","5.6","( 4.9,  6.5)","75.5","(70.8, 79.9)","73.7","(68.8, 78.3)","83.8","(80.4, 86.8)","83.5","(80.1, 86.5)","79.0","(76.4, 81.6)","76.2","(73.1, 79.3)","7.6","( 6.1,  9.3)","6.7","( 5.5,  8.2)","50.4","(41.8, 58.6)","51.0","(42.4, 58.8)","43.0","(35.4, 50.3)","43.2","(35.7, 50.3)","16.1","(12.6, 20.0)","17.8","(13.7, 22.3)","72.2","(68.7, 75.6)","71.3","(68.0, 74.8)","25.3","(21.1, 29.8)","25.9","(21.7, 30.2)","9.8","( 8.2, 11.6)","8.6","( 7.2, 10.1)","15.1","(12.5, 18.2)","14.4","(11.8, 17.2)","34.6","(30.1, 39.1)","29.7","(25.3, 34.4)","3.2","( 2.8,  3.5)","2.7","( 2.5,  3.0)","20.1","(16.2, 24.7)","19.7","(15.7, 24.1)","72.1","(67.8, 76.2)","71.9","(67.4, 76.3)","16.3","(13.9, 18.9)","16.8","(14.4, 19.3)","32.7","(26.2, 39.7)","34.1","(27.4, 40.9)","11.4","( 9.6, 13.4)","10.9","( 9.3, 12.8)","30.2","(28.5, 32.0)","31.7","(30.0, 33.5)","3.2","( 2.8,  3.7)","2.8","( 2.4,  3.2)","9.5","( 6.1, 13.9)","10.1","( 6.4, 14.8)","7.6","( 6.6,  8.6)","6.6","( 5.8,  7.4)","4.3","( 3.6,  5.1)","4","( 3.4,  4.8)","12.4","(10.1, 14.8)","12.5","(10.4, 14.9)","13.1","(10.9, 15.5)","11.7","( 9.7, 13.9)","3.4","( 2.9,  4.1)","3.3","( 2.7,  3.8)","7.5","( 6.2,  9.0)","7.3","( 6.0,  8.7)","28.3","(23.9, 32.8)","26.5","(22.5, 31.0)","POINT (-87.5840278 46.6565964)"
"WI","Wisconsin","Forest","55041","9,258","8.0","( 6.3, 10.1)","8.8","( 6.8, 11.2)","34.6","(30.0, 39.1)","27.1","(23.0, 31.0)","20.2","(16.8, 23.9)","24.2","(20.2, 28.4)","37.9","(33.4, 42.3)","30.5","(26.4, 34.5)","81.4","(78.0, 84.1)","59.0","(53.8, 63.8)","8.8","( 7.9,  9.8)","6.4","( 5.8,  7.1)","10.9","( 9.6, 12.3)","11.2","( 9.8, 12.7)","81.1","(78.5, 83.5)","81.8","(79.5, 84.0)","8.5","( 7.3,  9.7)","6.0","( 5.2,  6.9)","75.9","(71.0, 80.1)","71.8","(66.5, 76.6)","81.6","(78.6, 84.6)","76.7","(72.9, 80.4)","61.1","(57.9, 64.4)","57.7","(54.6, 60.9)","8.6","( 7.1, 10.3)","6.7","( 5.6,  8.0)","32.0","(24.6, 40.1)","32.5","(25.2, 40.6)","33.1","(26.2, 40.6)","33.0","(26.2, 40.3)","18.5","(15.1, 22.3)","19.9","(16.2, 23.9)","62.4","(59.0, 65.6)","61.2","(57.8, 64.5)","23.2","(19.2, 27.3)","24.8","(20.5, 29.1)","12.6","(10.6, 14.6)","9.4","( 7.9, 11.0)","18.7","(15.7, 22.2)","16.5","(14.0, 19.4)","40.6","(35.6, 45.3)","31.1","(26.5, 35.7)","3.9","( 3.5,  4.3)","3.0","( 2.7,  3.3)","24.2","(19.6, 29.0)","22.4","(18.1, 27.0)","73.2","(68.9, 77.4)","72.8","(68.6, 77.1)","14.6","(12.6, 16.7)","16.4","(14.2, 18.8)","39.7","(32.2, 47.3)","39.9","(32.5, 47.5)","13.4","(11.4, 15.5)","11.8","(10.1, 13.7)","31.6","(30.1, 32.8)","33.2","(31.8, 34.5)","4.1","( 3.7,  4.7)","3.1","( 2.8,  3.5)","12.8","( 8.9, 17.4)","13.6","( 9.4, 18.3)","9.2","( 8.0, 10.3)","7.1","( 6.2,  8.0)","5.4","( 4.6,  6.3)","4.8","( 4.1,  5.5)","13.2","(11.2, 15.4)","14.2","(12.0, 16.5)","16.1","(13.6, 18.8)","12.4","(10.5, 14.6)","4.7","( 4.0,  5.4)","3.9","( 3.4,  4.5)","8.4","( 7.2,  9.9)","8","( 6.8,  9.3)","31.2","(26.6, 35.8)","28","(23.9, 32.5)","POINT (-88.7733265 45.6668806)"
"AL","Alabama","Tallapoosa","01123","41,023","11.9","( 9.3, 14.7)","12.7","(10.0, 15.8)","36.4","(31.6, 41.3)","29.1","(24.9, 33.4)","12.6","(10.2, 15.4)","14.9","(12.1, 18.2)","46.5","(41.9, 51.3)","39.2","(34.8, 43.8)","83.3","(80.6, 85.8)","65.2","(60.5, 70.0)","8.5","( 7.6,  9.3)","6.2","( 5.6,  6.9)","10.6","( 9.2, 12.1)","10.8","( 9.5, 12.3)","83.1","(81.0, 85.3)","83.7","(81.7, 85.8)","9.0","( 7.8, 10.3)","6.4","( 5.6,  7.4)","78.2","(73.6, 82.4)","74.9","(69.8, 79.6)","87.3","(84.8, 89.6)","84.0","(80.9, 86.9)","73.6","(70.9, 76.3)","71.0","(68.1, 73.8)","10.3","( 8.6, 12.2)","8.1","( 6.8,  9.6)","39.5","(31.8, 47.7)","39.9","(32.4, 48.0)","38.7","(31.8, 46.0)","38.2","(31.3, 45.5)","19.4","(15.8, 23.4)","20.5","(16.8, 24.8)","58.3","(54.6, 61.7)","57.3","(53.7, 60.8)","22.4","(18.4, 26.7)","23.7","(19.5, 28.2)","16.0","(13.8, 18.6)","12.3","(10.6, 14.3)","23.4","(19.9, 27.1)","21","(17.8, 24.4)","42.4","(37.4, 47.5)","34.0","(29.2, 39.0)","4.1","( 3.7,  4.5)","3.1","( 2.8,  3.5)","35.5","(29.9, 41.4)","33.3","(27.9, 38.9)","73.6","(69.9, 77.3)","73.9","(70.1, 77.6)","17.2","(14.8, 19.7)","19.1","(16.4, 21.9)","41.2","(33.4, 49.3)","41.2","(33.5, 49.3)","15.1","(13.0, 17.5)","13.4","(11.5, 15.5)","37.2","(35.8, 38.5)","38.7","(37.2, 40.2)","4.6","( 4.1,  5.2)","3.5","( 3.1,  3.9)","16.1","(11.5, 21.3)","16.9","(11.9, 22.1)","8.4","( 7.4,  9.6)","6.5","( 5.7,  7.4)","6.6","( 5.7,  7.6)","5.9","( 5.0,  6.7)","15.7","(13.4, 18.2)","16.7","(14.2, 19.4)","21.4","(18.5, 24.7)","17","(14.5, 19.7)","5.4","( 4.7,  6.2)","4.6","( 4.0,  5.2)","10.3","( 8.8, 12.0)","9.9","( 8.3, 11.4)","37","(32.0, 42.1)","33.6","(28.9, 38.8)","POINT (-85.7996176 32.8633076)"
"AL","Alabama","Baldwin","01003","239,294","8.9","( 6.7, 11.5)","9.5","( 7.2, 12.2)","32.7","(28.8, 36.4)","26.4","(23.1, 29.7)","15.3","(12.7, 18.3)","17.8","(14.8, 21.2)","39.2","(35.2, 43.1)","32.7","(29.2, 36.2)","82.4","(79.5, 85.0)","62.8","(57.9, 67.5)","8.4","( 7.5,  9.2)","6.3","( 5.7,  7.0)","9.7","( 8.5, 11.0)","9.9","( 8.7, 11.2)","85.1","(82.7, 87.4)","85.3","(83.1, 87.5)","7.4","( 6.4,  8.5)","5.5","( 4.7,  6.3)","75.9","(71.7, 79.8)","72.6","(68.1, 76.9)","88.1","(85.6, 90.3)","85.2","(82.0, 87.9)","74.2","(71.4, 76.9)","71.5","(68.3, 74.5)","8.1","( 6.5,  9.8)","6.5","( 5.3,  7.7)","55.7","(47.4, 63.7)","55.8","(47.9, 63.8)","41.5","(34.1, 49.1)","40.8","(33.7, 48.3)","14.5","(11.4, 17.8)","15.0","(11.7, 18.6)","66.3","(62.7, 70.0)","65.5","(61.7, 69.2)","22","(18.7, 25.4)","23.2","(19.8, 26.9)","12.6","(10.7, 14.7)","9.8","( 8.3, 11.4)","17","(14.2, 20.0)","15.2","(12.7, 17.9)","39.3","(35.4, 43.3)","31.9","(28.1, 35.8)","3.4","( 3.0,  3.8)","2.7","( 2.4,  3.0)","29.4","(24.8, 34.2)","27.6","(23.2, 32.2)","75.2","(70.9, 79.0)","75.4","(70.9, 79.1)","15.7","(13.6, 17.9)","17.3","(15.0, 19.8)","37.4","(32.1, 43.0)","37.2","(32.1, 42.7)","12.3","(10.4, 14.3)","11.0","( 9.3, 12.7)","33.9","(32.3, 35.5)","35.1","(33.4, 36.8)","3.5","( 3.0,  4.0)","2.7","( 2.4,  3.1)","9.5","( 6.1, 13.8)","9.9","( 6.3, 14.2)","7.5","( 6.5,  8.6)","6","( 5.2,  6.8)","4.4","( 3.7,  5.2)","4","( 3.4,  4.6)","12.5","(10.5, 14.7)","13.3","(11.2, 15.7)","16.5","(13.9, 19.3)","13.2","(11.2, 15.4)","3.6","( 3.0,  4.2)","3.1","( 2.6,  3.6)","7.5","( 6.3,  8.8)","7.2","( 6.1,  8.5)","31.8","(27.4, 36.2)","29.1","(25.1, 33.3)","POINT (-87.7460666 30.6592183)"
"MI","Michigan","Berrien","26021","153,101","7.9","( 6.1, 10.0)","8.4","( 6.5, 10.6)","31.9","(28.0, 35.8)","26.2","(22.8, 29.9)","15.7","(13.0, 18.8)","17.9","(15.0, 21.4)","37.1","(33.2, 41.2)","31.5","(27.9, 35.3)","80.6","(77.6, 83.4)","60.8","(56.0, 65.6)","8.2","( 7.4,  9.0)","6.3","( 5.7,  7.0)","11.0","( 9.7, 12.4)","11.2","( 9.9, 12.6)","82.7","(80.4, 85.0)","83.4","(81.1, 85.4)","7.5","( 6.5,  8.6)","5.7","( 4.9,  6.5)","74.9","(70.6, 79.2)","71.9","(67.2, 76.6)","85.9","(83.3, 88.2)","83.1","(80.1, 85.9)","74.8","(72.0, 77.3)","72.4","(69.3, 75.2)","8.6","( 7.0, 10.2)","7.0","( 5.8,  8.3)","45.7","(37.3, 54.3)","46.2","(37.7, 54.6)","33.1","(26.4, 40.3)","33.4","(26.7, 40.3)","17.1","(13.7, 20.6)","17.9","(14.3, 21.8)","65.2","(62.0, 68.4)","64.4","(61.0, 67.7)","23.1","(19.5, 27.0)","24.2","(20.4, 28.2)","12.9","(11.1, 14.9)","10.4","( 8.9, 12.0)","18","(15.2, 21.0)","16.4","(13.9, 19.1)","36.9","(32.7, 41.2)","30.0","(26.0, 34.3)","3.7","( 3.3,  4.1)","2.9","( 2.6,  3.3)","24.3","(20.0, 28.8)","23.0","(18.9, 27.4)","70.2","(65.6, 74.6)","70.1","(65.7, 74.7)","15.7","(13.6, 18.0)","17.1","(14.8, 19.5)","37.0","(31.0, 43.3)","37.1","(31.1, 43.5)","12.5","(10.7, 14.5)","11.3","( 9.7, 13.1)","33.4","(32.0, 34.8)","34.7","(33.2, 36.2)","3.8","( 3.3,  4.4)","3.0","( 2.7,  3.4)","10.8","( 7.1, 15.3)","11.5","( 7.6, 16.2)","8","( 7.0,  9.1)","6.4","( 5.6,  7.3)","5.4","( 4.6,  6.2)","4.9","( 4.2,  5.6)","13","(11.0, 15.1)","13.7","(11.6, 16.0)","15.5","(13.1, 18.0)","12.6","(10.7, 14.7)","4.3","( 3.7,  5.0)","3.8","( 3.2,  4.4)","8.6","( 7.3, 10.0)","8.2","( 7.0,  9.6)","29.8","(25.5, 34.3)","27.3","(23.3, 31.5)","POINT (-86.7425435 41.7913818)"
"WI","Wisconsin","Portage","55097","70,468","6.3","( 4.6,  8.4)","6.6","( 4.9,  8.8)","25.7","(22.1, 29.4)","23.8","(20.3, 27.4)","22.2","(18.7, 26.1)","23.5","(19.7, 27.6)","28.4","(24.8, 32.2)","26.6","(23.1, 30.3)","77.4","(73.9, 80.3)","57.6","(52.5, 62.7)","7.2","( 6.5,  8.1)","6.4","( 5.8,  7.2)","10.0","( 8.7, 11.3)","10.0","( 8.7, 11.3)","80.9","(77.8, 83.8)","83.3","(80.7, 85.6)","5.8","( 4.9,  6.6)","5.0","( 4.3,  5.8)","74.1","(69.3, 78.4)","72.7","(67.8, 77.2)","78.8","(75.3, 82.3)","78.9","(75.3, 82.4)","62.9","(59.3, 66.4)","60.2","(56.5, 63.9)","5.7","( 4.6,  6.9)","5.2","( 4.2,  6.3)","33.5","(25.6, 42.3)","34.0","(26.2, 42.8)","36.3","(28.7, 44.4)","36.4","(29.0, 44.5)","12.9","( 9.8, 16.1)","14.1","(10.7, 17.8)","69.8","(66.1, 73.4)","68.9","(65.3, 72.7)","22.9","(19.0, 27.0)","23.1","(19.3, 27.3)","8.4","( 7.0,  9.9)","7.6","( 6.3,  8.9)","12.6","(10.4, 15.1)","12.1","(10.0, 14.6)","35.8","(31.7, 40.3)","30.9","(26.7, 35.4)","2.9","( 2.5,  3.2)","2.6","( 2.3,  2.9)","20.5","(16.3, 25.0)","20.2","(16.2, 24.8)","73.5","(68.9, 77.6)","73.3","(68.4, 77.6)","14.1","(11.9, 16.5)","14.3","(12.0, 16.6)","30.9","(25.2, 37.4)","32.2","(26.1, 38.7)","9.7","( 8.1, 11.5)","9.5","( 7.9, 11.1)","29.1","(27.4, 30.8)","30.3","(28.6, 32.2)","2.8","( 2.4,  3.2)","2.5","( 2.2,  2.9)","8.9","( 5.8, 12.8)","9.4","( 6.2, 13.6)","6.5","( 5.6,  7.4)","5.8","( 5.1,  6.7)","3.6","( 3.0,  4.3)","3.5","( 2.9,  4.1)","11.2","( 9.0, 13.5)","11.2","( 9.0, 13.4)","10.1","( 8.3, 12.1)","9.3","( 7.6, 11.1)","3","( 2.5,  3.5)","2.9","( 2.4,  3.4)","6.1","( 5.0,  7.4)","6","( 4.9,  7.2)","22.7","(18.9, 26.7)","21.5","(18.0, 25.3)","POINT (-89.4980699 44.4762457)"
"AL","Alabama","Butler","01013","18,884","12.7","(10.3, 15.5)","13.3","(10.7, 16.3)","35.3","(30.6, 40.1)","29.2","(25.0, 33.6)","12.1","( 9.7, 14.7)","14.0","(11.2, 17.0)","48.1","(43.3, 52.9)","42.0","(37.3, 46.6)","83.7","(81.1, 86.1)","68.0","(63.2, 72.7)","7.9","( 7.1,  8.7)","6.0","( 5.4,  6.6)","11.0","( 9.7, 12.6)","11.3","( 9.9, 12.9)","83.3","(81.5, 85.2)","83.8","(82.1, 85.7)","8.7","( 7.7,  9.8)","6.4","( 5.7,  7.2)","79.9","(75.4, 84.0)","77.3","(72.5, 81.8)","86.9","(84.2, 89.3)","84.1","(80.9, 87.0)","73.2","(71.0, 75.5)","70.4","(67.8, 73.0)","10.0","( 8.6, 11.7)","8.2","( 7.0,  9.5)","42.5","(36.0, 49.5)","42.9","(36.2, 49.7)","35.8","(30.1, 41.9)","36.9","(31.2, 42.9)","20.1","(16.7, 23.9)","21.1","(17.6, 25.2)","55.2","(52.2, 58.2)","54.3","(51.0, 57.3)","20.3","(16.7, 24.3)","21.4","(17.6, 25.5)","17.3","(15.0, 19.8)","14.0","(12.1, 16.1)","25.6","(22.4, 29.0)","23.4","(20.4, 26.7)","40.7","(35.7, 45.7)","33.5","(28.7, 38.4)","4.3","( 3.9,  4.7)","3.4","( 3.1,  3.7)","38.4","(33.1, 44.4)","36.5","(31.1, 42.4)","75.1","(72.0, 78.1)","74.9","(71.6, 78.1)","18.2","(15.9, 20.8)","19.9","(17.4, 22.7)","41.6","(33.7, 50.2)","42.0","(34.0, 50.4)","15.5","(13.6, 17.8)","14.1","(12.2, 16.1)","39.4","(38.1, 40.6)","40.9","(39.6, 42.3)","4.9","( 4.4,  5.5)","3.8","( 3.4,  4.3)","15.9","(12.0, 20.0)","17.2","(13.0, 21.6)","8","( 7.1,  9.0)","6.2","( 5.5,  7.0)","7.6","( 6.6,  8.6)","6.8","( 6.0,  7.7)","16.7","(14.4, 19.1)","17.5","(15.1, 20.1)","23.2","(20.5, 26.3)","19.1","(16.7, 21.7)","6","( 5.3,  6.8)","5.2","( 4.6,  5.9)","11.7","(10.2, 13.2)","11.1","( 9.7, 12.6)","39.8","(34.9, 44.8)","36.6","(31.9, 41.6)","POINT (-86.6819689 31.751667)"
"AL","Alabama","Talladega","01121","81,524","12.8","(10.2, 15.7)","13.4","(10.7, 16.4)","35.5","(31.1, 40.2)","30.8","(26.7, 35.1)","12.9","(10.4, 15.8)","14.3","(11.6, 17.5)","46.1","(41.6, 50.8)","41.5","(37.0, 46.0)","82.5","(79.8, 85.0)","67.4","(62.7, 72.0)","7.5","( 6.8,  8.3)","6.2","( 5.6,  6.9)","11.1","( 9.7, 12.6)","11.2","( 9.8, 12.8)","82.6","(80.6, 84.7)","83.3","(81.4, 85.2)","8.3","( 7.3,  9.4)","6.7","( 5.9,  7.6)","77.2","(72.5, 81.3)","75.1","(70.2, 79.6)","85.7","(82.9, 88.4)","83.6","(80.5, 86.7)","73.4","(71.0, 75.8)","71.3","(68.6, 73.9)","9.9","( 8.4, 11.6)","8.5","( 7.2,  9.9)","40.9","(33.8, 48.8)","41.4","(34.1, 49.3)","40.7","(34.4, 47.2)","40.4","(34.0, 46.9)","20.6","(16.9, 24.6)","21.3","(17.5, 25.4)","57.4","(54.4, 60.3)","56.7","(53.7, 59.9)","22.5","(18.7, 26.6)","23.2","(19.3, 27.4)","15.9","(13.8, 18.3)","13.4","(11.6, 15.4)","24.3","(21.0, 27.7)","22.7","(19.6, 26.0)","40.0","(35.5, 44.8)","33.8","(29.2, 38.6)","3.9","( 3.5,  4.3)","3.3","( 3.0,  3.7)","39.1","(33.7, 44.8)","37.8","(32.2, 43.6)","73.3","(69.5, 76.4)","73.3","(69.4, 76.6)","19.1","(16.7, 21.7)","20.3","(17.7, 23.1)","42.1","(34.7, 49.7)","42.1","(34.5, 49.6)","15.3","(13.3, 17.5)","14.1","(12.3, 16.2)","42.1","(40.8, 43.3)","43.2","(41.8, 44.4)","4.5","( 4.0,  5.0)","3.7","( 3.3,  4.2)","16.9","(12.7, 22.1)","17.8","(13.4, 23.1)","7.8","( 6.9,  8.8)","6.7","( 5.9,  7.6)","7.1","( 6.2,  8.0)","6.6","( 5.7,  7.5)","16.9","(14.6, 19.5)","17.6","(15.2, 20.3)","21.5","(18.7, 24.4)","18.5","(16.1, 21.1)","5.7","( 5.0,  6.5)","5.1","( 4.5,  5.8)","11.1","( 9.6, 12.7)","10.8","( 9.4, 12.4)","38.4","(33.9, 43.2)","36.3","(31.8, 41.1)","POINT (-86.1759302 33.3693135)"
"MI","Michigan","St. Joseph","26149","60,758","9.3","( 7.2, 11.7)","9.8","( 7.5, 12.4)","30.5","(26.4, 34.7)","25.7","(22.1, 29.6)","15.9","(13.0, 19.1)","17.8","(14.5, 21.4)","37.5","(33.3, 41.8)","32.5","(28.5, 36.7)","79.4","(76.0, 82.3)","59.6","(54.6, 64.5)","8.0","( 7.1,  8.8)","6.4","( 5.8,  7.1)","11.1","( 9.7, 12.5)","11.2","( 9.8, 12.6)","81.3","(78.5, 83.8)","81.9","(79.3, 84.2)","7.6","( 6.5,  8.8)","6.0","( 5.2,  6.8)","75.2","(70.4, 79.8)","72.7","(67.5, 77.6)","84.3","(81.3, 87.0)","81.8","(78.3, 84.9)","74.5","(71.4, 77.5)","72.1","(68.8, 75.6)","9.2","( 7.5, 11.0)","7.7","( 6.4,  9.2)","46.5","(37.7, 56.2)","47.1","(38.4, 56.0)","33.6","(26.6, 41.4)","33.7","(26.8, 41.1)","19.9","(16.0, 24.1)","20.6","(16.5, 25.0)","63.8","(59.8, 67.6)","63.2","(59.1, 67.1)","24.2","(20.2, 28.5)","25.2","(21.1, 29.6)","11.3","( 9.6, 13.2)","9.3","( 7.9, 10.8)","18.9","(16.0, 22.3)","17.4","(14.5, 20.4)","38.2","(33.5, 42.9)","31.6","(27.1, 36.4)","3.5","( 3.1,  3.9)","2.9","( 2.6,  3.2)","27.5","(22.7, 32.6)","26.1","(21.6, 31.4)","67.3","(62.4, 72.0)","67.1","(61.9, 71.8)","17.0","(14.7, 19.4)","18.2","(15.8, 21.0)","38.5","(31.1, 46.0)","38.5","(31.1, 46.0)","13.2","(11.3, 15.3)","12.1","(10.3, 14.1)","33.5","(31.9, 35.0)","34.4","(32.8, 36.0)","3.7","( 3.2,  4.3)","3.0","( 2.7,  3.5)","12.8","( 8.6, 17.6)","13.7","( 9.2, 18.6)","8.2","( 7.2,  9.3)","6.9","( 6.0,  7.8)","5.3","( 4.5,  6.2)","4.9","( 4.1,  5.7)","13.7","(11.5, 16.0)","14.3","(11.9, 16.8)","15.7","(13.1, 18.3)","13.2","(11.1, 15.4)","4.3","( 3.6,  5.0)","3.8","( 3.2,  4.4)","8.8","( 7.4, 10.4)","8.5","( 7.2, 10.0)","31.5","(26.8, 36.3)","29.3","(24.9, 33.9)","POINT (-85.5228703 41.9114878)"
"MI","Michigan","Van Buren","26159","75,658","9.1","( 7.1, 11.5)","9.8","( 7.6, 12.3)","29.8","(25.8, 33.8)","24.6","(21.2, 28.1)","16.1","(13.3, 19.1)","18.2","(15.0, 21.6)","36.7","(32.6, 40.7)","31.2","(27.5, 34.9)","80.2","(77.1, 82.9)","60.0","(55.0, 64.5)","8.1","( 7.2,  8.9)","6.4","( 5.8,  7.1)","10.9","( 9.5, 12.3)","11.0","( 9.6, 12.4)","82.2","(79.9, 84.5)","82.8","(80.6, 85.0)","7.6","( 6.6,  8.7)","5.9","( 5.2,  6.7)","75.8","(71.4, 79.9)","73.1","(68.2, 77.5)","85.3","(82.6, 87.8)","82.5","(79.3, 85.5)","75.6","(72.7, 78.3)","73.3","(70.2, 76.3)","9.0","( 7.4, 10.8)","7.5","( 6.2,  8.8)","44.3","(34.6, 52.7)","44.9","(35.2, 53.4)","35.6","(27.4, 43.0)","35.3","(27.3, 42.6)","19.0","(15.1, 23.0)","19.5","(15.4, 23.6)","65.2","(61.6, 68.5)","64.5","(60.9, 68.0)","24.1","(20.1, 28.1)","25.1","(20.9, 29.2)","12.0","(10.2, 13.9)","9.6","( 8.2, 11.2)","18.3","(15.3, 21.5)","16.7","(14.0, 19.6)","38.5","(34.1, 42.9)","31.6","(27.3, 35.8)","3.6","( 3.2,  4.0)","2.9","( 2.7,  3.2)","25.2","(20.7, 30.1)","24.0","(19.5, 28.6)","69.7","(64.8, 74.7)","69.3","(64.2, 74.3)","16.1","(13.9, 18.4)","17.4","(15.0, 19.9)","37.4","(30.6, 44.2)","37.1","(30.3, 43.8)","13.1","(11.2, 15.2)","11.8","(10.2, 13.7)","34.5","(32.9, 35.9)","35.5","(33.7, 36.9)","3.7","( 3.2,  4.2)","3.0","( 2.7,  3.4)","12.2","( 7.9, 17.0)","12.8","( 8.2, 17.9)","8.1","( 7.1,  9.2)","6.8","( 6.0,  7.6)","5.4","( 4.6,  6.2)","4.9","( 4.2,  5.7)","13.5","(11.3, 15.8)","14.2","(11.9, 16.6)","15.4","(13.0, 18.1)","12.7","(10.8, 14.9)","4.4","( 3.7,  5.1)","3.8","( 3.3,  4.4)","8.7","( 7.3, 10.2)","8.4","( 7.1,  9.8)","30.3","(26.0, 34.8)","28.2","(24.0, 32.3)","POINT (-86.3060762 42.2821497)"
"WI","Wisconsin","Burnett","55013","16,744","6.8","( 5.1,  9.0)","7.8","( 6.0, 10.1)","36.2","(31.0, 41.2)","25.2","(21.4, 29.1)","17.7","(14.6, 21.1)","23.6","(19.7, 27.8)","41.1","(36.2, 46.0)","29.6","(25.7, 33.7)","83.0","(79.6, 85.8)","57.6","(52.5, 63.0)","10.2","( 9.1, 11.3)","6.4","( 5.7,  7.1)","10.3","( 9.1, 11.7)","10.8","( 9.5, 12.3)","82.0","(79.3, 84.9)","82.7","(80.2, 85.1)","9.4","( 8.0, 10.7)","5.7","( 4.9,  6.4)","77.2","(72.2, 81.6)","70.9","(65.1, 76.1)","84.7","(81.9, 87.2)","76.9","(72.8, 80.5)","63.5","(60.0, 66.8)","58.8","(55.2, 62.4)","8.8","( 7.1, 10.6)","6.1","( 5.1,  7.3)","36.5","(28.0, 44.7)","37.0","(28.7, 45.2)","31.4","(24.6, 38.4)","31.0","(24.3, 37.7)","16.6","(13.1, 20.3)","18.2","(14.3, 22.1)","66.6","(63.1, 70.0)","65.2","(61.7, 68.6)","20.7","(17.1, 24.8)","23.3","(19.5, 27.8)","13.1","(10.9, 15.3)","8.5","( 7.2, 10.0)","17.6","(14.5, 21.0)","14.5","(12.0, 17.1)","42.4","(37.1, 47.7)","30.2","(25.7, 35.1)","4.2","( 3.7,  4.6)","2.8","( 2.5,  3.1)","25.1","(20.1, 30.2)","22.2","(18.0, 26.7)","71.3","(66.2, 75.8)","71.2","(66.1, 75.7)","12.9","(11.0, 14.8)","15.7","(13.5, 18.2)","36.2","(28.4, 44.3)","36.0","(28.7, 44.2)","13.1","(11.0, 15.1)","10.8","( 9.2, 12.5)","29.1","(27.5, 30.7)","31.2","(29.5, 32.8)","4.4","( 3.7,  5.0)","2.8","( 2.5,  3.2)","10.9","( 7.3, 15.4)","11.5","( 7.7, 16.2)","9.8","( 8.4, 11.1)","6.5","( 5.7,  7.4)","5.1","( 4.3,  5.9)","4.2","( 3.6,  4.8)","11.4","( 9.6, 13.3)","12.9","(10.8, 15.1)","16.4","(13.4, 19.2)","11.2","( 9.4, 13.0)","4.5","( 3.8,  5.3)","3.5","( 3.0,  4.0)","7.8","( 6.5,  9.2)","7.2","( 6.1,  8.4)","29.8","(25.1, 34.4)","25.1","(21.2, 29.3)","POINT (-92.3757305 45.8668974)"
"MI","Michigan","Lake","26085","12,308","10.0","( 7.8, 12.6)","11.4","( 8.9, 14.5)","40.1","(34.8, 45.4)","28.1","(23.9, 32.6)","12.2","( 9.8, 15.1)","16.6","(13.5, 20.3)","46.8","(41.7, 51.8)","34.4","(30.1, 38.9)","84.9","(82.1, 87.6)","61.3","(56.3, 66.4)","10.1","( 9.0, 11.2)","6.3","( 5.7,  7.1)","11.6","(10.1, 13.3)","12.1","(10.6, 13.7)","80.4","(77.3, 83.1)","81.0","(78.4, 83.6)","11.6","(10.0, 13.4)","7.1","( 6.1,  8.1)","78.6","(73.7, 82.9)","72.5","(66.7, 77.6)","87.2","(84.6, 89.5)","80.0","(76.4, 83.4)","75.6","(72.8, 78.3)","71.4","(68.0, 74.5)","13.7","(11.2, 16.4)","9.7","( 8.1, 11.4)","39.1","(30.5, 47.3)","39.6","(31.5, 47.4)","37.1","(29.5, 44.6)","36.4","(29.5, 43.3)","23.6","(19.3, 28.2)","25.3","(20.6, 30.3)","59.5","(55.4, 63.5)","57.9","(54.0, 61.9)","24.1","(19.8, 28.8)","26.9","(22.3, 31.9)","17.1","(14.4, 20.0)","11.2","( 9.5, 13.1)","25.6","(21.6, 30.0)","21.3","(18.2, 24.9)","44.7","(39.3, 50.3)","32.4","(27.7, 37.5)","4.8","( 4.3,  5.4)","3.2","( 2.9,  3.6)","33.1","(27.1, 39.5)","29.6","(24.4, 35.5)","69.7","(65.0, 73.9)","69.3","(64.7, 73.9)","16.5","(14.3, 19.1)","20.0","(17.4, 22.9)","40.6","(32.2, 49.6)","40.1","(32.0, 49.1)","17.2","(14.6, 20.0)","14.3","(12.2, 16.5)","34.2","(32.8, 35.7)","36.4","(34.9, 37.9)","5.6","( 4.9,  6.4)","3.6","( 3.2,  4.1)","16.3","(11.2, 22.1)","17.1","(11.7, 23.1)","11.7","(10.2, 13.3)","7.9","( 7.0,  9.0)","7.9","( 6.7,  9.4)","6.6","( 5.7,  7.6)","15.6","(13.1, 18.3)","17.5","(14.9, 20.5)","23.3","(19.7, 27.1)","16.2","(13.8, 18.9)","6.7","( 5.6,  7.8)","5.1","( 4.4,  6.0)","11.7","(10.0, 13.7)","11","( 9.4, 12.7)","39.7","(34.5, 45.1)","34.4","(29.4, 39.4)","POINT (-85.8113997 43.9951867)"
"MI","Michigan","Emmet","26047","34,225","5.8","( 4.4,  7.6)","6.2","( 4.7,  8.3)","30.6","(26.4, 35.0)","23.9","(20.4, 27.7)","16.6","(13.7, 19.7)","19.7","(16.3, 23.4)","35.8","(31.6, 40.3)","28.8","(25.1, 32.7)","80.5","(77.2, 83.4)","57.9","(53.0, 62.7)","9.0","( 8.1, 10.0)","6.6","( 5.9,  7.3)","10.3","( 9.1, 11.7)","10.6","( 9.3, 12.0)","84.4","(81.9, 86.7)","84.9","(82.6, 87.0)","7.3","( 6.2,  8.4)","5.2","( 4.5,  5.9)","77.3","(72.7, 81.6)","73.7","(68.5, 78.5)","87.8","(85.6, 90.1)","84.6","(81.5, 87.4)","78.6","(75.9, 81.2)","75.6","(72.3, 78.7)","7.6","( 6.1,  9.2)","5.9","( 4.9,  7.1)","51.3","(42.3, 60.0)","51.7","(43.0, 60.1)","44.4","(36.5, 52.5)","44.5","(36.8, 52.2)","15.1","(11.7, 18.8)","16.1","(12.5, 19.8)","72.6","(69.2, 76.0)","71.8","(68.3, 75.2)","22.7","(19.1, 27.0)","24.2","(20.5, 28.6)","10.5","( 8.8, 12.3)","7.9","( 6.7,  9.2)","14.5","(11.8, 17.1)","12.7","(10.5, 15.0)","39.3","(34.5, 44.1)","31.3","(26.8, 35.9)","3.4","( 3.1,  3.8)","2.6","( 2.3,  2.9)","20.7","(16.4, 25.2)","19.1","(15.3, 23.3)","73.5","(68.8, 77.6)","73.4","(68.8, 78.1)","14.3","(12.4, 16.5)","16.0","(13.8, 18.5)","32.8","(26.1, 40.2)","32.8","(26.0, 40.2)","11.1","( 9.4, 13.1)","9.8","( 8.4, 11.4)","30.1","(28.3, 31.8)","31.5","(29.5, 33.3)","3.4","( 2.9,  3.9)","2.5","( 2.2,  2.9)","8.5","( 5.2, 12.3)","9.0","( 5.6, 13.2)","7.9","( 6.8,  9.0)","6","( 5.3,  6.9)","4","( 3.3,  4.7)","3.5","( 3.0,  4.1)","10.6","( 8.9, 12.5)","11.4","( 9.4, 13.5)","13.4","(11.1, 16.0)","10.4","( 8.7, 12.2)","3.3","( 2.8,  3.9)","2.8","( 2.3,  3.2)","6.9","( 5.7,  8.0)","6.5","( 5.4,  7.7)","27.2","(22.8, 31.5)","24.3","(20.3, 28.5)","POINT (-84.9868217 45.5900944)"
"AL","Alabama","Fayette","01057","16,148","12.9","(10.1, 15.9)","13.6","(10.6, 16.9)","36.8","(32.2, 41.5)","30.1","(26.1, 34.4)","13.0","(10.5, 15.7)","15.2","(12.3, 18.4)","45.5","(41.0, 50.2)","38.7","(34.5, 43.1)","83.0","(80.4, 85.5)","64.8","(59.9, 69.4)","8.4","( 7.6,  9.4)","6.4","( 5.7,  7.0)","10.7","( 9.3, 12.1)","10.9","( 9.5, 12.4)","81.6","(79.1, 83.9)","82.1","(79.8, 84.4)","9.4","( 8.2, 10.8)","6.9","( 6.1,  7.9)","77.6","(72.9, 81.9)","74.5","(69.3, 79.2)","85.3","(82.4, 88.0)","81.9","(78.5, 85.3)","72.8","(70.1, 75.5)","70.1","(67.2, 73.3)","11.4","( 9.6, 13.5)","9.3","( 7.8, 11.1)","42.0","(33.9, 50.3)","42.5","(34.5, 50.7)","40.2","(32.9, 47.6)","40.0","(33.0, 47.4)","21.6","(17.8, 26.0)","22.7","(18.7, 27.3)","56.1","(52.5, 59.8)","55.3","(51.5, 59.1)","23.8","(19.8, 28.3)","25.3","(21.0, 29.9)","15.6","(13.4, 18.1)","12.2","(10.5, 14.1)","24.4","(20.8, 28.3)","22","(18.7, 25.6)","41.9","(37.1, 46.8)","34.0","(29.4, 38.9)","4.1","( 3.7,  4.6)","3.2","( 2.9,  3.5)","37.1","(31.4, 43.2)","35.0","(29.4, 40.9)","72.2","(68.0, 76.1)","72.6","(68.2, 76.8)","18.8","(16.3, 21.4)","20.6","(17.9, 23.5)","37.7","(29.9, 45.9)","37.7","(30.0, 45.8)","16.1","(13.9, 18.6)","14.5","(12.5, 16.7)","39.7","(38.2, 41.1)","41.0","(39.4, 42.5)","4.6","( 4.1,  5.2)","3.5","( 3.1,  3.9)","15.9","(11.5, 20.8)","16.7","(12.1, 22.1)","9.4","( 8.3, 10.7)","7.4","( 6.5,  8.4)","7.1","( 6.1,  8.2)","6.3","( 5.4,  7.4)","17.4","(14.8, 20.2)","18.3","(15.5, 21.5)","22.7","(19.6, 26.1)","18.4","(15.9, 21.2)","5.8","( 5.0,  6.7)","5","( 4.3,  5.8)","11.4","( 9.7, 13.2)","10.8","( 9.2, 12.6)","39.8","(34.9, 45.1)","36.5","(31.7, 42.1)","POINT (-87.7642923 33.7161568)"
"AL","Alabama","Lauderdale","01077","94,043","10.2","( 7.8, 13.0)","10.7","( 8.0, 13.7)","32.3","(28.2, 36.8)","28.0","(24.0, 32.3)","14.5","(11.8, 17.7)","16.2","(13.2, 19.8)","40.4","(36.1, 45.1)","36.1","(31.7, 40.6)","81.4","(78.6, 84.0)","63.8","(58.9, 68.8)","7.9","( 7.2,  8.8)","6.4","( 5.8,  7.1)","10.1","( 8.8, 11.5)","10.2","( 8.9, 11.6)","82.4","(79.9, 84.9)","84.0","(81.9, 86.3)","7.6","( 6.6,  8.8)","6.0","( 5.2,  6.9)","76.8","(72.2, 81.3)","74.5","(69.5, 79.4)","85.7","(82.9, 88.3)","84.3","(81.2, 87.2)","73.2","(70.4, 76.0)","70.6","(67.6, 73.7)","8.6","( 7.0, 10.3)","7.3","( 6.1,  8.8)","42.0","(34.0, 50.6)","42.3","(34.3, 50.8)","38.4","(31.3, 46.1)","38.5","(31.4, 46.0)","17.1","(13.4, 21.2)","18.5","(14.7, 22.9)","60.3","(56.6, 64.0)","59.4","(55.6, 63.4)","23.9","(19.8, 28.3)","24.7","(20.5, 29.3)","12.9","(11.1, 15.1)","10.8","( 9.2, 12.7)","19.1","(16.0, 22.3)","17.8","(14.9, 20.8)","40.2","(35.5, 45.1)","34.1","(29.4, 39.1)","3.4","( 3.1,  3.8)","2.9","( 2.6,  3.2)","31.7","(26.5, 37.8)","30.6","(25.4, 36.5)","74.2","(69.7, 78.2)","74.4","(69.7, 78.4)","17.5","(15.0, 20.2)","18.5","(16.0, 21.4)","37.1","(29.7, 45.3)","38.0","(30.4, 46.0)","13.1","(11.2, 15.4)","12.2","(10.4, 14.3)","38.8","(37.0, 40.5)","40.3","(38.4, 42.0)","3.6","( 3.2,  4.2)","3.0","( 2.6,  3.4)","12.3","( 8.2, 17.6)","13.1","( 8.7, 18.6)","7.7","( 6.8,  8.9)","6.4","( 5.6,  7.4)","5.2","( 4.4,  6.1)","4.8","( 4.0,  5.6)","14.8","(12.3, 17.5)","15.2","(12.7, 18.0)","17.7","(15.0, 20.7)","15.1","(12.9, 17.8)","4.1","( 3.5,  4.8)","3.8","( 3.2,  4.4)","8.9","( 7.3, 10.5)","8.6","( 7.1, 10.1)","34","(29.2, 39.4)","31.6","(27.0, 36.7)","POINT (-87.6509966 34.9041221)"
"WI","Wisconsin","Grant","55043","52,110","7.3","( 5.4,  9.9)","7.7","( 5.8, 10.2)","27.0","(23.0, 31.0)","25.2","(21.3, 29.3)","22.6","(18.9, 26.6)","23.9","(20.0, 28.1)","30.4","(26.5, 34.5)","28.7","(24.8, 32.7)","77.6","(74.5, 80.5)","58.4","(53.3, 63.2)","7.3","( 6.6,  8.1)","6.5","( 5.8,  7.2)","10.6","( 9.3, 12.0)","10.6","( 9.3, 12.0)","80.6","(77.6, 83.5)","82.8","(80.3, 85.3)","6.4","( 5.5,  7.3)","5.5","( 4.7,  6.3)","71.5","(66.1, 76.5)","70.0","(64.5, 75.2)","76.4","(72.5, 80.2)","76.8","(73.0, 80.5)","62.8","(59.0, 66.3)","59.8","(55.7, 63.4)","6.7","( 5.4,  8.1)","6.1","( 5.0,  7.3)","36.6","(27.5, 45.5)","37.3","(28.6, 45.8)","36.2","(28.1, 43.9)","37.1","(29.2, 44.5)","15.2","(11.9, 18.6)","17.1","(13.2, 21.2)","66.4","(62.1, 70.1)","65.3","(61.5, 69.0)","22.9","(19.0, 27.2)","23.3","(19.3, 27.7)","9.2","( 7.7, 10.8)","8.4","( 7.0,  9.9)","14.6","(12.1, 17.5)","14.2","(11.7, 17.1)","34.3","(30.0, 38.8)","29.2","(24.9, 33.8)","3.1","( 2.7,  3.4)","2.8","( 2.5,  3.1)","21.5","(17.2, 26.3)","21.3","(17.0, 26.3)","75.2","(71.0, 79.3)","75.0","(70.4, 79.2)","15.3","(12.9, 17.7)","15.5","(13.2, 17.9)","32.7","(25.8, 40.2)","34.6","(27.5, 42.3)","11.0","( 9.2, 12.8)","10.7","( 9.0, 12.6)","30.9","(29.1, 32.5)","32.5","(30.7, 34.2)","3.1","( 2.7,  3.6)","2.8","( 2.5,  3.2)","11.0","( 7.1, 15.3)","11.9","( 7.8, 16.7)","7.1","( 6.2,  8.1)","6.4","( 5.6,  7.2)","4.3","( 3.6,  5.0)","4.1","( 3.4,  4.8)","12.7","(10.2, 15.1)","12.6","(10.4, 14.8)","11.9","( 9.8, 14.1)","10.9","( 9.0, 12.9)","3.5","( 3.0,  4.2)","3.4","( 2.9,  4.0)","7.2","( 6.0,  8.5)","7","( 5.8,  8.3)","25.4","(21.2, 29.7)","24","(20.1, 28.1)","POINT (-90.6942288 42.8700275)"
"AL","Alabama","Cullman","01043","89,496","11.2","( 8.4, 14.4)","11.7","( 8.7, 15.2)","32.7","(28.2, 37.2)","28.0","(24.0, 32.2)","15.0","(12.0, 18.2)","16.7","(13.4, 20.2)","40.3","(35.7, 44.9)","35.5","(31.2, 39.9)","80.8","(77.7, 83.6)","62.7","(57.5, 67.4)","7.9","( 7.1,  8.8)","6.5","( 5.8,  7.2)","10.1","( 8.8, 11.6)","10.2","( 8.9, 11.7)","82.5","(79.8, 85.3)","83.0","(80.3, 85.6)","7.7","( 6.7,  8.9)","6.2","( 5.4,  7.1)","77.0","(71.9, 81.5)","74.8","(69.3, 79.6)","86.1","(83.1, 88.7)","83.9","(80.4, 86.9)","73.4","(70.1, 76.7)","71.1","(67.4, 74.7)","9.2","( 7.5, 10.9)","7.8","( 6.4,  9.2)","41.3","(32.5, 50.1)","41.4","(33.1, 50.2)","39.2","(31.2, 47.2)","38.8","(31.1, 46.8)","18.4","(14.5, 22.5)","18.9","(14.9, 23.1)","60.0","(56.0, 63.8)","59.6","(55.2, 63.5)","24.3","(20.2, 28.8)","25.2","(20.9, 29.8)","12.4","(10.5, 14.4)","10.3","( 8.7, 12.0)","19.7","(16.3, 23.3)","18.2","(15.0, 21.3)","39.6","(34.8, 44.5)","33.4","(28.7, 38.2)","3.4","( 3.1,  3.8)","2.9","( 2.6,  3.2)","31.4","(26.0, 37.3)","30.0","(24.5, 35.7)","72.6","(67.9, 76.9)","72.8","(68.1, 77.2)","17.6","(15.0, 20.2)","18.8","(16.1, 21.5)","37.9","(30.5, 45.9)","37.7","(30.3, 45.7)","13.9","(11.8, 16.0)","12.7","(10.8, 14.7)","34.9","(33.2, 36.4)","35.8","(33.9, 37.3)","3.6","( 3.1,  4.1)","3.0","( 2.6,  3.4)","13.4","( 8.9, 18.5)","14.0","( 9.5, 19.2)","8","( 7.0,  9.1)","6.8","( 5.9,  7.7)","5.1","( 4.3,  6.0)","4.7","( 4.0,  5.5)","15","(12.4, 17.6)","15.6","(13.0, 18.3)","18.2","(15.3, 21.1)","15.5","(13.1, 18.0)","4.3","( 3.6,  4.9)","3.8","( 3.2,  4.4)","9","( 7.5, 10.5)","8.7","( 7.3, 10.2)","34.1","(29.0, 39.2)","32","(27.1, 37.1)","POINT (-86.8692666 34.1319229)"
"AL","Alabama","Henry","01067","17,459","11.8","( 9.0, 14.7)","12.5","( 9.5, 15.6)","34.8","(30.3, 39.9)","27.8","(23.9, 32.3)","12.5","(10.0, 15.3)","14.9","(12.0, 18.1)","44.5","(39.9, 49.4)","37.1","(32.7, 41.9)","84.0","(81.2, 86.5)","65.7","(60.7, 70.5)","8.4","( 7.5,  9.3)","6.2","( 5.6,  6.9)","10.5","( 9.2, 12.0)","10.8","( 9.4, 12.3)","83.2","(80.9, 85.4)","83.5","(81.2, 85.7)","8.6","( 7.5,  9.9)","6.2","( 5.4,  7.1)","79.2","(74.4, 83.3)","75.9","(70.6, 80.6)","87.4","(84.7, 89.6)","84.0","(80.7, 86.9)","74.2","(71.5, 76.7)","70.9","(67.8, 73.8)","9.9","( 8.2, 11.8)","7.9","( 6.6,  9.3)","40.3","(32.8, 48.1)","40.3","(32.7, 48.0)","36.6","(30.3, 43.0)","36.6","(30.3, 43.0)","18.6","(15.1, 22.7)","19.5","(15.7, 23.8)","59.4","(55.7, 62.9)","58.4","(54.5, 62.2)","21.6","(17.8, 25.9)","23.1","(18.9, 27.5)","15.4","(13.1, 17.8)","11.8","(10.1, 13.8)","22.6","(19.4, 26.5)","20.2","(17.2, 23.6)","40.7","(35.7, 45.9)","32.7","(28.1, 37.7)","4.0","( 3.6,  4.5)","3.1","( 2.8,  3.4)","34.8","(29.3, 41.1)","32.6","(27.1, 38.6)","73.3","(69.5, 77.2)","73.7","(69.8, 77.5)","17.1","(14.8, 19.8)","19.1","(16.4, 22.1)","38.5","(30.9, 46.9)","38.3","(30.7, 46.7)","14.7","(12.7, 17.1)","13.1","(11.2, 15.2)","37.8","(36.4, 39.1)","39.3","(37.8, 40.6)","4.5","( 4.0,  5.1)","3.4","( 3.0,  3.8)","15.0","(10.8, 19.7)","15.7","(11.3, 20.8)","8.2","( 7.2,  9.3)","6.3","( 5.5,  7.2)","6.4","( 5.5,  7.4)","5.6","( 4.9,  6.5)","15.2","(12.9, 17.8)","16.2","(13.6, 19.0)","20.9","(18.1, 24.2)","16.6","(14.3, 19.2)","5.2","( 4.5,  6.0)","4.4","( 3.8,  5.0)","10","( 8.6, 11.7)","9.6","( 8.1, 11.1)","36.3","(31.4, 41.6)","33","(28.1, 38.2)","POINT (-85.2399712 31.5169779)"
"MI","Michigan","Baraga","26013","8,215","8.9","( 7.1, 11.1)","9.4","( 7.5, 11.7)","33.1","(28.7, 37.8)","26.9","(23.1, 31.2)","15.4","(12.6, 18.8)","17.9","(14.7, 21.7)","39.7","(35.2, 44.4)","33.9","(29.7, 38.4)","79.9","(76.8, 82.9)","60.8","(55.9, 65.9)","8.4","( 7.6,  9.4)","6.4","( 5.7,  7.1)","11.2","( 9.9, 12.6)","11.4","(10.1, 12.8)","81.9","(79.6, 84.0)","82.6","(80.5, 84.5)","8.7","( 7.6,  9.9)","6.5","( 5.7,  7.4)","76.3","(71.3, 80.9)","73.2","(67.8, 78.4)","85.0","(82.3, 87.6)","81.9","(78.7, 85.0)","75.7","(73.2, 78.1)","73.1","(70.2, 75.9)","9.9","( 8.4, 11.5)","8.0","( 6.8,  9.3)","44.1","(35.6, 52.7)","44.6","(36.3, 52.6)","38.8","(31.7, 45.8)","39.1","(32.0, 45.9)","21.3","(17.7, 25.2)","22.5","(18.7, 26.5)","64.3","(61.1, 67.2)","63.1","(60.0, 66.0)","22.9","(19.2, 27.2)","23.8","(19.9, 28.2)","13.4","(11.5, 15.7)","10.8","( 9.2, 12.6)","20.4","(17.5, 23.3)","18.5","(16.0, 21.3)","39.6","(34.7, 44.7)","31.9","(27.3, 37.1)","3.9","( 3.5,  4.3)","3.1","( 2.8,  3.4)","26.6","(22.1, 31.7)","25.0","(20.7, 29.9)","68.6","(64.2, 72.5)","68.5","(64.0, 72.7)","16.7","(14.5, 19.0)","18.2","(15.9, 20.7)","38.9","(31.1, 47.7)","39.3","(31.6, 48.0)","14.1","(12.3, 16.2)","12.7","(11.1, 14.5)","34.1","(32.7, 35.4)","35.8","(34.4, 37.2)","4.3","( 3.8,  4.8)","3.4","( 3.0,  3.8)","12.9","( 9.0, 17.4)","13.7","( 9.6, 18.6)","9.4","( 8.3, 10.5)","7.4","( 6.6,  8.4)","6","( 5.2,  6.8)","5.4","( 4.8,  6.2)","14.2","(12.3, 16.3)","14.9","(12.9, 17.1)","17.5","(15.1, 20.2)","14.2","(12.3, 16.3)","4.8","( 4.2,  5.5)","4.2","( 3.7,  4.8)","9.6","( 8.3, 10.9)","9.1","( 7.9, 10.4)","34","(29.5, 38.6)","31.1","(26.8, 35.6)","POINT (-88.3618101 46.6958592)"
"AL","Alabama","Wilcox","01131","10,446","16.3","(12.7, 20.1)","17.0","(13.3, 21.0)","37.7","(33.0, 42.7)","31.8","(27.4, 36.6)","10.2","( 8.1, 12.8)","11.8","( 9.3, 14.6)","53.6","(49.0, 58.5)","48.0","(43.3, 53.2)","84.3","(81.9, 86.6)","70.2","(65.5, 74.8)","7.4","( 6.7,  8.2)","5.7","( 5.1,  6.3)","12.2","(10.7, 13.9)","12.5","(10.9, 14.3)","82.3","(80.0, 84.3)","83.0","(80.8, 85.1)","9.9","( 8.7, 11.3)","7.5","( 6.6,  8.5)","81.4","(77.0, 85.3)","79.1","(74.3, 83.4)","85.4","(82.4, 88.0)","83.0","(79.6, 86.0)","71.3","(68.8, 73.5)","68.3","(65.5, 71.1)","12.0","(10.2, 14.0)","9.9","( 8.4, 11.5)","32.9","(26.9, 39.7)","33.2","(27.4, 39.4)","29.1","(24.1, 34.6)","29.5","(24.6, 35.1)","23.9","(19.9, 28.4)","25.4","(21.0, 30.2)","47.4","(43.8, 50.8)","46.4","(42.5, 50.1)","20.5","(16.8, 25.0)","21.5","(17.7, 26.2)","22.0","(19.2, 25.0)","18.0","(15.6, 20.6)","32.1","(28.3, 36.2)","29.8","(26.0, 34.0)","40.0","(35.1, 45.2)","32.8","(28.0, 38.0)","5.0","( 4.5,  5.5)","4.0","( 3.6,  4.4)","46.0","(39.9, 52.4)","44.3","(38.2, 50.8)","73.1","(69.7, 76.4)","73.2","(69.6, 76.5)","19.8","(17.3, 22.6)","21.4","(18.7, 24.5)","47.9","(39.3, 57.1)","48.5","(39.9, 57.6)","18.1","(15.7, 20.7)","16.6","(14.4, 19.0)","45.1","(43.8, 46.5)","46.9","(45.3, 48.3)","6.2","( 5.5,  7.0)","4.9","( 4.4,  5.5)","21.5","(17.1, 26.4)","22.8","(18.1, 28.1)","8.2","( 7.2,  9.3)","6.5","( 5.7,  7.3)","10.8","( 9.5, 12.4)","9.9","( 8.6, 11.3)","20","(17.2, 23.0)","20.9","(18.0, 24.1)","28.4","(25.0, 31.9)","23.9","(20.9, 27.1)","8.6","( 7.5,  9.8)","7.6","( 6.6,  8.6)","15","(13.0, 17.2)","14.5","(12.5, 16.7)","44.7","(39.7, 50.1)","41.6","(36.6, 47.4)","POINT (-87.3049349 31.9900824)"
"WI","Wisconsin","Oconto","55083","39,356","6.7","( 5.1,  8.6)","7.4","( 5.5,  9.6)","32.2","(27.5, 37.2)","25.0","(21.1, 29.3)","21.0","(17.3, 24.9)","24.8","(20.7, 29.2)","35.3","(30.8, 40.2)","28.1","(24.2, 32.4)","79.9","(76.3, 83.2)","57.1","(51.8, 62.4)","8.7","( 7.8,  9.6)","6.4","( 5.8,  7.1)","10.2","( 8.9, 11.6)","10.4","( 9.1, 11.8)","82.8","(80.0, 85.4)","83.0","(80.5, 85.7)","7.3","( 6.3,  8.5)","5.3","( 4.6,  6.1)","75.1","(69.9, 79.8)","71.1","(65.5, 76.4)","83.1","(79.9, 85.9)","77.9","(73.8, 81.4)","62.5","(58.9, 65.8)","59.8","(56.2, 63.3)","7.3","( 6.0,  8.8)","5.7","( 4.7,  6.8)","40.7","(31.8, 50.0)","41.4","(32.9, 50.0)","33.0","(25.9, 40.6)","32.7","(25.8, 40.1)","16.1","(12.7, 20.0)","16.6","(13.0, 20.6)","68.0","(64.4, 71.6)","67.1","(63.3, 70.7)","21.7","(17.8, 26.0)","23.2","(19.0, 27.7)","10.6","( 8.9, 12.6)","7.8","( 6.6,  9.3)","15.2","(12.6, 18.3)","13.2","(11.0, 15.9)","40.3","(35.1, 45.5)","31.1","(26.4, 36.0)","3.4","( 3.1,  3.8)","2.6","( 2.4,  2.9)","22.4","(18.0, 27.6)","20.7","(16.5, 25.7)","72.2","(67.3, 76.2)","71.8","(66.8, 76.1)","13.5","(11.5, 15.6)","15.2","(13.0, 17.7)","39.1","(31.1, 47.9)","38.3","(30.3, 46.7)","11.6","( 9.9, 13.6)","10.1","( 8.6, 11.8)","30.6","(28.8, 32.2)","31.6","(29.8, 33.3)","3.5","( 3.1,  4.0)","2.6","( 2.3,  3.0)","10.5","( 7.0, 14.9)","11.1","( 7.3, 15.6)","7.8","( 6.8,  8.9)","6.1","( 5.4,  7.0)","4.1","( 3.5,  4.8)","3.6","( 3.1,  4.2)","11.2","( 9.4, 13.2)","12.1","(10.1, 14.4)","13","(10.9, 15.6)","10","( 8.5, 12.0)","3.7","( 3.2,  4.3)","3","( 2.6,  3.5)","6.8","( 5.8,  8.0)","6.5","( 5.5,  7.7)","25.7","(21.6, 30.5)","23.2","(19.5, 27.5)","POINT (-88.2065162 44.9965754)"
"WI","Wisconsin","Eau Claire","55035","106,452","6.3","( 4.7,  8.2)","6.4","( 4.9,  8.5)","23.8","(20.4, 27.4)","23.2","(19.9, 26.9)","24.5","(20.7, 28.6)","25.1","(21.2, 29.4)","27.9","(24.4, 31.7)","27.5","(23.8, 31.3)","75.6","(72.1, 78.7)","57.3","(52.1, 62.4)","6.8","( 6.2,  7.6)","6.5","( 5.8,  7.2)","10.2","( 8.9, 11.7)","10.2","( 8.8, 11.5)","81.0","(78.0, 84.1)","83.4","(81.0, 85.9)","5.3","( 4.5,  6.2)","5.0","( 4.3,  5.8)","73.1","(68.1, 77.7)","72.6","(67.5, 77.2)","78.3","(74.3, 81.9)","79.3","(75.7, 82.8)","64.8","(61.2, 67.9)","62.1","(58.3, 65.5)","5.4","( 4.4,  6.6)","5.2","( 4.2,  6.2)","39.4","(31.4, 47.5)","39.7","(32.0, 47.5)","37.6","(30.4, 45.1)","37.5","(30.4, 44.8)","13.4","(10.4, 16.8)","14.7","(11.4, 18.3)","72.3","(68.8, 75.4)","71.7","(68.4, 74.9)","23","(19.1, 27.0)","22.9","(19.1, 26.9)","8.0","( 6.6,  9.5)","7.7","( 6.4,  9.1)","11.9","( 9.8, 14.2)","11.9","( 9.9, 14.3)","34.9","(30.8, 39.0)","31.3","(27.0, 35.8)","2.7","( 2.4,  3.0)","2.6","( 2.3,  2.9)","18.9","(15.3, 23.1)","19.0","(15.3, 23.1)","74.3","(70.2, 78.5)","74.3","(69.9, 78.5)","14.9","(12.6, 17.3)","14.7","(12.6, 17.0)","30.5","(24.7, 37.0)","31.9","(25.9, 38.4)","9.4","( 8.0, 11.1)","9.5","( 8.0, 11.1)","29.4","(27.7, 30.9)","30.5","(28.7, 32.1)","2.6","( 2.3,  3.0)","2.5","( 2.2,  2.9)","8.5","( 5.3, 12.3)","9.0","( 5.6, 13.0)","6.1","( 5.3,  7.0)","5.8","( 5.1,  6.7)","3.5","( 3.0,  4.1)","3.4","( 2.9,  4.0)","11.3","( 9.3, 13.6)","11.2","( 9.3, 13.3)","9.5","( 7.9, 11.4)","9.3","( 7.7, 11.0)","2.9","( 2.4,  3.4)","2.9","( 2.4,  3.4)","6","( 5.1,  7.2)","6","( 5.1,  7.1)","22.1","(18.6, 26.1)","21.4","(18.0, 25.2)","POINT (-91.2864137 44.7263547)"
"MI","Michigan","Ogemaw","26129","20,726","8.6","( 6.5, 11.4)","9.5","( 7.1, 12.5)","37.2","(32.0, 42.3)","27.7","(23.5, 32.0)","13.8","(11.1, 16.8)","17.6","(14.3, 21.2)","42.6","(37.5, 47.4)","32.8","(28.5, 37.2)","83.2","(80.1, 85.8)","60.2","(54.9, 65.0)","9.6","( 8.6, 10.7)","6.5","( 5.8,  7.2)","11.3","( 9.9, 12.8)","11.6","(10.2, 13.2)","81.2","(78.4, 84.0)","82.0","(79.3, 84.5)","10.0","( 8.6, 11.5)","6.5","( 5.6,  7.4)","77.3","(72.3, 81.7)","72.3","(66.5, 77.5)","86.4","(83.8, 88.8)","81.1","(77.6, 84.4)","76.1","(73.3, 79.0)","72.5","(69.2, 75.8)","11.8","( 9.7, 14.1)","8.7","( 7.4, 10.3)","43.7","(34.6, 52.7)","44.2","(35.3, 52.9)","37.1","(29.2, 44.7)","36.8","(29.3, 44.2)","21.3","(17.1, 25.9)","22.8","(18.4, 27.6)","61.7","(57.8, 65.3)","60.6","(56.6, 64.0)","24.9","(20.5, 29.4)","27.1","(22.6, 32.2)","14.2","(12.0, 16.5)","10.0","( 8.4, 11.6)","21.5","(18.0, 25.4)","18.3","(15.5, 21.6)","42.8","(37.6, 48.2)","32.3","(27.6, 37.4)","4.3","( 3.8,  4.7)","3.0","( 2.7,  3.3)","29.4","(24.3, 35.4)","26.7","(21.8, 32.3)","69.2","(64.2, 73.7)","69.0","(63.7, 73.6)","16.6","(14.3, 18.9)","19.3","(16.7, 21.9)","38.4","(30.2, 47.0)","38.3","(30.2, 46.7)","15.4","(13.2, 17.9)","13.1","(11.3, 15.2)","33.1","(31.5, 34.5)","34.9","(33.2, 36.4)","4.7","( 4.1,  5.4)","3.2","( 2.8,  3.7)","13.7","( 9.5, 18.6)","14.5","( 9.8, 19.8)","10.5","( 9.1, 11.8)","7.5","( 6.6,  8.5)","6.3","( 5.3,  7.5)","5.3","( 4.6,  6.2)","14.3","(12.2, 16.8)","15.7","(13.3, 18.6)","19.8","(16.8, 23.0)","14.4","(12.3, 16.7)","5.3","( 4.5,  6.3)","4.2","( 3.7,  5.0)","10.1","( 8.7, 11.9)","9.4","( 8.1, 11.1)","36.3","(31.3, 41.5)","31.7","(27.1, 36.9)","POINT (-84.1280728 44.3332801)"
"WI","Wisconsin","Barron","55005","46,719","7.5","( 5.7,  9.8)","8.0","( 6.0, 10.6)","33.2","(28.7, 37.9)","26.2","(22.3, 30.3)","20.2","(16.7, 23.8)","23.9","(19.8, 28.0)","36.2","(31.7, 40.8)","29.2","(25.2, 33.4)","79.9","(76.5, 83.1)","57.2","(51.9, 62.3)","8.8","( 7.9,  9.7)","6.4","( 5.8,  7.1)","10.4","( 9.1, 11.8)","10.6","( 9.2, 12.1)","80.6","(77.5, 83.4)","81.2","(78.3, 83.8)","7.8","( 6.7,  9.1)","5.6","( 4.8,  6.4)","74.7","(69.7, 79.2)","70.8","(65.2, 75.8)","81.4","(78.2, 84.2)","76.6","(72.7, 80.1)","60.8","(57.1, 64.4)","57.2","(53.4, 61.1)","7.9","( 6.4,  9.6)","6.2","( 5.1,  7.5)","36.6","(28.3, 45.9)","36.9","(28.5, 46.0)","31.9","(24.8, 39.7)","32.0","(24.7, 39.9)","17.0","(13.5, 21.2)","17.9","(13.9, 22.5)","64.4","(60.6, 67.9)","63.6","(59.6, 67.5)","21.9","(18.0, 26.2)","23.4","(19.3, 27.8)","11.2","( 9.4, 13.2)","8.5","( 7.1, 10.0)","16.2","(13.4, 19.5)","14.3","(11.9, 17.1)","38.9","(34.1, 43.9)","30.1","(25.6, 34.8)","3.6","( 3.2,  4.1)","2.8","( 2.5,  3.1)","23.9","(19.4, 29.3)","22.1","(17.7, 27.2)","71.8","(66.8, 76.4)","71.8","(66.8, 76.6)","13.9","(11.8, 16.3)","15.6","(13.2, 18.3)","36.0","(28.6, 43.8)","36.0","(28.5, 43.7)","12.2","(10.4, 14.4)","10.8","( 9.1, 12.7)","31.5","(29.8, 33.0)","32.9","(31.1, 34.5)","3.8","( 3.3,  4.4)","2.8","( 2.4,  3.2)","11.0","( 7.1, 15.8)","11.6","( 7.5, 16.6)","8.4","( 7.3,  9.6)","6.4","( 5.6,  7.3)","4.8","( 4.0,  5.6)","4.2","( 3.5,  4.9)","12","(10.1, 14.3)","12.9","(10.7, 15.5)","13.9","(11.5, 16.7)","10.7","( 8.9, 12.8)","4.1","( 3.5,  4.9)","3.5","( 2.9,  4.1)","7.6","( 6.4,  9.0)","7.2","( 6.0,  8.5)","26.7","(22.5, 31.3)","23.8","(19.8, 28.3)","POINT (-91.8528921 45.4371917)"
"MI","Michigan","Macomb","26099","876,792","7.0","( 5.3,  8.9)","7.3","( 5.6,  9.3)","30.8","(27.8, 33.9)","26.7","(24.0, 29.6)","16.3","(13.9, 18.8)","17.8","(15.3, 20.5)","36.2","(33.0, 39.3)","32.1","(29.2, 35.1)","79.7","(77.0, 82.3)","61.7","(57.5, 65.7)","7.6","( 6.9,  8.4)","6.4","( 5.8,  7.0)","11.1","( 9.8, 12.5)","11.2","(10.0, 12.6)","85.1","(83.1, 87.0)","85.5","(83.6, 87.4)","6.6","( 5.8,  7.6)","5.4","( 4.8,  6.2)","77.9","(74.6, 80.9)","76.1","(72.6, 79.4)","87.3","(84.8, 89.5)","85.5","(82.6, 88.0)","77.8","(75.4, 80.2)","76.4","(73.7, 78.8)","7.8","( 6.5,  9.3)","6.7","( 5.6,  8.1)","40.0","(32.9, 47.0)","40.5","(33.3, 47.6)","44.0","(37.5, 50.4)","44.2","(37.9, 50.7)","18.6","(15.2, 22.1)","19.0","(15.4, 22.6)","70.2","(67.1, 73.3)","69.8","(66.6, 72.8)","23.9","(20.9, 27.1)","24.6","(21.5, 27.8)","10.5","( 9.1, 12.1)","8.9","( 7.7, 10.2)","16","(13.6, 18.7)","14.9","(12.6, 17.3)","37.7","(34.6, 41.0)","32.2","(29.1, 35.4)","3.2","( 2.9,  3.6)","2.8","( 2.5,  3.1)","23.7","(20.2, 27.5)","22.7","(19.2, 26.3)","73.7","(70.3, 77.0)","73.5","(70.0, 76.8)","16.5","(14.3, 18.7)","17.5","(15.1, 19.8)","37.8","(33.5, 42.1)","37.6","(33.4, 41.9)","12.0","(10.4, 13.8)","11.1","( 9.6, 12.8)","34.8","(33.3, 36.2)","35.5","(34.2, 36.9)","3.3","( 2.9,  3.8)","2.8","( 2.5,  3.2)","8.7","( 5.5, 12.2)","9.2","( 5.9, 13.2)","6.9","( 6.0,  7.8)","5.9","( 5.2,  6.7)","4.5","( 3.8,  5.2)","4.1","( 3.6,  4.8)","12.3","(10.4, 14.3)","12.7","(10.8, 14.9)","14.4","(12.3, 16.6)","12.4","(10.6, 14.3)","3.6","( 3.1,  4.2)","3.3","( 2.8,  3.8)","7.7","( 6.6,  9.1)","7.5","( 6.4,  8.8)","29.1","(25.7, 32.8)","27.5","(24.1, 31.2)","POINT (-82.9114562 42.6715526)"
"MI","Michigan","Montmorency","26119","9,297","7.9","( 6.0, 10.3)","9.0","( 6.7, 11.7)","39.5","(34.2, 44.9)","27.1","(23.1, 31.5)","12.8","(10.3, 15.5)","17.8","(14.5, 21.5)","46.0","(40.9, 51.1)","33.0","(28.8, 37.5)","84.7","(81.8, 87.3)","59.8","(54.7, 64.8)","10.7","( 9.5, 11.9)","6.5","( 5.8,  7.2)","10.9","( 9.5, 12.4)","11.5","(10.0, 12.9)","80.9","(78.0, 83.6)","82.1","(79.5, 84.6)","11.0","( 9.5, 12.6)","6.4","( 5.6,  7.3)","78.9","(74.3, 83.2)","72.3","(66.8, 77.4)","88.2","(85.9, 90.4)","81.3","(77.8, 84.6)","76.8","(73.8, 79.4)","72.2","(69.0, 75.6)","12.0","( 9.8, 14.4)","8.3","( 6.9,  9.8)","45.7","(36.2, 55.2)","46.3","(36.9, 55.2)","38.9","(30.9, 46.9)","38.8","(30.9, 46.3)","20.0","(15.9, 24.2)","22.1","(17.5, 26.6)","64.5","(60.5, 68.3)","62.9","(59.1, 67.1)","23.5","(19.3, 28.0)","26.6","(22.0, 31.3)","15.2","(12.8, 17.8)","9.7","( 8.1, 11.3)","21.6","(17.8, 25.6)","17.6","(14.6, 20.7)","45.1","(39.7, 50.5)","32.4","(27.8, 37.4)","4.5","( 4.1,  5.1)","2.9","( 2.6,  3.3)","28.8","(23.0, 34.4)","25.3","(20.4, 30.4)","69.3","(64.1, 74.0)","69.2","(63.7, 73.8)","15.2","(13.0, 17.6)","18.8","(16.2, 21.6)","36.6","(28.5, 45.0)","36.5","(28.5, 45.1)","15.4","(13.0, 18.0)","12.6","(10.8, 14.6)","33.1","(31.4, 34.8)","35.6","(33.8, 37.3)","5.0","( 4.3,  5.8)","3.1","( 2.7,  3.6)","12.7","( 8.5, 17.7)","13.4","( 8.9, 18.8)","11.3","( 9.9, 12.8)","7.4","( 6.5,  8.3)","6.2","( 5.2,  7.3)","5","( 4.3,  5.9)","13.3","(11.1, 15.7)","15.2","(12.6, 17.9)","20.4","(17.1, 23.8)","13.7","(11.5, 16.0)","5.3","( 4.4,  6.2)","4","( 3.4,  4.7)","9.8","( 8.2, 11.5)","9","( 7.5, 10.5)","36.3","(31.0, 41.7)","30.5","(25.8, 35.3)","POINT (-84.1301067 45.0241337)"
"WI","Wisconsin","Sawyer","55113","18,295","7.0","( 5.4,  8.7)","7.8","( 6.0, 10.0)","32.4","(28.3, 36.6)","23.2","(20.1, 26.5)","20.3","(17.2, 23.7)","25.7","(22.0, 29.9)","39.6","(35.4, 43.8)","29.8","(26.3, 33.4)","81.6","(78.4, 84.6)","57.0","(52.2, 61.9)","9.6","( 8.6, 10.6)","6.4","( 5.7,  7.1)","10.3","( 9.1, 11.8)","10.8","( 9.5, 12.2)","81.4","(78.8, 83.9)","82.3","(80.0, 84.4)","8.9","( 7.6, 10.3)","5.7","( 5.0,  6.6)","77.1","(73.1, 80.9)","71.8","(67.3, 76.2)","83.9","(81.3, 86.2)","77.2","(73.8, 80.4)","61.7","(58.6, 65.1)","57.1","(53.8, 60.4)","8.4","( 6.8, 10.1)","6.1","( 5.0,  7.2)","30.7","(23.6, 38.2)","31.2","(24.4, 38.6)","35.8","(28.8, 43.0)","35.5","(28.4, 42.7)","17.2","(13.8, 20.8)","18.7","(15.0, 22.6)","65.7","(61.9, 69.3)","64.3","(60.6, 67.6)","20","(16.7, 23.7)","21.9","(18.4, 25.8)","12.6","(10.6, 14.6)","8.7","( 7.3, 10.2)","17.4","(14.3, 20.7)","14.8","(12.4, 17.3)","40.0","(35.6, 44.5)","29.1","(25.3, 32.9)","4.1","( 3.7,  4.6)","2.9","( 2.6,  3.2)","25.3","(20.3, 30.0)","22.8","(18.8, 26.9)","73.3","(69.3, 77.2)","73.0","(68.9, 77.0)","13.1","(11.3, 15.1)","15.5","(13.4, 17.8)","36.0","(30.3, 41.7)","35.9","(30.3, 41.7)","13.0","(11.0, 15.1)","11.1","( 9.4, 12.8)","31.5","(29.9, 32.9)","33.5","(31.9, 34.9)","4.2","( 3.7,  4.8)","2.9","( 2.6,  3.3)","11.1","( 7.5, 15.6)","11.6","( 7.8, 16.1)","9.4","( 8.1, 10.7)","6.7","( 5.8,  7.6)","5","( 4.2,  5.8)","4.3","( 3.6,  4.9)","11.3","( 9.5, 13.3)","12.6","(10.6, 14.6)","15.2","(12.7, 17.9)","11","( 9.2, 12.8)","4.4","( 3.7,  5.2)","3.5","( 3.0,  4.1)","7.6","( 6.3,  8.9)","7.2","( 6.1,  8.3)","27.7","(23.3, 31.9)","24.1","(20.4, 27.7)","POINT (-91.1471333 45.8649115)"
"MI","Michigan","Allegan","26005","120,950","7.8","( 5.9, 10.0)","8.2","( 6.2, 10.6)","28.6","(24.7, 32.7)","24.3","(20.8, 28.0)","15.7","(12.8, 18.9)","17.4","(14.2, 20.9)","34.9","(30.8, 39.2)","30.4","(26.6, 34.4)","78.8","(75.4, 81.8)","58.9","(54.0, 63.7)","7.7","( 7.0,  8.5)","6.4","( 5.8,  7.1)","10.9","( 9.6, 12.3)","11.0","( 9.6, 12.4)","83.6","(81.0, 86.1)","84.0","(81.5, 86.4)","6.8","( 5.9,  7.8)","5.5","( 4.8,  6.3)","75.7","(71.1, 79.9)","73.5","(68.7, 78.0)","85.9","(83.1, 88.4)","83.6","(80.4, 86.6)","77.7","(74.7, 80.3)","75.9","(72.8, 78.9)","7.9","( 6.4,  9.4)","6.7","( 5.5,  8.0)","49.5","(41.5, 58.4)","50.1","(42.2, 58.5)","43.4","(36.4, 51.2)","43.2","(36.1, 50.8)","17.3","(13.6, 21.2)","17.6","(13.8, 21.7)","69.3","(65.9, 72.7)","68.8","(65.2, 72.3)","22.7","(18.9, 26.8)","23.5","(19.6, 27.7)","10.6","( 8.9, 12.4)","8.7","( 7.4, 10.3)","16.1","(13.4, 19.0)","14.8","(12.3, 17.4)","38.2","(33.8, 42.7)","32.1","(27.8, 36.6)","3.2","( 2.9,  3.6)","2.7","( 2.4,  3.0)","24.9","(20.5, 29.9)","23.8","(19.5, 28.6)","71.9","(67.2, 76.1)","71.4","(66.5, 75.7)","15.8","(13.6, 18.2)","16.9","(14.5, 19.4)","38.5","(31.7, 45.8)","38.1","(31.3, 45.3)","11.8","(10.1, 13.7)","10.9","( 9.3, 12.6)","31.3","(29.6, 32.8)","31.9","(30.2, 33.6)","3.3","( 2.9,  3.8)","2.8","( 2.4,  3.1)","10.0","( 6.4, 14.4)","10.5","( 6.8, 14.9)","7.4","( 6.5,  8.3)","6.4","( 5.6,  7.2)","4.4","( 3.7,  5.1)","4.1","( 3.5,  4.7)","12.1","(10.2, 14.3)","12.7","(10.5, 14.9)","13.6","(11.3, 15.9)","11.5","( 9.7, 13.6)","3.6","( 3.0,  4.2)","3.2","( 2.7,  3.7)","7.5","( 6.3,  8.8)","7.3","( 6.2,  8.6)","28","(24.1, 32.1)","26.3","(22.5, 30.6)","POINT (-86.2614034 42.4212512)"
"MI","Michigan","Kalamazoo","26077","261,108","6.9","( 5.3,  9.0)","7.0","( 5.4,  9.1)","26.1","(23.0, 29.2)","25.6","(22.5, 28.8)","17.2","(14.5, 20.3)","17.6","(14.8, 20.7)","29.5","(26.3, 32.7)","29.2","(25.9, 32.4)","77.1","(74.1, 79.8)","60.4","(55.8, 64.8)","6.8","( 6.1,  7.5)","6.4","( 5.8,  7.1)","11.1","( 9.8, 12.5)","11.1","( 9.8, 12.5)","81.8","(79.2, 84.2)","84.2","(82.0, 86.3)","5.7","( 4.9,  6.5)","5.4","( 4.6,  6.1)","74.9","(70.8, 78.7)","74.4","(70.3, 78.3)","82.7","(79.6, 85.6)","83.7","(80.7, 86.5)","78.2","(75.7, 80.7)","76.4","(73.5, 79.0)","6.5","( 5.3,  7.8)","6.3","( 5.1,  7.5)","52.4","(44.6, 60.0)","52.9","(45.0, 60.2)","41.3","(34.3, 48.0)","41.4","(34.5, 47.9)","15.2","(11.9, 18.4)","16.4","(12.6, 19.9)","71.1","(67.9, 74.2)","70.6","(67.3, 73.7)","24.8","(21.3, 28.7)","24.8","(21.2, 28.6)","9.2","( 7.8, 10.6)","8.9","( 7.6, 10.2)","14.3","(12.0, 16.7)","14.2","(11.9, 16.6)","33.2","(29.8, 36.6)","30.4","(26.7, 34.1)","2.9","( 2.6,  3.2)","2.8","( 2.5,  3.1)","19.5","(16.0, 23.0)","19.6","(15.9, 23.1)","71.7","(67.5, 75.6)","71.5","(67.1, 75.5)","16.5","(14.3, 18.9)","16.3","(14.1, 18.7)","33.5","(28.6, 38.8)","34.9","(29.7, 40.3)","10.4","( 8.8, 12.1)","10.4","( 8.8, 12.0)","32.9","(31.3, 34.4)","33.9","(32.3, 35.6)","2.9","( 2.5,  3.3)","2.8","( 2.4,  3.1)","9.0","( 5.8, 13.1)","9.6","( 6.1, 14.1)","6.3","( 5.5,  7.2)","6.1","( 5.3,  6.8)","4.2","( 3.5,  4.8)","4.1","( 3.5,  4.8)","12.5","(10.3, 14.7)","12.3","(10.1, 14.5)","11.7","( 9.9, 13.7)","11.5","( 9.6, 13.4)","3.2","( 2.8,  3.8)","3.2","( 2.8,  3.8)","7.3","( 6.1,  8.6)","7.2","( 6.1,  8.4)","27.1","(23.2, 31.2)","26.4","(22.6, 30.2)","POINT (-85.5328544 42.2462657)"
"MI","Michigan","Grand Traverse","26055","95,860","6.0","( 4.3,  7.9)","6.3","( 4.6,  8.3)","30.6","(26.6, 34.9)","25.1","(21.5, 28.9)","16.4","(13.6, 19.6)","18.8","(15.6, 22.4)","33.0","(28.9, 37.1)","27.6","(24.0, 31.3)","80.0","(76.6, 82.9)","58.6","(53.6, 63.5)","8.6","( 7.7,  9.6)","6.7","( 6.0,  7.5)","10.5","( 9.2, 11.9)","10.7","( 9.4, 12.1)","85.0","(82.3, 87.2)","85.4","(83.0, 87.5)","6.8","( 5.8,  7.8)","5.1","( 4.4,  5.9)","76.8","(72.2, 81.1)","73.9","(69.1, 78.6)","87.2","(84.7, 89.6)","84.5","(81.5, 87.4)","79.5","(76.9, 81.9)","76.9","(73.8, 79.9)","7.3","( 5.8,  9.1)","6.0","( 4.8,  7.2)","49.4","(39.9, 58.4)","49.9","(41.0, 58.7)","47.1","(38.6, 55.1)","47.1","(39.2, 54.9)","14.9","(11.3, 18.6)","15.5","(11.6, 19.3)","72.6","(68.8, 76.1)","72.1","(68.3, 75.8)","23.1","(19.3, 27.2)","24.2","(20.2, 28.5)","9.8","( 8.2, 11.5)","7.8","( 6.5,  9.1)","14.3","(11.7, 17.1)","12.8","(10.6, 15.2)","34.5","(30.2, 39.3)","28.0","(24.0, 32.5)","3.2","( 2.9,  3.6)","2.6","( 2.3,  2.9)","19.3","(15.3, 23.7)","18.0","(14.3, 22.1)","75.4","(71.0, 79.7)","75.2","(70.6, 79.5)","15.1","(12.8, 17.3)","16.4","(14.0, 18.9)","29.9","(23.8, 36.7)","29.8","(23.6, 36.6)","11.0","( 9.2, 13.0)","9.9","( 8.4, 11.6)","28.4","(26.6, 30.1)","29.4","(27.5, 31.2)","3.2","( 2.8,  3.7)","2.5","( 2.2,  2.9)","7.9","( 4.6, 11.9)","8.3","( 4.8, 12.7)","7.4","( 6.4,  8.4)","6","( 5.2,  6.8)","3.9","( 3.2,  4.7)","3.5","( 3.0,  4.2)","11","( 9.1, 13.1)","11.6","( 9.6, 13.9)","12.8","(10.6, 15.4)","10.4","( 8.6, 12.4)","3.2","( 2.7,  3.9)","2.8","( 2.3,  3.3)","6.9","( 5.7,  8.1)","6.6","( 5.5,  7.8)","27.3","(23.1, 31.8)","25","(21.2, 29.1)","POINT (-85.5538484 44.7186875)"
"AL","Alabama","Cherokee","01019","24,996","12.1","( 9.2, 15.4)","13.0","( 9.8, 16.9)","36.2","(31.4, 41.2)","28.3","(24.3, 32.7)","13.3","(10.7, 16.3)","16.2","(13.0, 19.7)","45.0","(40.1, 49.8)","36.6","(32.3, 41.1)","84.0","(81.3, 86.5)","64.0","(58.9, 68.9)","8.9","( 8.0,  9.9)","6.4","( 5.8,  7.1)","10.4","( 9.1, 11.9)","10.6","( 9.3, 12.2)","81.9","(79.2, 84.5)","82.6","(80.2, 85.2)","9.5","( 8.3, 11.0)","6.7","( 5.8,  7.7)","76.8","(71.9, 81.3)","72.7","(67.1, 77.8)","86.5","(83.5, 89.2)","82.4","(78.6, 85.8)","73.4","(70.5, 76.2)","70.4","(66.9, 73.9)","11.3","( 9.3, 13.6)","8.8","( 7.3, 10.5)","41.6","(33.0, 50.3)","41.6","(33.6, 49.8)","37.5","(30.2, 45.0)","37.1","(30.1, 44.2)","20.9","(16.7, 25.4)","22.2","(17.6, 26.9)","56.4","(52.5, 60.2)","55.5","(51.4, 59.6)","24.7","(20.6, 29.3)","26.5","(22.1, 31.3)","15.1","(12.8, 17.5)","11.1","( 9.5, 13.0)","23.5","(19.6, 27.6)","20.6","(17.2, 24.2)","42.5","(37.6, 47.5)","33.4","(28.8, 38.4)","4.0","( 3.6,  4.5)","3.0","( 2.7,  3.4)","35.3","(29.4, 41.6)","32.8","(27.2, 38.8)","71.2","(66.4, 75.4)","71.4","(66.3, 75.9)","17.9","(15.4, 20.4)","20.1","(17.4, 23.0)","38.0","(30.3, 46.3)","37.8","(30.1, 46.0)","15.7","(13.4, 18.3)","13.8","(11.7, 16.0)","36.7","(35.0, 38.2)","38.2","(36.5, 39.8)","4.5","( 3.9,  5.2)","3.3","( 2.9,  3.8)","14.7","(10.0, 20.1)","15.4","(10.5, 20.9)","9.6","( 8.4, 10.9)","7.3","( 6.4,  8.3)","6.4","( 5.4,  7.5)","5.5","( 4.7,  6.4)","16.3","(13.8, 19.1)","17.5","(14.7, 20.4)","21.9","(18.7, 25.5)","16.9","(14.4, 19.7)","5.3","( 4.5,  6.2)","4.4","( 3.7,  5.1)","10.5","( 8.7, 12.3)","9.9","( 8.3, 11.6)","38.4","(33.0, 44.0)","34.6","(29.6, 40.0)","POINT (-85.6542417 34.0695153)"
"AL","Alabama","Pickens","01107","18,801","14.8","(12.0, 17.8)","15.5","(12.5, 18.7)","33.9","(29.3, 38.6)","29.2","(25.0, 33.6)","12.2","( 9.8, 15.0)","13.6","(10.9, 16.6)","46.3","(41.6, 51.2)","41.6","(37.1, 46.3)","82.6","(79.9, 85.1)","67.4","(62.6, 72.1)","7.3","( 6.6,  8.1)","5.9","( 5.4,  6.6)","11.0","( 9.6, 12.5)","11.1","( 9.7, 12.6)","82.6","(80.7, 84.7)","82.9","(81.0, 84.8)","8.6","( 7.5,  9.7)","6.9","( 6.0,  7.8)","78.6","(73.9, 82.8)","76.5","(71.5, 81.1)","85.3","(82.5, 87.9)","83.2","(79.9, 86.2)","72.0","(69.5, 74.3)","69.7","(67.0, 72.2)","10.2","( 8.7, 11.9)","8.7","( 7.5, 10.2)","38.6","(31.9, 45.5)","39.1","(32.4, 45.9)","37.1","(31.3, 43.0)","37.1","(31.4, 43.1)","21.3","(17.7, 25.0)","22.0","(18.2, 25.7)","53.3","(50.4, 56.3)","52.7","(49.7, 55.9)","21.8","(18.0, 26.2)","22.6","(18.7, 27.1)","16.9","(14.6, 19.4)","14.2","(12.3, 16.4)","25.9","(22.7, 29.2)","24.2","(21.1, 27.3)","39.0","(34.1, 44.0)","32.8","(28.1, 37.9)","4.1","( 3.7,  4.5)","3.5","( 3.1,  3.8)","38.5","(32.9, 44.3)","37.1","(31.7, 42.8)","72.7","(69.3, 76.0)","72.7","(69.2, 76.1)","18.7","(16.2, 21.2)","19.8","(17.3, 22.6)","44.9","(36.8, 53.4)","44.9","(36.9, 53.3)","15.8","(13.7, 18.0)","14.6","(12.7, 16.6)","40.9","(39.7, 42.1)","42.0","(40.7, 43.2)","4.8","( 4.3,  5.4)","4.0","( 3.6,  4.4)","18.6","(14.0, 23.3)","19.7","(14.9, 24.9)","8","( 7.0,  9.1)","6.7","( 6.0,  7.6)","7.9","( 6.9,  8.9)","7.3","( 6.4,  8.3)","17.5","(15.1, 20.0)","18.2","(15.6, 20.7)","22.6","(19.8, 25.6)","19.4","(17.0, 22.1)","6.3","( 5.5,  7.1)","5.6","( 5.0,  6.4)","11.8","(10.2, 13.4)","11.4","( 9.9, 13.0)","38.7","(33.9, 43.4)","36.4","(31.8, 41.1)","POINT (-88.0968644 33.2968003)"
"WI","Wisconsin","Wood","55141","74,070","6.9","( 5.3,  8.9)","7.4","( 5.6,  9.6)","31.1","(27.1, 35.1)","24.8","(21.4, 28.3)","19.1","(16.0, 22.5)","22.3","(18.7, 26.1)","35.7","(31.6, 39.7)","29.2","(25.6, 33.0)","81.1","(77.9, 83.9)","59.5","(54.6, 64.2)","8.5","( 7.6,  9.4)","6.4","( 5.7,  7.0)","10.3","( 9.0, 11.7)","10.5","( 9.1, 11.9)","81.5","(78.8, 84.2)","82.1","(79.6, 84.7)","7.2","( 6.3,  8.3)","5.2","( 4.5,  6.0)","75.7","(71.3, 79.7)","72.2","(67.3, 76.6)","82.0","(78.8, 84.8)","77.8","(74.1, 81.2)","63.9","(60.4, 67.1)","61.1","(57.4, 64.6)","7.2","( 5.9,  8.7)","5.7","( 4.8,  6.9)","37.0","(29.2, 45.0)","37.4","(29.4, 45.1)","34.4","(27.6, 41.4)","35.0","(28.1, 41.9)","14.9","(11.7, 18.6)","15.8","(12.4, 19.5)","67.0","(63.1, 70.4)","66.2","(62.3, 69.9)","20.4","(17.0, 24.0)","21.7","(18.1, 25.4)","10.2","( 8.6, 11.9)","7.8","( 6.6,  9.2)","15.3","(12.8, 18.2)","13.6","(11.3, 16.1)","37.5","(33.4, 41.9)","29.5","(25.6, 33.7)","3.4","( 3.1,  3.8)","2.7","( 2.4,  3.0)","23.4","(19.3, 28.1)","21.7","(17.7, 26.3)","75.2","(70.9, 79.5)","75.1","(70.5, 79.6)","13.1","(11.2, 15.1)","14.5","(12.4, 16.8)","35.0","(29.1, 41.1)","35.0","(29.0, 41.2)","11.2","( 9.5, 13.2)","10.0","( 8.5, 11.7)","30.7","(29.1, 32.2)","31.9","(30.3, 33.4)","3.5","( 3.1,  4.0)","2.7","( 2.3,  3.0)","10.2","( 6.5, 14.2)","10.9","( 7.0, 15.2)","7.9","( 6.9,  8.9)","6.1","( 5.3,  6.9)","4.3","( 3.6,  5.0)","3.8","( 3.2,  4.4)","11.5","( 9.6, 13.6)","12.2","(10.1, 14.5)","13.4","(11.2, 15.8)","10.5","( 8.8, 12.4)","3.7","( 3.2,  4.4)","3.2","( 2.7,  3.7)","7.1","( 6.0,  8.4)","6.7","( 5.6,  7.9)","26.5","(22.5, 31.0)","23.7","(20.2, 27.8)","POINT (-90.0388252 44.4614126)"
"WI","Wisconsin","Kewaunee","55061","20,543","6.5","( 4.9,  8.3)","7.0","( 5.3,  9.1)","30.5","(25.8, 35.4)","24.2","(20.3, 28.5)","21.7","(18.0, 25.7)","25.2","(21.0, 29.7)","33.5","(29.0, 38.1)","27.2","(23.2, 31.4)","79.7","(76.1, 83.0)","57.0","(51.6, 62.2)","8.6","( 7.7,  9.5)","6.4","( 5.8,  7.2)","10.0","( 8.8, 11.4)","10.2","( 9.0, 11.6)","83.3","(80.7, 85.8)","83.7","(81.3, 86.0)","6.9","( 5.9,  7.9)","5.0","( 4.3,  5.8)","74.9","(69.7, 79.8)","71.3","(65.6, 76.7)","82.8","(79.7, 85.6)","78.5","(74.7, 82.1)","63.4","(59.8, 66.8)","60.7","(57.0, 64.3)","6.6","( 5.4,  8.1)","5.3","( 4.3,  6.4)","38.5","(29.5, 47.7)","39.0","(30.3, 47.9)","38.5","(31.0, 46.4)","39.1","(31.4, 46.9)","14.9","(11.6, 18.4)","15.6","(12.1, 19.3)","70.3","(67.0, 73.8)","69.5","(66.2, 73.0)","21.3","(17.3, 25.5)","22.7","(18.6, 27.2)","9.7","( 8.1, 11.6)","7.4","( 6.2,  8.8)","14","(11.5, 16.8)","12.3","(10.2, 14.8)","38.4","(33.4, 43.6)","30.3","(25.5, 35.1)","3.3","( 3.0,  3.7)","2.6","( 2.3,  2.9)","21.1","(16.7, 25.8)","19.5","(15.5, 24.0)","74.0","(69.5, 78.2)","73.8","(69.1, 78.3)","13.2","(11.2, 15.3)","14.7","(12.4, 17.0)","35.1","(27.0, 43.9)","35.0","(26.9, 43.7)","10.9","( 9.2, 12.8)","9.6","( 8.2, 11.3)","30.2","(28.6, 31.9)","31.3","(29.6, 33.1)","3.3","( 2.9,  3.8)","2.5","( 2.2,  2.9)","9.0","( 5.9, 12.5)","9.6","( 6.4, 13.4)","7.5","( 6.5,  8.6)","5.9","( 5.1,  6.7)","3.8","( 3.2,  4.5)","3.4","( 2.8,  3.9)","10.7","( 8.9, 12.6)","11.4","( 9.4, 13.5)","12.1","( 9.9, 14.4)","9.4","( 7.8, 11.3)","3.3","( 2.8,  3.9)","2.8","( 2.4,  3.3)","6.4","( 5.3,  7.6)","6","( 5.1,  7.2)","24.5","(20.4, 29.0)","21.9","(18.2, 25.9)","POINT (-87.4480081 44.6056771)"
"WI","Wisconsin","Dane","55025","563,951","5.5","( 4.2,  7.3)","5.5","( 4.2,  7.2)","21.7","(18.9, 24.6)","21.6","(18.8, 24.6)","23.3","(20.2, 26.8)","23.4","(20.2, 26.8)","25.9","(23.0, 29.0)","26.0","(23.0, 29.1)","72.7","(69.2, 76.1)","55.2","(50.5, 59.8)","6.5","( 5.9,  7.2)","6.5","( 5.8,  7.2)","10.1","( 8.9, 11.4)","10.0","( 8.9, 11.4)","84.0","(81.5, 86.1)","85.5","(83.4, 87.4)","4.5","( 3.8,  5.2)","4.4","( 3.8,  5.1)","66.5","(62.3, 70.7)","66.4","(62.2, 70.6)","79.9","(76.6, 82.9)","80.9","(77.7, 83.8)","68.0","(64.8, 70.7)","66.0","(62.8, 68.8)","4.2","( 3.4,  5.2)","4.1","( 3.3,  5.1)","44.9","(36.4, 53.3)","45.5","(37.2, 53.4)","42.6","(35.2, 49.9)","42.5","(35.1, 49.4)","11.2","( 8.5, 14.2)","11.7","( 8.7, 14.9)","75.5","(72.3, 78.3)","75.3","(72.1, 78.2)","23","(19.8, 26.5)","22.7","(19.5, 26.3)","7.0","( 5.9,  8.3)","7.0","( 5.9,  8.2)","10.2","( 8.5, 12.3)","10.3","( 8.5, 12.4)","32.0","(28.8, 35.4)","29.4","(26.0, 33.0)","2.5","( 2.2,  2.8)","2.5","( 2.2,  2.8)","15.3","(12.3, 18.7)","15.5","(12.4, 18.9)","74.3","(70.2, 77.9)","74.1","(69.9, 77.8)","13.3","(11.4, 15.5)","13.1","(11.2, 15.2)","27.3","(23.0, 31.9)","28.0","(23.6, 32.7)","8.0","( 6.8,  9.4)","8.1","( 6.8,  9.5)","25.3","(23.9, 26.7)","25.8","(24.4, 27.3)","2.3","( 2.0,  2.6)","2.3","( 2.0,  2.6)","6.3","( 3.6,  9.6)","6.6","( 3.8, 10.3)","5.1","( 4.4,  5.8)","5.1","( 4.4,  5.8)","2.9","( 2.5,  3.5)","3","( 2.5,  3.5)","9.7","( 7.9, 11.5)","9.5","( 7.8, 11.4)","8.1","( 6.6,  9.7)","8.1","( 6.7,  9.7)","2.4","( 2.0,  2.9)","2.5","( 2.1,  2.9)","5","( 4.2,  6.0)","5.1","( 4.2,  6.0)","19.4","(16.3, 22.8)","19.3","(16.2, 22.6)","POINT (-89.4178523 43.0674684)"
"WI","Wisconsin","Menominee","55078","4,289","9.4","( 7.3, 11.7)","9.9","( 7.7, 12.3)","31.8","(28.0, 35.5)","29.1","(25.4, 32.7)","21.1","(17.6, 24.8)","22.3","(18.6, 26.3)","35.4","(31.6, 39.3)","32.9","(29.2, 36.6)","74.6","(71.0, 77.8)","56.0","(51.0, 61.0)","6.9","( 6.3,  7.7)","6.2","( 5.6,  6.9)","12.9","(11.4, 14.5)","13.0","(11.5, 14.6)","80.2","(77.9, 82.7)","81.1","(78.9, 83.4)","8.0","( 7.1,  9.0)","7.0","( 6.3,  7.9)","75.1","(70.4, 79.2)","73.8","(69.0, 78.1)","77.5","(74.1, 81.0)","76.3","(72.8, 80.0)","58.0","(55.3, 61.0)","55.9","(53.2, 58.9)","8.0","( 6.8,  9.3)","7.1","( 6.1,  8.2)","30.6","(26.1, 35.7)","31.2","(26.7, 36.1)","25.2","(21.0, 29.8)","24.7","(20.8, 28.9)","24.7","(20.5, 28.8)","25.6","(21.0, 30.0)","56.5","(53.1, 59.7)","55.8","(52.4, 59.2)","21.7","(18.0, 25.3)","21.9","(18.3, 25.6)","14.9","(12.9, 16.9)","13.3","(11.5, 15.2)","22.4","(19.6, 25.4)","21.6","(18.8, 24.5)","35.2","(31.1, 39.2)","29.5","(25.5, 33.6)","4.1","( 3.7,  4.5)","3.7","( 3.4,  4.1)","26.1","(21.9, 30.6)","25.7","(21.5, 30.0)","66.7","(62.8, 70.4)","66.0","(61.8, 69.9)","17.6","(15.3, 20.0)","18.1","(15.7, 20.6)","41.8","(35.3, 48.3)","42.2","(35.7, 48.7)","15.0","(13.1, 17.0)","14.3","(12.5, 16.3)","36.0","(34.5, 37.4)","36.9","(35.3, 38.4)","4.5","( 4.1,  5.0)","4.1","( 3.7,  4.5)","18.4","(14.2, 22.6)","19.5","(15.1, 24.1)","8.9","( 8.0, 10.0)","8.3","( 7.4,  9.2)","7.1","( 6.2,  8.0)","6.8","( 6.0,  7.7)","16.1","(13.8, 18.3)","16.4","(14.0, 18.8)","17.6","(15.4, 19.9)","16.1","(14.0, 18.3)","5.3","( 4.7,  6.0)","5","( 4.4,  5.7)","10.5","( 9.1, 11.9)","10.4","( 9.0, 11.8)","36","(31.5, 40.5)","34.9","(30.5, 39.2)","POINT (-88.6692512 44.9913041)"
"MI","Michigan","Muskegon","26121","176,511","8.3","( 6.5, 10.3)","8.7","( 6.8, 10.7)","29.9","(26.1, 33.9)","25.9","(22.4, 29.5)","16.5","(13.6, 19.7)","18.1","(14.9, 21.6)","35.6","(31.7, 39.6)","31.6","(27.9, 35.5)","78.7","(75.3, 81.7)","60.0","(54.9, 64.8)","7.5","( 6.8,  8.4)","6.3","( 5.7,  6.9)","11.2","( 9.9, 12.6)","11.3","(10.0, 12.7)","82.7","(80.5, 85.0)","83.3","(81.2, 85.5)","7.0","( 6.2,  8.0)","5.8","( 5.1,  6.6)","76.6","(71.9, 80.7)","74.6","(69.7, 79.1)","85.5","(82.8, 88.1)","83.6","(80.5, 86.6)","75.8","(73.1, 78.2)","73.6","(70.6, 76.3)","8.4","( 7.1, 10.0)","7.3","( 6.1,  8.6)","45.4","(37.2, 53.1)","45.9","(38.0, 53.8)","44.7","(37.6, 51.8)","44.8","(37.7, 51.7)","18.6","(15.1, 22.2)","19.1","(15.5, 23.0)","63.2","(60.0, 66.2)","62.7","(59.5, 66.0)","23.8","(20.0, 27.9)","24.5","(20.6, 28.7)","11.9","(10.2, 13.8)","10.1","( 8.6, 11.7)","18","(15.5, 20.9)","16.8","(14.5, 19.5)","38.3","(33.9, 42.6)","32.5","(28.2, 36.9)","3.5","( 3.2,  3.8)","3.0","( 2.7,  3.3)","23.9","(20.0, 28.3)","22.9","(19.1, 27.2)","69.7","(65.7, 73.8)","69.5","(65.2, 73.7)","16.8","(14.6, 19.1)","17.8","(15.3, 20.3)","42.1","(35.5, 48.9)","42.0","(35.4, 48.9)","12.7","(11.1, 14.7)","11.8","(10.3, 13.6)","32.9","(31.6, 34.2)","33.7","(32.3, 35.0)","3.6","( 3.2,  4.1)","3.1","( 2.7,  3.4)","11.2","( 7.8, 15.3)","11.9","( 8.2, 16.4)","7.5","( 6.7,  8.5)","6.5","( 5.8,  7.3)","5.2","( 4.5,  6.0)","4.8","( 4.2,  5.6)","13.2","(11.3, 15.4)","13.7","(11.7, 16.0)","15.4","(13.3, 17.8)","13.3","(11.5, 15.4)","4.2","( 3.6,  4.8)","3.8","( 3.3,  4.4)","8.5","( 7.4,  9.9)","8.3","( 7.2,  9.7)","30.5","(26.4, 35.1)","28.8","(24.9, 33.3)","POINT (-86.4209083 43.4287388)"
"WI","Wisconsin","Pepin","55091","7,364","6.8","( 5.0,  9.0)","7.4","( 5.5,  9.9)","32.1","(27.4, 36.9)","24.5","(20.6, 28.7)","20.9","(17.3, 24.7)","25.2","(20.9, 29.7)","35.0","(30.4, 39.8)","27.3","(23.5, 31.5)","80.7","(77.3, 83.7)","57.1","(51.8, 62.2)","9.1","( 8.1, 10.1)","6.4","( 5.8,  7.1)","10.1","( 8.8, 11.5)","10.4","( 9.1, 11.8)","82.2","(79.2, 85.1)","82.8","(80.0, 85.5)","7.6","( 6.5,  8.8)","5.2","( 4.5,  6.0)","75.1","(70.0, 80.0)","70.8","(64.9, 76.3)","83.0","(80.0, 85.8)","77.7","(73.8, 81.4)","63.6","(59.9, 67.3)","60.2","(56.6, 64.1)","7.3","( 5.9,  9.0)","5.6","( 4.5,  6.8)","37.2","(28.6, 46.7)","37.8","(29.3, 47.4)","34.3","(27.0, 42.5)","34.8","(27.3, 43.1)","15.5","(12.0, 19.3)","16.4","(12.6, 20.6)","67.6","(63.7, 71.4)","66.8","(62.8, 70.8)","21.2","(17.5, 25.3)","22.9","(18.9, 27.3)","10.7","( 8.9, 12.6)","7.8","( 6.5,  9.2)","15","(12.2, 18.1)","12.9","(10.5, 15.5)","40.0","(34.9, 45.1)","30.7","(25.9, 35.5)","3.6","( 3.2,  4.0)","2.6","( 2.3,  2.9)","22.6","(17.9, 27.7)","20.5","(16.3, 25.3)","72.9","(68.1, 77.5)","72.4","(67.6, 77.3)","13.1","(11.2, 15.1)","14.9","(12.8, 17.3)","36.2","(28.3, 44.6)","36.1","(28.3, 44.5)","11.5","( 9.7, 13.6)","10.0","( 8.4, 11.7)","29.8","(28.1, 31.5)","31.2","(29.3, 33.0)","3.6","( 3.1,  4.2)","2.6","( 2.3,  3.0)","10.4","( 6.6, 14.6)","11.0","( 6.9, 15.7)","8.2","( 7.1,  9.4)","6.1","( 5.3,  6.9)","4.2","( 3.5,  5.1)","3.6","( 3.0,  4.3)","11","( 9.1, 13.1)","11.8","( 9.8, 14.1)","13.2","(10.8, 15.8)","9.8","( 8.0, 11.7)","3.7","( 3.0,  4.4)","3","( 2.5,  3.5)","6.8","( 5.6,  8.1)","6.4","( 5.3,  7.5)","26.1","(21.6, 30.9)","22.8","(18.9, 27.1)","POINT (-91.8348898 44.6274362)"
"MI","Michigan","Huron","26063","31,252","7.7","( 5.9, 10.0)","8.5","( 6.4, 10.9)","35.4","(30.6, 40.4)","26.5","(22.5, 30.7)","15.0","(12.2, 18.2)","18.9","(15.4, 22.8)","40.2","(35.5, 45.0)","31.1","(26.9, 35.4)","83.2","(80.2, 85.9)","60.2","(55.3, 65.4)","9.6","( 8.6, 10.7)","6.5","( 5.8,  7.2)","10.7","( 9.4, 12.2)","11.1","( 9.7, 12.6)","82.4","(79.7, 85.2)","83.2","(80.6, 85.8)","9.0","( 7.7, 10.4)","5.9","( 5.1,  6.8)","78.0","(73.3, 82.3)","73.3","(67.9, 78.3)","86.8","(84.1, 89.3)","82.0","(78.6, 85.4)","76.0","(73.1, 78.6)","72.8","(69.5, 75.9)","10.1","( 8.4, 12.1)","7.5","( 6.3,  9.1)","41.7","(33.0, 50.5)","42.2","(33.3, 51.2)","41.4","(33.7, 49.4)","41.8","(34.1, 49.8)","18.7","(15.0, 22.9)","20.2","(16.1, 24.7)","67.5","(63.9, 70.9)","66.4","(62.5, 70.2)","23.3","(19.2, 27.7)","25.4","(21.1, 30.1)","12.9","(10.9, 15.1)","9.2","( 7.7, 10.8)","18.8","(15.8, 22.3)","16.1","(13.5, 19.0)","40.9","(35.7, 46.1)","31.2","(26.5, 36.1)","4.0","( 3.5,  4.4)","2.8","( 2.5,  3.1)","25.7","(20.7, 30.9)","23.3","(18.6, 28.2)","71.0","(65.9, 75.6)","70.9","(66.0, 75.6)","15.5","(13.3, 17.9)","17.9","(15.4, 20.6)","38.7","(31.0, 47.0)","38.8","(31.3, 47.1)","13.7","(11.6, 16.0)","11.8","(10.0, 13.8)","33.9","(32.3, 35.4)","35.7","(34.0, 37.4)","4.2","( 3.7,  4.9)","2.9","( 2.6,  3.4)","11.7","( 7.8, 16.1)","12.5","( 8.3, 17.1)","9.6","( 8.4, 11.0)","6.9","( 6.0,  7.9)","5.4","( 4.5,  6.4)","4.5","( 3.9,  5.3)","13","(11.0, 15.3)","14.1","(11.8, 16.7)","17.4","(14.6, 20.5)","12.7","(10.7, 15.0)","4.5","( 3.7,  5.3)","3.6","( 3.1,  4.2)","8.9","( 7.5, 10.5)","8.2","( 7.0,  9.7)","33.4","(28.6, 38.6)","29.1","(24.7, 34.0)","POINT (-82.8570449 43.907616)"
"MI","Michigan","Clare","26035","31,065","9.4","( 7.1, 12.0)","10.2","( 7.7, 12.9)","36.3","(31.8, 41.2)","27.8","(24.0, 31.9)","13.9","(11.3, 16.9)","17.1","(14.0, 20.6)","42.3","(37.8, 46.9)","33.6","(29.5, 37.8)","82.9","(79.8, 85.6)","61.1","(55.8, 66.2)","9.3","( 8.3, 10.2)","6.5","( 5.9,  7.2)","11.6","(10.2, 13.2)","11.9","(10.4, 13.4)","79.6","(76.5, 82.6)","80.3","(77.5, 83.1)","9.8","( 8.6, 11.2)","6.7","( 5.9,  7.7)","76.4","(71.5, 80.7)","72.0","(66.4, 77.0)","85.6","(82.7, 88.2)","80.8","(77.2, 84.3)","74.8","(71.9, 77.6)","71.5","(68.0, 74.8)","12.2","(10.2, 14.5)","9.3","( 7.8, 10.9)","44.1","(34.8, 53.4)","44.4","(35.5, 53.4)","37.3","(29.5, 45.3)","36.9","(29.4, 44.7)","23.1","(18.9, 27.6)","24.4","(19.8, 29.0)","60.1","(56.1, 64.4)","59.0","(54.7, 63.6)","26.2","(22.0, 30.8)","28.1","(23.7, 32.9)","14.5","(12.4, 16.7)","10.5","( 8.9, 12.2)","22.5","(19.2, 26.1)","19.5","(16.6, 22.5)","41.8","(36.8, 46.9)","32.2","(27.5, 37.0)","4.2","( 3.8,  4.7)","3.1","( 2.8,  3.4)","28.8","(23.6, 34.4)","26.4","(21.6, 31.4)","67.7","(62.9, 72.5)","67.5","(62.0, 72.6)","17.7","(15.2, 20.2)","20.1","(17.4, 22.7)","37.7","(30.2, 45.6)","37.4","(30.0, 45.3)","15.9","(13.7, 18.4)","13.8","(11.9, 15.7)","35.9","(34.3, 37.5)","37.5","(35.8, 39.2)","4.7","( 4.1,  5.4)","3.4","( 3.0,  3.8)","14.6","( 9.9, 20.0)","15.3","(10.5, 21.2)","10.4","( 9.3, 11.8)","7.8","( 6.9,  8.8)","6.7","( 5.7,  7.9)","5.8","( 5.0,  6.7)","15.4","(13.1, 17.9)","16.6","(14.1, 19.2)","19.9","(17.0, 23.1)","15.1","(12.9, 17.5)","5.7","( 4.8,  6.6)","4.7","( 4.0,  5.3)","10.7","( 9.2, 12.3)","10.1","( 8.7, 11.6)","37.1","(32.0, 42.3)","33.2","(28.5, 38.1)","POINT (-84.8383253 43.9911368)"
"MI","Michigan","Ontonagon","26131","5,868","7.0","( 5.4,  9.1)","8.2","( 6.4, 10.6)","40.3","(35.7, 46.1)","26.4","(22.9, 30.8)","12.3","(10.2, 15.4)","18.3","(15.2, 22.5)","46.7","(42.3, 52.1)","32.0","(28.4, 36.6)","85.4","(82.8, 88.1)","59.2","(54.6, 64.6)","11.3","(10.3, 12.6)","6.4","( 5.8,  7.2)","10.5","( 9.3, 12.0)","11.1","( 9.9, 12.7)","81.6","(78.5, 84.6)","82.4","(79.9, 84.9)","11.2","( 9.7, 12.9)","6.1","( 5.3,  7.0)","80.4","(76.5, 84.8)","73.0","(68.0, 78.5)","89.8","(87.9, 91.8)","82.3","(79.3, 85.7)","77.7","(74.9, 80.2)","73.2","(70.0, 76.4)","11.6","( 9.6, 13.9)","7.6","( 6.4,  9.0)","44.9","(36.3, 53.8)","45.1","(36.6, 53.6)","38.4","(31.3, 46.0)","38.5","(31.4, 46.0)","18.4","(14.7, 22.6)","20.9","(16.6, 25.7)","67.0","(63.1, 70.9)","65.1","(61.3, 68.9)","22.5","(19.1, 27.2)","26.1","(22.2, 31.0)","15.3","(13.1, 18.0)","9.3","( 8.0, 11.0)","20.8","(17.4, 24.6)","16.4","(13.8, 19.3)","45.2","(40.3, 51.2)","31.5","(27.4, 37.0)","4.7","( 4.2,  5.3)","2.9","( 2.6,  3.2)","27.6","(22.7, 33.5)","23.7","(19.4, 29.1)","68.4","(63.5, 73.1)","68.7","(63.7, 73.5)","14.2","(12.4, 16.6)","18.2","(16.0, 21.1)","38.5","(31.6, 47.8)","38.6","(31.8, 47.6)","14.9","(12.7, 17.3)","11.9","(10.2, 13.9)","32.6","(30.8, 34.3)","35.6","(33.6, 37.4)","5.1","( 4.4,  5.8)","3.0","( 2.6,  3.4)","12.5","( 8.5, 17.1)","13.2","( 9.1, 18.3)","11.6","(10.3, 13.3)","7.1","( 6.3,  8.0)","5.9","( 5.0,  7.0)","4.6","( 3.9,  5.3)","12.3","(10.4, 14.4)","14.1","(12.0, 16.6)","20.2","(17.1, 23.6)","12.8","(10.9, 15.0)","5","( 4.2,  5.9)","3.7","( 3.1,  4.2)","9.3","( 7.8, 10.9)","8.3","( 7.1,  9.7)","35.6","(30.9, 40.9)","28.8","(24.8, 33.7)","POINT (-89.2769121 46.8353252)"
"WI","Wisconsin","Crawford","55023","16,075","7.4","( 5.6,  9.4)","8.0","( 6.0, 10.3)","33.3","(28.6, 38.2)","25.7","(21.8, 30.0)","19.9","(16.4, 23.9)","24.0","(19.9, 28.6)","37.8","(33.2, 42.7)","30.2","(26.1, 34.6)","80.3","(77.0, 83.4)","57.6","(52.4, 62.6)","9.0","( 8.1, 10.0)","6.4","( 5.7,  7.1)","10.3","( 9.0, 11.7)","10.6","( 9.2, 12.1)","82.1","(79.1, 84.8)","82.5","(79.9, 85.1)","8.1","( 7.0,  9.3)","5.6","( 4.9,  6.4)","75.1","(70.0, 80.0)","70.8","(65.2, 76.4)","81.8","(78.6, 84.8)","76.7","(72.7, 80.5)","63.7","(60.3, 67.3)","60.0","(56.5, 63.8)","8.0","( 6.5,  9.6)","6.1","( 5.1,  7.3)","39.2","(30.7, 48.0)","39.6","(31.1, 48.1)","34.7","(27.4, 42.1)","34.6","(27.4, 41.9)","16.6","(13.3, 20.4)","17.8","(13.9, 21.8)","66.5","(62.9, 70.2)","65.5","(61.8, 69.6)","21.4","(17.6, 25.8)","23","(18.9, 27.6)","11.5","( 9.7, 13.5)","8.5","( 7.1, 10.0)","16.4","(13.5, 19.4)","14.3","(11.9, 16.9)","40.7","(35.8, 46.0)","31.3","(26.6, 36.4)","3.7","( 3.3,  4.1)","2.8","( 2.5,  3.1)","23.5","(19.2, 28.8)","21.5","(17.4, 26.4)","72.6","(67.8, 77.1)","72.6","(67.6, 77.0)","13.7","(11.8, 16.0)","15.5","(13.3, 18.0)","37.3","(29.5, 46.0)","37.5","(29.6, 46.2)","12.2","(10.4, 14.2)","10.6","( 9.0, 12.4)","29.9","(28.2, 31.5)","31.4","(29.8, 33.2)","3.9","( 3.3,  4.5)","2.8","( 2.4,  3.2)","11.1","( 7.2, 15.3)","11.7","( 7.6, 16.2)","8.7","( 7.7,  9.9)","6.5","( 5.7,  7.4)","4.7","( 4.0,  5.5)","4.1","( 3.5,  4.8)","11.9","(10.1, 14.0)","12.8","(10.7, 15.2)","14.3","(12.0, 16.8)","10.8","( 9.1, 12.8)","4.1","( 3.5,  4.8)","3.4","( 2.9,  4.0)","7.5","( 6.3,  8.8)","7","( 5.9,  8.2)","27.9","(23.7, 32.7)","24.6","(20.6, 28.8)","POINT (-90.935185 43.2427683)"
"MI","Michigan","Iosco","26069","25,369","8.1","( 6.1, 10.4)","9.1","( 6.9, 11.8)","38.1","(33.2, 43.1)","27.2","(23.4, 31.4)","13.7","(11.1, 16.6)","18.1","(14.9, 21.8)","43.1","(38.4, 48.0)","32.0","(28.0, 36.2)","84.0","(81.0, 86.5)","60.0","(54.9, 65.0)","10.2","( 9.1, 11.3)","6.5","( 5.8,  7.2)","11.0","( 9.6, 12.4)","11.5","(10.1, 13.0)","81.6","(78.5, 84.6)","82.4","(79.8, 85.0)","10.4","( 9.1, 12.0)","6.4","( 5.6,  7.3)","78.1","(73.3, 82.3)","72.3","(66.8, 77.5)","87.3","(84.7, 89.6)","81.5","(77.8, 84.7)","76.4","(73.5, 79.0)","72.4","(68.9, 75.6)","11.6","( 9.7, 13.9)","8.3","( 7.0,  9.9)","46.0","(37.2, 55.4)","46.3","(37.7, 55.8)","38.8","(31.2, 47.4)","38.8","(31.2, 47.2)","19.8","(16.0, 24.1)","21.7","(17.7, 26.2)","63.5","(59.6, 67.2)","62.1","(58.1, 65.7)","24.4","(20.2, 28.9)","27","(22.5, 31.8)","14.8","(12.7, 17.2)","10.0","( 8.5, 11.6)","21.1","(17.9, 25.0)","17.7","(15.0, 20.8)","43.4","(38.1, 48.6)","32.1","(27.4, 37.0)","4.4","( 3.9,  4.9)","3.0","( 2.7,  3.3)","29.2","(24.0, 34.7)","26.1","(21.5, 31.1)","69.2","(64.3, 74.0)","69.6","(64.8, 74.2)","15.9","(13.8, 18.2)","19.0","(16.5, 21.7)","38.9","(31.3, 47.2)","39.1","(31.3, 47.2)","15.1","(13.1, 17.6)","12.7","(11.0, 14.7)","33.1","(31.4, 34.7)","35.4","(33.6, 37.0)","4.8","( 4.2,  5.5)","3.2","( 2.8,  3.5)","12.8","( 8.7, 17.5)","13.5","( 9.2, 18.5)","10.8","( 9.5, 12.3)","7.3","( 6.5,  8.2)","6.2","( 5.3,  7.3)","5.1","( 4.4,  6.0)","13.7","(11.6, 16.0)","15.2","(12.8, 17.9)","19.8","(16.9, 23.1)","13.8","(11.8, 16.1)","5.2","( 4.4,  6.1)","4.1","( 3.5,  4.8)","9.8","( 8.4, 11.6)","9.1","( 7.7, 10.6)","36","(31.4, 40.9)","30.7","(26.4, 35.3)","POINT (-83.3801412 44.3869118)"
"AL","Alabama","Clay","01027","14,190","12.3","( 9.7, 15.5)","13.1","(10.3, 16.8)","35.6","(30.8, 40.5)","29.0","(24.7, 33.6)","13.0","(10.4, 16.0)","15.2","(12.2, 18.6)","44.7","(39.9, 49.5)","37.9","(33.4, 42.5)","83.0","(80.1, 85.6)","64.6","(59.6, 69.3)","8.4","( 7.5,  9.3)","6.4","( 5.7,  7.0)","10.6","( 9.4, 12.1)","10.8","( 9.5, 12.4)","81.7","(79.3, 84.0)","82.4","(80.0, 84.7)","9.0","( 7.8, 10.3)","6.6","( 5.8,  7.6)","77.2","(72.0, 81.6)","74.0","(68.4, 78.9)","86.2","(83.5, 88.7)","83.0","(79.5, 86.1)","71.3","(68.6, 74.2)","69.1","(66.1, 72.3)","10.7","( 9.0, 12.8)","8.7","( 7.3, 10.3)","39.2","(30.9, 47.5)","39.3","(31.1, 47.1)","35.5","(28.7, 42.2)","35.8","(28.9, 42.5)","20.2","(16.3, 24.4)","21.2","(17.0, 25.6)","56.4","(52.8, 59.7)","55.6","(51.7, 59.0)","24.3","(20.1, 29.0)","25.8","(21.3, 30.7)","15.3","(13.1, 17.7)","11.9","(10.3, 13.9)","23.7","(20.2, 27.6)","21.3","(18.1, 24.9)","41.2","(36.2, 46.4)","33.4","(28.6, 38.5)","4.0","( 3.6,  4.4)","3.1","( 2.8,  3.4)","37.2","(31.3, 43.3)","35.1","(29.3, 41.3)","71.4","(66.9, 75.4)","71.4","(66.8, 75.5)","18.1","(15.8, 20.7)","20.0","(17.3, 22.7)","41.7","(33.2, 50.0)","41.6","(33.1, 50.0)","15.6","(13.4, 18.0)","14.0","(11.9, 16.2)","37.4","(36.0, 38.8)","38.7","(37.1, 40.2)","4.5","( 3.9,  5.1)","3.4","( 3.0,  3.9)","16.0","(11.6, 20.9)","17.1","(12.6, 22.1)","9","( 7.9, 10.2)","7","( 6.2,  8.0)","6.6","( 5.6,  7.7)","5.8","( 5.0,  6.8)","16.4","(14.0, 19.1)","17.3","(14.6, 20.2)","21.9","(18.9, 25.2)","17.6","(15.1, 20.3)","5.4","( 4.6,  6.3)","4.6","( 4.0,  5.3)","10.7","( 9.1, 12.4)","10.2","( 8.6, 11.9)","38.5","(33.7, 43.8)","35.3","(30.5, 40.4)","POINT (-85.8635254 33.2703999)"
"WI","Wisconsin","Waukesha","55133","408,756","5.0","( 3.8,  6.6)","5.4","( 4.1,  7.2)","28.9","(25.3, 32.8)","23.6","(20.5, 27.0)","21.8","(18.5, 25.4)","24.7","(21.0, 28.7)","31.3","(27.7, 35.2)","26.1","(22.9, 29.6)","78.6","(74.9, 81.8)","56.7","(51.8, 61.5)","8.1","( 7.3,  8.9)","6.3","( 5.7,  7.0)","9.6","( 8.4, 11.0)","9.8","( 8.5, 11.1)","85.2","(82.7, 87.4)","85.5","(83.2, 87.6)","5.5","( 4.7,  6.4)","4.2","( 3.6,  4.8)","76.1","(72.0, 80.0)","73.3","(68.7, 77.4)","84.6","(81.8, 87.1)","81.4","(78.0, 84.4)","67.5","(64.4, 70.5)","65.3","(62.0, 68.4)","4.9","( 3.9,  6.1)","4.0","( 3.2,  4.9)","42.2","(34.0, 49.8)","42.8","(35.0, 50.3)","41.0","(33.5, 48.1)","41.3","(33.8, 48.3)","11.2","( 8.5, 14.3)","11.6","( 8.7, 14.9)","77.8","(74.8, 80.4)","77.1","(73.9, 80.0)","18.9","(15.8, 22.5)","19.9","(16.6, 23.5)","8.5","( 7.1,  9.9)","6.7","( 5.6,  7.9)","10.9","( 8.8, 13.2)","9.8","( 8.0, 11.7)","39.3","(35.3, 43.5)","32.1","(28.1, 36.1)","2.9","( 2.6,  3.3)","2.4","( 2.1,  2.6)","16.9","(13.5, 20.7)","15.9","(12.7, 19.4)","76.8","(72.9, 80.5)","76.6","(72.4, 80.4)","11.6","( 9.8, 13.6)","12.7","(10.8, 14.9)","34.0","(28.6, 39.8)","33.7","(28.2, 39.4)","8.7","( 7.3, 10.3)","7.8","( 6.5,  9.1)","27.7","(26.2, 29.3)","28.6","(26.9, 30.3)","2.7","( 2.3,  3.1)","2.2","( 1.9,  2.5)","6.4","( 3.6, 10.1)","6.8","( 3.9, 10.8)","6","( 5.2,  6.9)","4.9","( 4.3,  5.6)","2.9","( 2.4,  3.5)","2.6","( 2.2,  3.1)","8.4","( 6.9, 10.1)","8.9","( 7.3, 10.8)","9.4","( 7.6, 11.4)","7.6","( 6.2,  9.2)","2.5","( 2.1,  3.0)","2.2","( 1.8,  2.6)","4.9","( 4.0,  5.9)","4.7","( 3.8,  5.6)","19.3","(16.1, 22.9)","17.5","(14.6, 20.7)","POINT (-88.3042404 43.0183677)"
"MI","Michigan","Charlevoix","26029","26,086","6.1","( 4.5,  8.0)","6.7","( 4.9,  8.9)","33.2","(28.6, 38.3)","25.0","(21.1, 29.1)","16.3","(13.3, 19.7)","20.2","(16.6, 24.2)","37.4","(32.7, 42.3)","29.0","(25.0, 33.1)","82.0","(78.7, 84.8)","58.5","(53.5, 63.6)","9.4","( 8.5, 10.5)","6.5","( 5.9,  7.3)","10.4","( 9.1, 11.9)","10.7","( 9.4, 12.2)","83.3","(80.3, 86.1)","84.0","(81.4, 86.4)","7.9","( 6.8,  9.2)","5.3","( 4.6,  6.1)","77.9","(73.0, 82.3)","73.5","(68.0, 78.5)","88.3","(85.9, 90.5)","84.2","(81.0, 87.1)","77.7","(74.8, 80.4)","74.5","(70.9, 77.7)","8.3","( 6.7, 10.2)","6.3","( 5.1,  7.6)","47.8","(38.5, 56.6)","48.1","(38.7, 57.0)","42.0","(34.2, 49.5)","41.7","(33.9, 49.3)","15.3","(11.7, 19.4)","16.4","(12.6, 20.6)","73.4","(69.7, 76.6)","72.4","(68.7, 75.8)","22.7","(18.7, 27.1)","24.5","(20.2, 29.0)","11.2","( 9.5, 13.4)","8.0","( 6.7,  9.6)","15.5","(12.8, 18.6)","13.3","(10.9, 15.9)","41.1","(36.1, 46.3)","31.7","(27.1, 36.7)","3.6","( 3.2,  4.1)","2.6","( 2.4,  3.0)","21.8","(17.2, 27.0)","19.7","(15.5, 24.4)","71.3","(66.2, 75.9)","71.2","(66.2, 75.8)","14.3","(12.3, 16.8)","16.4","(14.1, 19.1)","32.9","(25.8, 40.9)","32.9","(25.5, 40.6)","11.9","(10.0, 14.1)","10.2","( 8.6, 12.1)","30.8","(29.1, 32.7)","32.5","(30.6, 34.4)","3.7","( 3.2,  4.3)","2.6","( 2.3,  3.0)","8.8","( 5.6, 12.7)","9.2","( 5.9, 13.7)","8.4","( 7.3,  9.7)","6.2","( 5.4,  7.1)","4.3","( 3.6,  5.1)","3.7","( 3.1,  4.3)","11","( 9.0, 13.1)","11.9","( 9.7, 14.3)","14.4","(12.0, 17.4)","10.7","( 8.8, 12.8)","3.6","( 3.0,  4.3)","2.9","( 2.5,  3.4)","7.2","( 6.0,  8.5)","6.7","( 5.6,  8.1)","28.7","(24.3, 33.8)","25.1","(21.0, 29.6)","POINT (-85.5436841 45.6185538)"
"WI","Wisconsin","Dunn","55033","45,547","6.5","( 4.8,  8.6)","6.7","( 5.0,  8.8)","25.7","(21.8, 29.7)","25.2","(21.2, 29.3)","22.8","(18.9, 26.9)","23.5","(19.5, 27.7)","29.2","(25.2, 33.3)","28.8","(24.6, 33.1)","76.1","(72.4, 79.2)","57.8","(52.4, 62.7)","6.8","( 6.1,  7.6)","6.5","( 5.8,  7.2)","10.5","( 9.1, 12.0)","10.4","( 9.1, 11.8)","80.0","(76.8, 83.2)","82.7","(80.1, 85.4)","5.6","( 4.8,  6.4)","5.2","( 4.5,  6.0)","71.8","(66.2, 76.8)","71.1","(65.3, 76.1)","76.8","(72.8, 80.6)","78.2","(74.5, 81.7)","63.4","(60.0, 66.7)","60.9","(57.2, 64.4)","5.7","( 4.6,  6.9)","5.5","( 4.5,  6.6)","41.8","(32.4, 50.7)","42.2","(33.4, 51.2)","35.9","(28.3, 43.3)","36.3","(29.0, 43.6)","13.8","(10.7, 17.3)","15.5","(11.8, 19.4)","70.6","(67.0, 74.2)","69.6","(66.2, 73.0)","23.2","(19.0, 27.6)","23.1","(19.0, 27.5)","8.4","( 7.0,  9.9)","8.0","( 6.7,  9.5)","12.6","(10.4, 15.3)","12.6","(10.4, 15.1)","33.5","(29.0, 38.0)","29.7","(24.8, 34.4)","2.8","( 2.5,  3.1)","2.7","( 2.4,  3.0)","19.5","(15.6, 24.4)","19.7","(15.7, 24.4)","72.7","(67.9, 77.2)","72.5","(67.5, 77.0)","15.0","(12.8, 17.6)","14.8","(12.6, 17.2)","34.2","(26.8, 41.9)","36.1","(28.3, 44.0)","9.7","( 8.2, 11.4)","9.8","( 8.3, 11.5)","29.0","(27.2, 30.7)","30.4","(28.6, 32.0)","2.7","( 2.4,  3.1)","2.6","( 2.3,  3.0)","9.8","( 6.4, 14.4)","10.4","( 6.8, 15.1)","6.3","( 5.5,  7.2)","6","( 5.2,  6.9)","3.7","( 3.1,  4.3)","3.6","( 3.1,  4.3)","11.9","( 9.7, 14.4)","11.6","( 9.8, 13.8)","10.1","( 8.3, 12.1)","9.8","( 8.1, 11.7)","3","( 2.6,  3.6)","3","( 2.6,  3.6)","6.4","( 5.3,  7.7)","6.3","( 5.3,  7.5)","23.1","(19.4, 27.4)","22.3","(18.7, 26.4)","POINT (-91.8976451 44.9477513)"
"WI","Wisconsin","Trempealeau","55121","30,724","7.4","( 5.6,  9.5)","7.9","( 6.0, 10.3)","29.9","(25.6, 34.6)","24.5","(20.8, 28.6)","21.6","(17.8, 25.6)","24.5","(20.3, 28.9)","32.6","(28.4, 37.2)","27.2","(23.5, 31.3)","78.8","(75.1, 82.2)","56.9","(51.5, 62.1)","8.2","( 7.3,  9.1)","6.4","( 5.8,  7.1)","10.1","( 8.8, 11.5)","10.3","( 9.0, 11.6)","81.9","(79.0, 84.6)","82.2","(79.6, 84.8)","6.8","( 5.9,  7.9)","5.2","( 4.5,  6.0)","73.9","(68.5, 78.7)","70.8","(65.1, 76.1)","81.6","(78.4, 84.7)","77.8","(73.9, 81.6)","62.3","(58.9, 66.0)","60.1","(56.7, 63.7)","6.8","( 5.6,  8.3)","5.6","( 4.6,  6.7)","38.4","(29.5, 47.3)","39.0","(30.5, 47.7)","34.6","(27.1, 42.2)","35.0","(27.3, 42.5)","15.4","(12.0, 19.1)","15.9","(12.4, 19.7)","67.3","(63.6, 70.5)","66.6","(62.8, 70.2)","22.4","(18.5, 26.7)","23.5","(19.5, 28.0)","9.9","( 8.3, 11.6)","7.8","( 6.6,  9.2)","14.5","(12.1, 17.4)","13.1","(10.9, 15.6)","39.0","(34.0, 44.1)","31.3","(26.7, 36.3)","3.3","( 2.9,  3.6)","2.6","( 2.4,  2.9)","22.1","(17.6, 27.0)","20.8","(16.7, 25.3)","74.3","(70.0, 78.6)","74.0","(69.5, 78.3)","13.6","(11.7, 15.8)","14.9","(12.8, 17.2)","35.5","(27.9, 43.7)","35.2","(27.6, 43.5)","11.1","( 9.4, 13.0)","10.0","( 8.5, 11.6)","31.8","(30.3, 33.4)","32.7","(31.1, 34.3)","3.3","( 2.9,  3.8)","2.6","( 2.3,  3.0)","9.9","( 6.3, 13.8)","10.5","( 6.6, 14.8)","7.5","( 6.5,  8.5)","6.1","( 5.4,  6.9)","4.1","( 3.5,  4.8)","3.7","( 3.1,  4.3)","11.4","( 9.5, 13.4)","12","( 9.9, 14.2)","12.3","(10.1, 14.8)","9.9","( 8.2, 11.8)","3.5","( 3.0,  4.2)","3","( 2.6,  3.6)","6.7","( 5.6,  7.9)","6.4","( 5.4,  7.5)","25.4","(21.4, 29.7)","23.2","(19.4, 27.4)","POINT (-91.3588668 44.3030501)"
"AL","Alabama","Limestone","01083","107,517","10.3","( 8.0, 13.1)","10.8","( 8.4, 13.7)","30.8","(26.7, 35.2)","27.5","(23.7, 31.5)","14.6","(11.8, 17.7)","15.6","(12.6, 18.9)","38.2","(33.9, 42.6)","34.9","(30.7, 39.1)","80.4","(77.3, 83.3)","64.2","(59.3, 68.8)","7.1","( 6.4,  7.9)","6.3","( 5.7,  6.9)","9.9","( 8.6, 11.2)","9.9","( 8.6, 11.3)","83.7","(81.4, 85.9)","83.8","(81.6, 86.0)","6.5","( 5.7,  7.5)","5.7","( 4.9,  6.6)","75.8","(70.9, 80.3)","74.3","(69.3, 79.1)","86.8","(83.9, 89.2)","85.1","(81.9, 87.8)","72.1","(69.1, 74.8)","71.0","(67.8, 73.9)","7.5","( 6.2,  9.1)","6.7","( 5.5,  8.0)","48.9","(40.4, 57.3)","49.2","(40.7, 57.5)","38.1","(30.8, 45.7)","37.8","(30.5, 45.3)","16.8","(13.2, 20.8)","16.8","(13.2, 20.7)","62.6","(59.0, 66.2)","62.3","(58.3, 65.9)","22.2","(18.4, 26.2)","22.6","(18.7, 26.8)","12.1","(10.3, 14.0)","10.5","( 9.0, 12.2)","18.2","(15.2, 21.4)","17.1","(14.2, 20.1)","38.0","(33.2, 42.9)","33.1","(28.5, 37.9)","3.1","( 2.8,  3.5)","2.8","( 2.5,  3.1)","30.2","(24.9, 35.8)","29.3","(24.1, 35.1)","72.4","(68.2, 76.4)","72.3","(67.8, 76.4)","16.8","(14.4, 19.3)","17.6","(15.0, 20.2)","37.2","(30.0, 44.9)","36.6","(29.5, 44.2)","12.2","(10.4, 14.3)","11.4","( 9.7, 13.3)","38.5","(36.9, 40.0)","38.8","(37.2, 40.4)","3.3","( 2.9,  3.7)","2.9","( 2.6,  3.3)","12.5","( 8.1, 17.4)","13.1","( 8.6, 18.3)","6.6","( 5.7,  7.5)","6","( 5.2,  6.9)","4.7","( 4.0,  5.5)","4.5","( 3.8,  5.2)","13.6","(11.3, 16.1)","14","(11.7, 16.5)","16","(13.6, 18.6)","14.3","(12.1, 16.7)","3.8","( 3.2,  4.5)","3.5","( 3.0,  4.1)","7.9","( 6.7,  9.3)","7.8","( 6.5,  9.2)","31.2","(27.0, 36.0)","30.2","(26.0, 35.1)","POINT (-86.9813995 34.8102387)"
"WI","Wisconsin","Jackson","55053","21,121","8.3","( 6.3, 10.6)","8.8","( 6.7, 11.2)","30.2","(25.6, 34.8)","24.9","(21.0, 29.0)","21.7","(17.8, 25.5)","24.4","(20.2, 28.7)","35.3","(30.8, 39.8)","30.1","(25.9, 34.4)","78.6","(75.0, 81.7)","58.0","(52.7, 63.2)","8.1","( 7.2,  9.0)","6.4","( 5.7,  7.1)","10.4","( 9.2, 11.8)","10.6","( 9.3, 12.0)","81.6","(78.8, 84.3)","82.1","(79.5, 84.6)","7.5","( 6.4,  8.5)","5.8","( 5.0,  6.6)","72.8","(67.4, 77.8)","69.8","(64.1, 75.2)","79.7","(76.3, 82.8)","75.9","(72.0, 79.6)","61.3","(57.7, 64.6)","58.7","(55.0, 62.1)","7.7","( 6.3,  9.2)","6.3","( 5.3,  7.5)","38.2","(29.9, 47.5)","38.6","(30.2, 48.1)","33.1","(26.4, 40.8)","33.2","(26.6, 40.8)","18.3","(14.7, 22.3)","18.9","(15.1, 23.1)","63.3","(60.1, 66.6)","62.6","(59.1, 65.9)","21.9","(18.0, 26.2)","22.8","(18.8, 27.2)","11.0","( 9.3, 12.8)","8.9","( 7.5, 10.4)","16.9","(14.2, 19.9)","15.4","(12.9, 18.1)","38.1","(33.0, 43.1)","30.5","(25.9, 35.5)","3.5","( 3.1,  3.9)","2.8","( 2.5,  3.1)","24.8","(20.2, 30.0)","23.4","(18.9, 28.5)","71.6","(67.1, 75.7)","71.4","(66.8, 75.8)","14.5","(12.5, 16.6)","15.8","(13.6, 18.0)","37.5","(29.7, 46.0)","37.3","(29.4, 45.9)","12.4","(10.5, 14.3)","11.2","( 9.5, 12.9)","31.3","(29.9, 32.9)","32.4","(30.8, 33.9)","3.6","( 3.2,  4.2)","2.9","( 2.6,  3.3)","12.0","( 8.2, 16.4)","12.7","( 8.7, 17.6)","8.1","( 7.1,  9.2)","6.7","( 5.9,  7.5)","4.9","( 4.2,  5.6)","4.4","( 3.8,  5.1)","12.7","(10.6, 14.9)","13.3","(11.1, 15.6)","13.9","(11.6, 16.3)","11.4","( 9.6, 13.4)","4.2","( 3.6,  4.9)","3.6","( 3.1,  4.2)","7.7","( 6.5,  8.9)","7.4","( 6.3,  8.6)","28","(23.7, 32.5)","25.8","(21.7, 30.2)","POINT (-90.7995104 44.3245897)"
"WI","Wisconsin","Manitowoc","55071","81,505","7.0","( 5.3,  9.1)","7.6","( 5.7,  9.8)","31.3","(26.8, 35.8)","24.7","(20.9, 28.6)","20.7","(17.0, 24.5)","24.2","(20.0, 28.4)","34.7","(30.3, 39.4)","28.2","(24.3, 32.2)","80.1","(76.7, 83.3)","57.7","(52.4, 62.8)","8.6","( 7.7,  9.6)","6.4","( 5.7,  7.2)","10.2","( 8.9, 11.6)","10.4","( 9.0, 11.8)","81.4","(78.8, 84.1)","82.1","(79.7, 84.5)","7.1","( 6.1,  8.1)","5.1","( 4.4,  5.9)","75.6","(70.6, 80.0)","71.9","(66.5, 76.9)","83.0","(80.0, 85.9)","78.7","(74.9, 82.1)","63.5","(59.9, 66.9)","60.9","(57.3, 64.5)","7.0","( 5.7,  8.6)","5.6","( 4.5,  6.7)","40.1","(31.4, 48.9)","40.6","(32.3, 49.0)","34.9","(27.4, 42.5)","35.3","(27.8, 42.9)","15.2","(11.8, 18.9)","15.9","(12.5, 19.9)","67.1","(63.7, 70.2)","66.2","(62.6, 69.5)","21.7","(17.8, 25.9)","23","(18.9, 27.4)","10.3","( 8.5, 12.1)","7.8","( 6.5,  9.3)","14.6","(11.9, 17.5)","12.8","(10.6, 15.4)","39.7","(34.8, 44.7)","31.3","(26.7, 36.0)","3.4","( 3.0,  3.8)","2.6","( 2.4,  2.9)","22.2","(17.9, 27.0)","20.6","(16.5, 25.1)","74.8","(70.4, 78.6)","74.5","(70.0, 78.6)","13.1","(11.1, 15.3)","14.6","(12.3, 17.0)","35.7","(28.5, 43.2)","35.5","(28.5, 42.8)","11.2","( 9.4, 13.2)","9.9","( 8.4, 11.6)","31.0","(29.3, 32.5)","32.2","(30.6, 33.8)","3.4","( 3.0,  3.9)","2.6","( 2.3,  3.0)","9.8","( 6.4, 13.8)","10.5","( 6.8, 14.6)","7.7","( 6.7,  8.8)","6","( 5.2,  6.8)","4.2","( 3.4,  4.9)","3.7","( 3.1,  4.3)","11","( 9.1, 13.1)","11.7","( 9.7, 14.0)","12.9","(10.6, 15.3)","10","( 8.2, 11.8)","3.6","( 3.0,  4.3)","3","( 2.6,  3.6)","6.7","( 5.5,  7.9)","6.4","( 5.3,  7.5)","25.5","(21.3, 29.8)","22.8","(19.1, 26.8)","POINT (-87.5773525 44.156137)"
"AL","Alabama","Barbour","01005","24,964","16.7","(13.4, 20.5)","17.2","(13.8, 21.2)","35.4","(30.9, 40.1)","30.6","(26.4, 35.1)","12.0","( 9.6, 14.7)","13.4","(10.7, 16.4)","48.8","(44.1, 53.5)","44.3","(39.5, 49.2)","82.4","(79.7, 85.0)","68.4","(63.7, 73.0)","7.3","( 6.6,  8.1)","5.9","( 5.3,  6.5)","11.3","( 9.9, 12.9)","11.4","(10.0, 13.0)","81.2","(78.9, 83.2)","81.8","(79.7, 83.8)","9.3","( 8.2, 10.5)","7.5","( 6.6,  8.5)","78.6","(74.0, 82.9)","76.6","(71.7, 81.2)","84.4","(81.2, 87.0)","82.2","(78.5, 85.2)","71.7","(69.5, 74.1)","69.0","(66.4, 71.5)","11.4","( 9.7, 13.3)","9.7","( 8.3, 11.3)","36.8","(30.5, 43.6)","36.9","(30.5, 43.9)","33.5","(28.0, 39.5)","33.2","(27.8, 39.0)","24.2","(20.0, 28.5)","25.0","(20.5, 29.6)","48.2","(44.9, 51.5)","47.6","(44.1, 51.0)","22","(18.1, 26.4)","22.6","(18.6, 27.0)","18.4","(15.9, 21.0)","15.6","(13.5, 17.9)","29.1","(25.5, 32.9)","27.3","(23.7, 31.0)","39.8","(35.0, 44.7)","33.5","(28.8, 38.6)","4.4","( 4.0,  4.9)","3.7","( 3.4,  4.1)","41.7","(35.6, 47.9)","40.2","(34.3, 46.5)","71.8","(68.3, 75.3)","72.5","(68.9, 76.1)","19.3","(16.8, 22.0)","20.5","(17.9, 23.4)","43.3","(35.1, 51.8)","43.4","(35.4, 52.0)","17.1","(14.8, 19.4)","15.8","(13.7, 18.1)","42.7","(41.5, 43.9)","43.9","(42.6, 45.1)","5.3","( 4.8,  5.9)","4.4","( 4.0,  4.9)","21.3","(16.7, 26.2)","22.3","(17.4, 27.5)","8.5","( 7.5,  9.6)","7.2","( 6.3,  8.0)","9.3","( 8.0, 10.6)","8.6","( 7.5,  9.9)","19.2","(16.5, 22.0)","19.9","(17.0, 22.8)","25.2","(22.0, 28.4)","21.8","(19.0, 24.7)","7.3","( 6.4,  8.3)","6.7","( 5.8,  7.6)","13.3","(11.5, 15.2)","12.9","(11.1, 14.7)","43","(37.8, 47.9)","40.7","(35.4, 45.8)","POINT (-85.4051035 31.8702531)"
"MI","Michigan","Benzie","26019","18,223","6.2","( 4.5,  8.2)","6.8","( 4.9,  9.0)","33.8","(28.8, 38.4)","25.1","(21.2, 28.9)","15.4","(12.5, 18.3)","19.4","(15.8, 22.9)","38.3","(33.4, 42.8)","29.3","(25.2, 33.2)","82.3","(79.1, 85.0)","58.7","(53.4, 63.4)","9.6","( 8.5, 10.5)","6.5","( 5.8,  7.1)","10.3","( 9.0, 11.7)","10.7","( 9.4, 12.0)","84.4","(81.8, 87.1)","84.9","(82.4, 87.2)","8.2","( 7.0,  9.5)","5.3","( 4.6,  6.2)","78.4","(73.7, 82.3)","73.8","(68.3, 78.3)","88.5","(86.2, 90.7)","84.1","(80.8, 87.0)","79.7","(77.0, 82.2)","76.3","(73.2, 79.1)","8.5","( 6.8, 10.5)","6.3","( 5.2,  7.7)","48.4","(39.3, 57.5)","48.7","(39.9, 57.8)","43.2","(35.8, 51.2)","43.2","(35.7, 51.3)","15.6","(12.2, 19.7)","16.9","(12.8, 21.0)","71.7","(68.1, 75.2)","70.7","(66.8, 74.5)","23","(18.9, 27.1)","25.1","(20.7, 29.5)","11.5","( 9.6, 13.4)","8.1","( 6.7,  9.5)","15.8","(12.8, 19.0)","13.5","(11.0, 16.0)","39.8","(34.7, 44.6)","30.3","(25.7, 34.6)","3.7","( 3.3,  4.1)","2.6","( 2.4,  2.9)","23.6","(18.7, 28.7)","21.3","(16.9, 25.8)","72.3","(67.6, 76.9)","72.3","(67.7, 77.2)","14.1","(12.0, 16.2)","16.4","(13.8, 18.9)","33.7","(26.0, 41.0)","33.7","(25.9, 40.8)","12.0","(10.1, 14.2)","10.3","( 8.7, 12.1)","31.4","(29.6, 33.2)","33.2","(31.2, 35.0)","3.8","( 3.3,  4.4)","2.6","( 2.3,  3.0)","9.1","( 5.6, 13.4)","9.6","( 6.0, 14.2)","8.7","( 7.6, 10.0)","6.2","( 5.4,  7.1)","4.3","( 3.6,  5.2)","3.7","( 3.1,  4.4)","11","( 9.1, 13.1)","12","( 9.8, 14.3)","14.9","(12.2, 17.8)","10.8","( 8.9, 12.9)","3.6","( 3.0,  4.4)","3","( 2.5,  3.5)","7.3","( 6.0,  8.8)","6.8","( 5.6,  8.0)","29.4","(24.6, 34.3)","25.5","(21.2, 30.0)","POINT (-86.2319991 44.6368444)"
"MI","Michigan","Menominee","26109","23,299","7.3","( 5.5,  9.4)","8.0","( 6.1, 10.4)","34.0","(29.0, 39.1)","25.6","(21.4, 30.0)","15.1","(12.1, 18.4)","18.8","(15.2, 22.9)","40.3","(35.2, 45.5)","31.4","(27.0, 36.1)","82.3","(79.1, 85.3)","59.3","(53.9, 64.6)","9.3","( 8.3, 10.4)","6.4","( 5.7,  7.2)","10.7","( 9.3, 12.2)","11.0","( 9.5, 12.6)","82.3","(79.6, 84.9)","83.0","(80.6, 85.5)","8.8","( 7.6, 10.2)","5.8","( 5.0,  6.7)","77.0","(71.9, 81.6)","72.3","(66.6, 77.7)","87.0","(84.3, 89.3)","82.3","(78.7, 85.4)","75.9","(73.1, 78.5)","72.9","(69.8, 75.9)","9.7","( 7.9, 11.8)","7.3","( 6.0,  8.7)","43.3","(34.4, 52.6)","43.9","(35.0, 52.8)","43.2","(35.2, 51.3)","43.5","(35.7, 51.6)","18.3","(14.4, 22.7)","19.7","(15.3, 24.2)","68.1","(64.6, 71.3)","67.0","(63.7, 70.3)","23.6","(19.3, 28.3)","25.6","(21.0, 30.6)","12.4","(10.3, 14.7)","8.9","( 7.4, 10.5)","18.1","(15.1, 21.5)","15.5","(12.8, 18.5)","42.1","(36.8, 47.7)","32.5","(27.5, 37.7)","3.8","( 3.4,  4.3)","2.8","( 2.5,  3.1)","25.5","(20.4, 31.2)","23.1","(18.3, 28.4)","71.2","(66.5, 75.7)","71.3","(66.6, 75.7)","15.4","(13.1, 17.8)","17.8","(15.2, 20.5)","37.1","(28.9, 45.8)","37.1","(29.0, 45.9)","13.3","(11.2, 15.7)","11.5","( 9.7, 13.4)","32.1","(30.4, 33.7)","33.8","(31.9, 35.4)","4.1","( 3.5,  4.7)","2.9","( 2.5,  3.3)","10.9","( 7.3, 15.1)","11.7","( 7.8, 16.0)","9.4","( 8.2, 10.8)","6.8","( 5.9,  7.7)","5","( 4.3,  6.0)","4.3","( 3.6,  5.0)","12.6","(10.5, 14.9)","13.6","(11.3, 16.2)","16.6","(13.9, 19.7)","12.2","(10.1, 14.3)","4.2","( 3.5,  5.0)","3.4","( 2.9,  4.0)","8.4","( 7.1,  9.9)","7.8","( 6.6,  9.2)","32.3","(27.5, 37.8)","28.2","(23.8, 33.2)","POINT (-87.5014573 45.5355685)"
"MI","Michigan","Livingston","26093","195,014","5.4","( 3.9,  7.2)","5.8","( 4.3,  7.9)","27.3","(23.9, 30.8)","22.5","(19.6, 25.6)","18.2","(15.3, 21.4)","20.5","(17.4, 24.1)","32.4","(28.9, 36.1)","27.4","(24.2, 30.7)","78.9","(75.7, 81.9)","57.5","(52.8, 62.1)","8.1","( 7.3,  9.0)","6.5","( 5.9,  7.2)","10.1","( 9.0, 11.4)","10.2","( 9.0, 11.5)","85.8","(83.4, 88.1)","86.2","(83.8, 88.3)","6.2","( 5.3,  7.1)","4.8","( 4.2,  5.5)","74.5","(70.4, 78.3)","71.6","(67.3, 75.8)","88.2","(85.9, 90.4)","85.8","(82.9, 88.4)","76.8","(73.9, 79.5)","75.3","(72.2, 78.2)","6.5","( 5.2,  7.9)","5.3","( 4.3,  6.4)","53.2","(44.8, 60.9)","53.7","(46.0, 61.1)","40.3","(33.2, 46.9)","39.9","(33.0, 46.4)","13.6","(10.5, 16.9)","13.9","(10.7, 17.5)","75.0","(71.8, 78.1)","74.4","(70.9, 77.7)","23.1","(19.7, 26.7)","24.1","(20.6, 27.8)","8.9","( 7.5, 10.5)","7.1","( 6.0,  8.3)","12.4","(10.2, 14.8)","11.2","( 9.3, 13.3)","37.7","(33.8, 41.5)","31.1","(27.6, 34.8)","3.0","( 2.7,  3.3)","2.4","( 2.2,  2.7)","17.8","(14.4, 21.4)","16.8","(13.6, 20.2)","71.3","(66.9, 75.5)","70.9","(66.4, 75.3)","14.0","(12.0, 16.1)","15.2","(13.0, 17.4)","30.1","(25.2, 35.4)","29.7","(24.8, 34.9)","9.9","( 8.2, 11.5)","8.9","( 7.5, 10.4)","30.4","(28.6, 32.0)","31.2","(29.3, 32.9)","2.9","( 2.5,  3.3)","2.3","( 2.0,  2.7)","7.4","( 4.4, 10.7)","7.7","( 4.6, 11.3)","6.8","( 5.9,  7.7)","5.7","( 5.0,  6.5)","3.3","( 2.8,  3.9)","3","( 2.5,  3.5)","9.9","( 8.1, 11.7)","10.4","( 8.5, 12.3)","11","( 9.1, 13.2)","9.1","( 7.5, 10.7)","2.8","( 2.3,  3.3)","2.4","( 2.0,  2.8)","5.9","( 4.9,  6.9)","5.7","( 4.7,  6.7)","24.8","(20.9, 28.4)","22.9","(19.5, 26.5)","POINT (-83.9117183 42.6025316)"
"MI","Michigan","Crawford","26039","13,204","7.2","( 5.4,  9.4)","8.0","( 6.0, 10.4)","35.1","(30.5, 40.4)","26.1","(22.4, 30.4)","15.1","(12.4, 18.4)","18.9","(15.7, 23.0)","40.8","(36.3, 46.0)","31.3","(27.5, 35.7)","82.6","(79.6, 85.6)","59.5","(54.6, 64.7)","9.5","( 8.6, 10.6)","6.5","( 5.9,  7.2)","10.8","( 9.5, 12.3)","11.1","( 9.8, 12.7)","82.1","(79.1, 84.7)","82.6","(80.0, 85.2)","9.1","( 7.9, 10.6)","6.0","( 5.3,  6.9)","77.6","(73.1, 82.1)","72.9","(67.8, 78.2)","87.3","(84.8, 89.6)","82.3","(79.1, 85.4)","77.1","(74.3, 79.7)","73.9","(70.5, 77.0)","10.1","( 8.2, 12.2)","7.5","( 6.2,  9.1)","45.2","(36.7, 54.7)","45.5","(36.6, 55.0)","40.1","(32.4, 48.5)","39.7","(32.1, 48.2)","18.3","(14.5, 22.7)","19.4","(15.4, 24.0)","66.2","(62.5, 69.7)","65.1","(60.9, 68.7)","23.6","(19.7, 28.3)","25.7","(21.6, 30.6)","13.1","(11.1, 15.3)","9.2","( 7.8, 10.8)","18.6","(15.4, 22.3)","15.8","(13.1, 18.9)","41.2","(36.4, 46.6)","31.2","(26.9, 36.4)","4.0","( 3.6,  4.5)","2.8","( 2.6,  3.2)","25.5","(20.6, 31.1)","23.1","(18.5, 28.4)","71.0","(66.3, 75.4)","70.9","(65.8, 75.4)","15.4","(13.2, 17.7)","17.9","(15.4, 20.5)","37.9","(30.5, 46.8)","37.6","(30.1, 46.4)","13.7","(11.7, 16.1)","11.7","(10.0, 13.7)","31.5","(29.7, 33.0)","33.2","(31.3, 35.0)","4.2","( 3.6,  4.9)","2.9","( 2.6,  3.4)","11.8","( 7.7, 16.5)","12.4","( 8.1, 17.5)","9.7","( 8.5, 11.0)","7","( 6.2,  7.9)","5.3","( 4.5,  6.4)","4.5","( 3.8,  5.4)","12.7","(10.6, 15.1)","13.9","(11.6, 16.5)","17.4","(14.7, 20.5)","12.7","(10.7, 15.0)","4.5","( 3.8,  5.4)","3.6","( 3.1,  4.3)","8.7","( 7.2, 10.3)","8.1","( 6.8,  9.7)","33","(28.2, 38.2)","28.8","(24.4, 34.0)","POINT (-84.6113432 44.6801748)"
"AL","Alabama","Hale","01065","14,754","14.5","(11.4, 17.8)","15.1","(11.8, 18.6)","36.2","(31.3, 40.8)","30.5","(26.0, 34.8)","11.1","( 8.9, 13.6)","12.6","(10.1, 15.4)","50.6","(45.7, 55.2)","44.9","(39.9, 49.5)","83.9","(81.4, 86.1)","68.9","(64.0, 73.2)","7.5","( 6.7,  8.3)","5.8","( 5.2,  6.5)","11.8","(10.3, 13.4)","12.0","(10.5, 13.7)","82.2","(80.2, 84.4)","83.2","(81.1, 85.1)","9.1","( 7.9, 10.3)","6.9","( 6.1,  7.8)","80.8","(76.5, 84.7)","78.6","(73.8, 82.9)","86.1","(83.6, 88.7)","83.7","(80.6, 86.6)","73.9","(71.7, 76.2)","71.0","(68.6, 73.6)","10.8","( 9.1, 12.6)","8.9","( 7.5, 10.4)","38.0","(30.7, 44.9)","38.1","(30.9, 44.8)","31.0","(25.1, 36.6)","31.6","(25.7, 37.3)","21.8","(17.9, 26.0)","22.9","(18.7, 27.1)","50.1","(46.9, 53.4)","49.4","(46.0, 53.0)","21.4","(17.4, 25.5)","22.4","(18.3, 26.6)","19.3","(16.5, 21.9)","15.7","(13.5, 17.9)","28.4","(24.6, 32.4)","26.2","(22.6, 30.1)","39.7","(34.5, 44.7)","32.7","(27.8, 37.7)","4.6","( 4.1,  5.0)","3.7","( 3.3,  4.1)","41.3","(34.9, 47.2)","39.5","(33.4, 45.3)","75.6","(72.2, 78.6)","75.2","(71.7, 78.4)","18.9","(16.4, 21.5)","20.5","(17.8, 23.3)","45.9","(37.2, 54.4)","46.1","(37.3, 54.4)","16.6","(14.4, 19.1)","15.1","(13.0, 17.4)","43.4","(42.0, 44.8)","44.8","(43.3, 46.3)","5.5","( 4.9,  6.1)","4.4","( 3.9,  4.9)","19.1","(14.4, 23.8)","20.3","(15.5, 25.4)","7.8","( 6.9,  8.8)","6.3","( 5.5,  7.1)","9","( 7.7, 10.3)","8.2","( 7.0,  9.4)","18.2","(15.5, 20.9)","19","(16.2, 22.0)","25.3","(22.1, 28.6)","21.2","(18.4, 24.1)","7.1","( 6.2,  8.2)","6.3","( 5.4,  7.2)","13","(11.1, 14.9)","12.5","(10.7, 14.5)","41.6","(36.2, 46.8)","38.7","(33.5, 43.9)","POINT (-87.6230608 32.7527958)"
"AL","Alabama","Houston","01069","107,458","11.7","( 9.4, 14.5)","12.1","( 9.7, 15.1)","30.8","(26.8, 34.9)","26.4","(22.8, 30.2)","13.2","(10.8, 15.9)","14.7","(12.0, 17.7)","43.4","(39.1, 47.7)","38.8","(34.7, 43.1)","81.6","(78.8, 84.3)","65.6","(61.0, 70.3)","7.6","( 6.9,  8.4)","6.2","( 5.6,  6.9)","10.4","( 9.2, 11.9)","10.6","( 9.3, 12.0)","83.7","(81.7, 85.7)","84.0","(82.1, 85.9)","7.7","( 6.7,  8.8)","6.2","( 5.4,  7.1)","77.5","(73.2, 81.6)","75.4","(70.9, 79.9)","85.8","(83.1, 88.3)","83.7","(80.6, 86.5)","75.4","(73.0, 77.8)","73.3","(70.6, 76.1)","9.0","( 7.5, 10.7)","7.7","( 6.4,  9.1)","44.0","(36.5, 51.6)","44.3","(36.6, 51.6)","35.9","(29.8, 41.8)","35.9","(30.0, 41.8)","19.0","(15.3, 23.0)","19.6","(15.8, 23.8)","58.7","(55.2, 62.1)","58.2","(54.6, 61.7)","24","(20.3, 28.2)","24.8","(21.0, 29.1)","14.0","(12.1, 16.2)","11.7","(10.1, 13.7)","21.2","(17.9, 24.5)","19.7","(16.7, 22.8)","37.5","(33.4, 41.9)","31.6","(27.5, 36.1)","3.7","( 3.3,  4.0)","3.1","( 2.8,  3.4)","34.7","(29.6, 40.2)","33.3","(28.3, 38.7)","71.3","(67.8, 74.7)","71.2","(67.8, 74.8)","17.7","(15.4, 20.3)","18.9","(16.3, 21.5)","39.6","(33.2, 46.2)","39.6","(33.3, 46.2)","13.8","(11.8, 16.0)","12.8","(10.9, 14.8)","39.4","(38.0, 40.7)","40.4","(39.0, 41.8)","4.0","( 3.6,  4.6)","3.4","( 3.0,  3.8)","13.8","( 9.9, 18.6)","14.6","(10.3, 19.6)","7.5","( 6.6,  8.5)","6.4","( 5.6,  7.2)","6.1","( 5.3,  7.0)","5.7","( 4.9,  6.5)","15.5","(13.2, 18.1)","16.1","(13.7, 18.8)","19","(16.3, 21.8)","16.3","(14.0, 18.8)","4.9","( 4.2,  5.7)","4.4","( 3.8,  5.1)","9.9","( 8.5, 11.6)","9.6","( 8.2, 11.2)","35.7","(31.2, 40.3)","33.6","(29.2, 38.1)","POINT (-85.2964111 31.1581831)"
"MI","Michigan","Keweenaw","26083","2,107","5.2","( 3.9,  6.9)","5.8","( 4.2,  7.9)","36.3","(31.0, 41.2)","24.3","(20.4, 28.3)","13.6","(11.0, 16.3)","19.3","(15.8, 23.0)","41.1","(36.0, 45.8)","28.5","(24.5, 32.5)","84.6","(81.7, 87.3)","58.2","(53.2, 63.0)","11.2","(10.0, 12.3)","6.5","( 5.9,  7.2)","9.8","( 8.6, 11.1)","10.4","( 9.1, 11.8)","84.8","(81.6, 87.5)","85.6","(83.0, 88.0)","9.1","( 7.7, 10.6)","5.1","( 4.4,  5.8)","79.8","(75.4, 83.7)","73.0","(67.6, 77.9)","90.6","(88.6, 92.3)","84.9","(81.7, 87.7)","81.7","(79.2, 83.9)","76.7","(73.6, 79.8)","8.4","( 6.6, 10.4)","5.7","( 4.6,  6.9)","50.3","(40.7, 60.4)","49.5","(39.8, 59.2)","45.1","(36.8, 53.9)","44.6","(36.2, 52.8)","13.1","( 9.9, 16.5)","15.0","(11.3, 19.0)","73.9","(70.2, 77.1)","72.5","(68.9, 75.7)","21","(17.2, 25.1)","24.2","(19.9, 28.6)","12.1","(10.1, 14.4)","7.6","( 6.3,  8.9)","15","(12.1, 18.3)","12","( 9.9, 14.4)","42.7","(37.3, 48.0)","30.4","(25.8, 35.1)","4.0","( 3.6,  4.5)","2.5","( 2.3,  2.8)","21.3","(16.8, 26.3)","18.4","(14.6, 23.1)","72.5","(67.1, 76.9)","73.0","(67.5, 77.6)","12.5","(10.6, 14.4)","15.7","(13.3, 18.3)","33.1","(25.1, 41.1)","33.4","(25.3, 41.3)","11.6","( 9.6, 13.7)","9.5","( 7.9, 11.1)","28.7","(26.7, 30.6)","31.5","(29.4, 33.5)","4.0","( 3.4,  4.7)","2.4","( 2.1,  2.8)","8.1","( 5.0, 11.9)","8.2","( 5.1, 12.2)","9.6","( 8.2, 11.0)","5.9","( 5.2,  6.7)","4","( 3.3,  4.8)","3.2","( 2.7,  3.8)","9.5","( 7.9, 11.3)","10.9","( 9.0, 13.1)","15","(12.2, 18.0)","9.8","( 8.1, 11.7)","3.4","( 2.8,  4.1)","2.6","( 2.2,  3.1)","6.6","( 5.4,  8.0)","6.1","( 5.0,  7.3)","29.1","(24.4, 34.2)","23.5","(19.5, 27.9)","POINT (-88.3513318 47.3672969)"
"WI","Wisconsin","La Crosse","55063","120,433","6.0","( 4.5,  7.9)","6.2","( 4.6,  8.2)","25.5","(22.0, 29.0)","24.2","(20.8, 27.8)","23.1","(19.6, 27.1)","24.1","(20.5, 28.3)","28.8","(25.2, 32.4)","27.5","(24.0, 31.2)","77.0","(73.6, 80.0)","58.0","(53.2, 63.1)","7.2","( 6.5,  7.9)","6.5","( 5.9,  7.2)","10.5","( 9.2, 12.0)","10.5","( 9.2, 11.9)","81.0","(77.9, 83.7)","83.5","(81.0, 85.8)","5.6","( 4.8,  6.4)","5.0","( 4.3,  5.7)","70.9","(66.1, 75.9)","69.8","(64.7, 74.9)","78.5","(74.8, 82.2)","79.0","(75.3, 82.6)","62.0","(58.6, 65.2)","59.3","(55.6, 62.7)","5.5","( 4.5,  6.6)","5.1","( 4.2,  6.2)","34.4","(26.3, 42.8)","34.9","(26.8, 43.1)","39.6","(31.8, 47.5)","40.1","(32.3, 47.9)","13.3","(10.3, 16.6)","14.7","(11.3, 18.4)","72.2","(68.6, 75.5)","71.4","(67.9, 74.8)","24.3","(20.5, 28.6)","24.4","(20.6, 28.7)","8.4","( 7.1,  9.8)","7.8","( 6.6,  9.1)","12.3","(10.2, 14.6)","12","(10.0, 14.4)","32.6","(28.7, 36.6)","28.4","(24.6, 32.7)","2.8","( 2.6,  3.2)","2.6","( 2.4,  2.9)","18.5","(14.9, 22.3)","18.4","(14.8, 22.3)","75.7","(71.2, 79.6)","75.6","(71.1, 79.4)","14.3","(12.2, 16.7)","14.3","(12.2, 16.7)","33.5","(27.6, 40.0)","35.0","(28.9, 41.6)","9.5","( 8.0, 11.1)","9.3","( 7.9, 10.9)","31.1","(29.4, 32.8)","32.3","(30.6, 34.0)","2.7","( 2.4,  3.1)","2.5","( 2.2,  2.9)","8.1","( 5.0, 11.8)","8.6","( 5.4, 12.7)","6.2","( 5.4,  7.0)","5.7","( 5.0,  6.5)","3.5","( 3.0,  4.1)","3.4","( 2.9,  4.0)","11.1","( 9.2, 13.3)","11","( 9.1, 13.1)","9.8","( 8.1, 11.6)","9.2","( 7.6, 10.9)","2.9","( 2.5,  3.4)","2.9","( 2.4,  3.4)","6.1","( 5.1,  7.2)","6","( 5.0,  7.0)","22.3","(18.7, 26.1)","21.2","(17.9, 24.8)","POINT (-91.1117584 43.9082222)"
"AL","Alabama","Marengo","01091","18,996","13.0","(10.4, 16.1)","13.7","(11.0, 17.0)","36.2","(31.3, 40.9)","30.3","(26.1, 34.8)","11.3","( 9.1, 13.9)","12.9","(10.4, 15.9)","49.3","(44.5, 53.9)","43.4","(38.8, 48.1)","84.0","(81.3, 86.3)","68.7","(63.9, 73.2)","7.6","( 6.8,  8.4)","5.9","( 5.3,  6.5)","11.3","( 9.9, 12.9)","11.5","(10.1, 13.0)","82.7","(80.7, 84.5)","83.2","(81.4, 84.9)","8.7","( 7.6,  9.9)","6.6","( 5.8,  7.5)","79.6","(75.2, 83.6)","77.2","(72.4, 81.6)","86.4","(83.8, 88.8)","83.9","(80.8, 86.7)","72.6","(70.2, 74.8)","70.2","(67.5, 72.6)","10.1","( 8.5, 11.9)","8.4","( 7.0,  9.8)","34.5","(28.7, 40.4)","34.9","(29.0, 41.0)","36.5","(31.4, 42.0)","36.9","(31.5, 42.3)","19.9","(16.3, 23.9)","20.8","(17.0, 24.9)","54.8","(51.9, 57.8)","54.0","(50.9, 57.1)","20.3","(16.6, 24.4)","21.3","(17.5, 25.5)","18.3","(15.7, 20.9)","14.9","(12.8, 17.1)","26.1","(22.6, 29.8)","23.9","(20.6, 27.5)","40.2","(35.2, 45.1)","33.2","(28.5, 38.2)","4.4","( 3.9,  4.8)","3.5","( 3.2,  3.9)","38.4","(32.7, 44.2)","36.6","(31.0, 42.4)","75.7","(72.6, 78.7)","75.9","(72.7, 79.1)","18.0","(15.6, 20.5)","19.5","(17.1, 22.2)","47.1","(39.1, 55.0)","47.2","(39.2, 55.2)","15.6","(13.5, 17.9)","14.2","(12.3, 16.3)","42.2","(40.8, 43.5)","43.6","(42.1, 44.9)","5.1","( 4.5,  5.8)","4.1","( 3.6,  4.6)","16.1","(12.1, 20.0)","17.3","(13.1, 21.6)","7.9","( 6.9,  8.9)","6.3","( 5.6,  7.1)","8.2","( 7.1,  9.4)","7.4","( 6.4,  8.5)","17","(14.6, 19.6)","17.8","(15.2, 20.5)","23.8","(20.6, 27.1)","19.8","(17.1, 22.6)","6.6","( 5.7,  7.5)","5.7","( 5.0,  6.6)","12","(10.3, 13.8)","11.5","( 9.8, 13.2)","40.4","(35.5, 45.5)","37.6","(32.9, 42.5)","POINT (-87.791091 32.2475911)"
"AL","Alabama","Washington","01129","15,147","12.4","(10.0, 15.2)","13.1","(10.6, 16.2)","35.9","(31.4, 40.7)","29.9","(25.8, 34.3)","12.6","(10.2, 15.4)","14.5","(11.7, 17.7)","47.0","(42.5, 51.8)","40.8","(36.4, 45.6)","82.6","(80.0, 85.1)","65.5","(60.7, 70.3)","8.0","( 7.2,  8.9)","6.2","( 5.6,  6.9)","10.9","( 9.6, 12.5)","11.1","( 9.7, 12.7)","82.4","(80.3, 84.4)","83.0","(81.0, 84.9)","9.0","( 8.0, 10.3)","6.9","( 6.1,  7.8)","77.6","(73.0, 82.0)","74.8","(69.7, 79.5)","85.7","(83.1, 88.3)","82.8","(79.7, 85.8)","71.9","(69.4, 74.2)","69.7","(67.0, 72.3)","10.6","( 9.0, 12.5)","8.8","( 7.5, 10.3)","36.4","(29.6, 43.4)","36.4","(29.9, 43.4)","35.2","(29.4, 41.3)","35.0","(29.4, 41.0)","21.8","(18.1, 26.0)","22.8","(19.0, 27.0)","55.0","(52.0, 57.9)","54.2","(51.1, 57.1)","22.1","(18.4, 26.4)","23.2","(19.3, 27.7)","16.7","(14.6, 19.2)","13.4","(11.6, 15.4)","25.2","(22.0, 28.8)","23","(19.9, 26.4)","40.8","(36.0, 46.0)","33.5","(28.8, 38.5)","4.1","( 3.8,  4.6)","3.3","( 3.0,  3.7)","37.1","(31.7, 42.8)","35.3","(29.9, 41.1)","74.7","(71.6, 77.9)","74.7","(71.3, 78.0)","18.6","(16.3, 21.4)","20.3","(17.7, 23.2)","41.8","(34.1, 50.1)","41.7","(34.0, 50.0)","16.1","(14.1, 18.4)","14.6","(12.7, 16.8)","40.7","(39.4, 41.9)","42.0","(40.6, 43.2)","4.7","( 4.3,  5.3)","3.8","( 3.4,  4.2)","16.3","(12.5, 20.7)","17.2","(13.1, 21.9)","8.7","( 7.7,  9.9)","7.1","( 6.3,  8.1)","7.4","( 6.5,  8.4)","6.7","( 5.9,  7.6)","17.1","(14.9, 19.9)","18","(15.5, 20.7)","23.1","(20.3, 26.4)","19.1","(16.8, 21.8)","6","( 5.3,  6.8)","5.2","( 4.6,  5.9)","11.5","(10.1, 13.2)","11","( 9.6, 12.7)","40","(35.2, 45.2)","37.2","(32.4, 42.4)","POINT (-88.2124041 31.4085035)"
"MI","Michigan","Ottawa","26139","299,157","6.8","( 5.3,  8.7)","7.0","( 5.4,  9.0)","25.0","(21.9, 28.4)","23.4","(20.5, 26.7)","18.7","(15.8, 22.1)","19.6","(16.5, 23.1)","29.0","(25.8, 32.4)","27.4","(24.4, 30.8)","77.8","(74.5, 80.8)","59.3","(54.5, 64.2)","6.9","( 6.2,  7.6)","6.3","( 5.7,  7.0)","10.2","( 9.0, 11.6)","10.2","( 9.0, 11.6)","83.7","(81.2, 86.0)","85.0","(82.8, 87.1)","5.5","( 4.8,  6.4)","5.0","( 4.3,  5.7)","76.6","(72.4, 80.4)","75.7","(71.5, 79.6)","85.3","(82.5, 87.8)","85.3","(82.5, 87.8)","80.8","(78.2, 83.0)","79.3","(76.4, 81.7)","6.0","( 4.8,  7.4)","5.6","( 4.5,  6.8)","52.0","(44.0, 59.8)","52.5","(44.6, 60.6)","47.3","(40.1, 54.7)","47.4","(40.3, 55.0)","13.3","(10.3, 16.8)","14.2","(10.9, 17.9)","75.3","(72.3, 78.1)","74.7","(71.7, 77.7)","23.5","(20.0, 27.5)","23.7","(20.2, 27.7)","8.6","( 7.4, 10.2)","8.0","( 6.8,  9.4)","12.8","(10.7, 15.4)","12.5","(10.4, 15.0)","31.9","(28.4, 35.4)","28.5","(24.9, 32.2)","2.8","( 2.5,  3.1)","2.6","( 2.3,  2.9)","18.6","(15.1, 22.5)","18.4","(15.0, 22.4)","73.3","(68.9, 77.5)","73.1","(68.7, 77.5)","15.3","(13.1, 17.7)","15.5","(13.3, 17.8)","32.2","(27.2, 37.9)","33.1","(28.0, 38.9)","9.8","( 8.3, 11.5)","9.5","( 8.1, 11.2)","29.1","(27.6, 30.6)","30.0","(28.4, 31.6)","2.7","( 2.3,  3.1)","2.5","( 2.2,  2.8)","8.4","( 5.0, 12.6)","8.9","( 5.4, 13.3)","6.3","( 5.6,  7.3)","5.9","( 5.2,  6.8)","3.6","( 3.0,  4.3)","3.5","( 3.0,  4.2)","10.9","( 9.0, 13.2)","10.9","( 9.1, 13.2)","10.8","( 9.0, 12.9)","10.1","( 8.5, 12.0)","2.8","( 2.4,  3.4)","2.7","( 2.3,  3.2)","6.4","( 5.4,  7.7)","6.3","( 5.3,  7.6)","24.4","(20.6, 28.5)","23.4","(19.7, 27.4)","POINT (-86.2193493 43.054969)"
"WI","Wisconsin","Vilas","55125","23,520","5.9","( 4.5,  7.7)","6.9","( 5.2,  8.8)","37.8","(33.0, 42.9)","26.2","(22.4, 30.1)","19.1","(15.9, 22.6)","25.7","(21.7, 30.1)","40.3","(35.6, 45.2)","28.8","(25.0, 32.9)","82.2","(78.9, 85.2)","55.8","(50.8, 61.0)","10.4","( 9.3, 11.6)","6.4","( 5.8,  7.2)","10.2","( 8.9, 11.7)","10.7","( 9.4, 12.2)","83.4","(80.6, 86.1)","84.0","(81.8, 86.0)","8.8","( 7.5, 10.2)","5.2","( 4.5,  6.0)","77.3","(72.9, 81.6)","70.8","(65.6, 75.8)","86.0","(83.4, 88.4)","78.5","(75.0, 81.9)","64.4","(61.0, 67.6)","59.8","(56.2, 63.1)","7.8","( 6.2,  9.7)","5.4","( 4.5,  6.6)","39.7","(31.9, 48.6)","40.0","(32.2, 48.8)","33.9","(27.2, 41.2)","33.5","(27.1, 40.7)","14.7","(11.4, 18.5)","16.4","(12.8, 20.5)","70.5","(67.0, 73.8)","68.9","(65.7, 72.1)","20.1","(16.6, 24.0)","22.6","(18.7, 26.7)","12.4","(10.3, 14.7)","8.1","( 6.8,  9.6)","16.1","(13.2, 19.3)","13.2","(11.1, 15.8)","42.5","(37.5, 47.5)","30.2","(26.0, 34.9)","4.1","( 3.6,  4.6)","2.7","( 2.4,  3.0)","22.6","(18.2, 27.8)","19.8","(16.0, 24.5)","69.8","(64.8, 74.0)","69.9","(65.0, 74.1)","12.2","(10.5, 14.2)","15.0","(12.9, 17.4)","36.1","(29.2, 43.3)","36.2","(29.4, 43.4)","12.1","(10.2, 14.4)","10.0","( 8.5, 11.7)","28.0","(26.4, 29.6)","30.3","(28.7, 31.8)","4.1","( 3.5,  4.7)","2.6","( 2.3,  3.0)","9.6","( 6.1, 13.5)","10.1","( 6.5, 14.1)","9.3","( 8.0, 10.6)","6.1","( 5.4,  7.0)","4.5","( 3.7,  5.4)","3.7","( 3.2,  4.3)","10.3","( 8.7, 12.4)","11.7","( 9.9, 14.0)","14.8","(12.2, 17.8)","10","( 8.3, 11.9)","3.9","( 3.3,  4.7)","3","( 2.6,  3.6)","6.9","( 5.7,  8.2)","6.3","( 5.4,  7.5)","27.9","(23.4, 32.8)","23.3","(19.8, 27.4)","POINT (-89.501254 46.049848)"
"AL","Alabama","Conecuh","01035","11,328","13.4","(10.8, 16.4)","14.3","(11.5, 17.5)","38.1","(33.0, 42.8)","30.2","(25.7, 34.5)","11.2","( 9.0, 13.7)","13.6","(10.8, 16.6)","50.4","(45.5, 55.0)","42.5","(37.7, 47.1)","85.1","(82.7, 87.3)","68.2","(63.4, 72.6)","8.4","( 7.6,  9.3)","6.0","( 5.4,  6.6)","11.1","( 9.7, 12.5)","11.4","(10.0, 12.9)","82.4","(80.5, 84.4)","83.1","(81.1, 84.8)","9.8","( 8.5, 11.1)","6.8","( 5.9,  7.7)","80.7","(76.3, 84.6)","77.3","(72.3, 81.8)","87.1","(84.7, 89.3)","83.5","(80.4, 86.4)","73.1","(70.9, 75.2)","70.0","(67.6, 72.5)","10.9","( 9.3, 12.8)","8.5","( 7.3, 10.0)","35.9","(29.8, 42.3)","35.9","(29.8, 42.5)","34.5","(29.5, 40.0)","34.5","(29.4, 39.9)","21.0","(17.4, 25.0)","22.5","(18.8, 26.9)","51.8","(48.9, 54.8)","50.7","(47.6, 54.0)","21.6","(17.7, 25.7)","23.1","(19.0, 27.5)","19.4","(16.8, 22.2)","14.8","(12.7, 16.9)","27.5","(24.0, 31.4)","24.5","(21.4, 28.0)","41.6","(36.4, 46.7)","33.0","(28.1, 37.9)","4.6","( 4.2,  5.1)","3.5","( 3.1,  3.8)","40.3","(34.5, 46.6)","37.8","(32.2, 44.1)","74.1","(70.9, 77.2)","74.5","(71.2, 77.8)","17.8","(15.5, 20.4)","20.0","(17.4, 22.9)","44.9","(36.3, 53.3)","45.3","(36.7, 53.7)","16.6","(14.4, 19.1)","14.6","(12.6, 16.8)","41.3","(40.0, 42.6)","43.3","(41.8, 44.6)","5.5","( 4.9,  6.0)","4.0","( 3.6,  4.4)","18.4","(14.5, 22.3)","19.5","(15.4, 23.7)","8.9","( 7.8, 10.1)","6.6","( 5.8,  7.4)","8.3","( 7.3,  9.4)","7.3","( 6.4,  8.3)","17","(14.8, 19.6)","18.1","(15.7, 20.9)","25.2","(22.0, 28.6)","19.7","(17.1, 22.5)","6.6","( 5.8,  7.6)","5.6","( 4.9,  6.4)","12.2","(10.7, 14.0)","11.6","(10.1, 13.3)","42.1","(37.0, 47.1)","38","(33.1, 43.3)","POINT (-86.9887221 31.4309257)"
"WI","Wisconsin","Green","55045","36,988","6.3","( 4.7,  8.5)","6.8","( 5.0,  9.2)","29.7","(25.4, 33.9)","24.0","(20.4, 27.7)","22.9","(19.1, 26.8)","26.2","(22.1, 30.5)","32.9","(28.5, 37.1)","27.1","(23.3, 30.9)","79.4","(75.9, 82.5)","57.4","(52.4, 62.2)","8.3","( 7.5,  9.2)","6.5","( 5.8,  7.1)","10.2","( 8.9, 11.6)","10.4","( 9.0, 11.8)","83.6","(80.9, 86.1)","83.9","(81.3, 86.3)","6.5","( 5.6,  7.5)","4.9","( 4.2,  5.7)","72.3","(67.1, 77.1)","68.9","(63.3, 74.1)","82.3","(79.0, 85.3)","78.2","(74.2, 81.8)","64.4","(60.6, 67.9)","61.9","(58.0, 65.5)","6.5","( 5.3,  7.8)","5.3","( 4.3,  6.2)","44.0","(35.3, 53.6)","44.5","(35.9, 53.9)","35.0","(27.9, 42.8)","35.3","(28.4, 43.2)","14.8","(11.6, 18.2)","15.3","(11.9, 18.9)","69.3","(65.7, 72.6)","68.6","(65.0, 72.1)","22","(18.2, 26.1)","23.2","(19.1, 27.5)","9.5","( 7.9, 11.1)","7.4","( 6.1,  8.7)","13.8","(11.2, 16.4)","12.3","(10.1, 14.5)","38.3","(33.7, 43.1)","30.5","(26.1, 35.0)","3.2","( 2.9,  3.6)","2.6","( 2.3,  2.8)","21.6","(17.2, 26.1)","20.2","(16.1, 24.5)","73.4","(69.0, 77.5)","73.2","(68.4, 77.6)","13.2","(11.2, 15.2)","14.5","(12.3, 16.7)","37.8","(30.3, 45.3)","37.3","(29.9, 44.8)","10.7","( 9.0, 12.4)","9.5","( 8.1, 11.1)","29.5","(27.8, 31.1)","30.4","(28.6, 32.2)","3.2","( 2.8,  3.7)","2.5","( 2.2,  2.9)","9.5","( 6.0, 13.9)","10.1","( 6.4, 14.8)","7.2","( 6.2,  8.2)","5.8","( 5.1,  6.6)","3.7","( 3.2,  4.3)","3.4","( 2.9,  3.9)","10.6","( 8.8, 12.4)","11.3","( 9.4, 13.4)","11.6","( 9.7, 13.7)","9.3","( 7.8, 11.0)","3.3","( 2.8,  3.9)","2.8","( 2.4,  3.3)","6.3","( 5.2,  7.4)","6","( 5.1,  7.1)","24.1","(20.2, 28.2)","21.9","(18.3, 25.7)","POINT (-89.6050743 42.6755218)"
"AL","Alabama","Dale","01045","49,342","12.6","(10.2, 15.4)","12.9","(10.4, 16.0)","31.0","(27.0, 35.5)","27.6","(23.8, 31.8)","14.2","(11.5, 17.4)","15.3","(12.4, 18.7)","41.8","(37.4, 46.5)","38.2","(34.0, 42.9)","80.8","(78.0, 83.5)","65.2","(60.3, 70.0)","7.4","( 6.6,  8.1)","6.2","( 5.6,  6.9)","10.4","( 9.1, 11.8)","10.5","( 9.2, 11.9)","82.8","(80.6, 84.7)","83.4","(81.4, 85.2)","7.6","( 6.6,  8.7)","6.3","( 5.5,  7.2)","76.8","(72.2, 81.3)","75.2","(70.3, 80.0)","85.4","(82.4, 87.9)","84.0","(80.8, 86.7)","72.9","(70.4, 75.3)","70.5","(67.8, 73.2)","8.9","( 7.4, 10.5)","7.8","( 6.5,  9.3)","45.2","(37.4, 53.2)","45.6","(37.6, 53.4)","36.0","(30.1, 42.3)","36.0","(30.1, 42.3)","19.7","(16.0, 23.8)","20.3","(16.5, 24.7)","57.3","(53.6, 60.4)","56.9","(53.3, 60.1)","22.8","(18.9, 27.1)","23.4","(19.5, 27.8)","14.1","(12.1, 16.4)","12.3","(10.5, 14.2)","21.8","(18.7, 25.2)","20.6","(17.6, 23.8)","39.4","(34.9, 44.4)","34.1","(29.5, 39.2)","3.6","( 3.3,  4.0)","3.1","( 2.8,  3.5)","35.5","(29.9, 41.4)","34.5","(29.1, 40.6)","74.9","(71.3, 78.3)","75.0","(71.3, 78.3)","18.5","(16.1, 21.2)","19.4","(16.8, 22.2)","38.7","(31.5, 46.7)","38.9","(31.7, 46.8)","14.0","(12.1, 16.2)","13.2","(11.4, 15.2)","36.6","(35.3, 37.9)","37.5","(36.1, 38.8)","3.9","( 3.5,  4.4)","3.4","( 3.0,  3.8)","13.7","( 9.8, 18.2)","14.5","(10.2, 19.4)","7.7","( 6.7,  8.7)","6.7","( 5.9,  7.6)","6.2","( 5.3,  7.1)","5.8","( 5.0,  6.7)","16.1","(13.7, 18.8)","16.5","(14.0, 19.3)","19.6","(16.8, 22.3)","17.4","(14.9, 20.0)","4.9","( 4.2,  5.6)","4.5","( 3.9,  5.2)","9.9","( 8.6, 11.5)","9.7","( 8.4, 11.3)","36.7","(32.3, 41.6)","34.9","(30.6, 40.0)","POINT (-85.609476 31.4306536)"
"AL","Alabama","Madison","01089","395,211","8.6","( 6.6, 10.8)","8.9","( 6.9, 11.3)","27.9","(24.4, 31.3)","25.4","(22.0, 28.7)","13.6","(11.2, 16.2)","14.3","(11.9, 17.0)","37.7","(33.9, 41.5)","35.2","(31.5, 38.8)","79.4","(76.3, 82.3)","63.8","(59.0, 68.3)","6.9","( 6.2,  7.6)","6.2","( 5.6,  6.8)","9.7","( 8.5, 10.9)","9.7","( 8.6, 11.0)","84.9","(82.8, 86.8)","85.4","(83.4, 87.2)","5.9","( 5.1,  6.7)","5.2","( 4.5,  5.9)","78.9","(74.9, 82.5)","77.8","(73.6, 81.6)","87.6","(85.2, 90.0)","86.8","(84.1, 89.3)","77.8","(75.4, 80.1)","76.6","(74.0, 78.9)","6.3","( 5.1,  7.6)","5.6","( 4.6,  6.8)","44.9","(37.2, 52.3)","45.5","(38.0, 53.0)","44.7","(37.9, 51.2)","44.8","(38.2, 51.2)","13.6","(10.6, 16.8)","13.8","(10.8, 17.2)","65.3","(61.9, 68.5)","65.0","(61.5, 68.3)","21.6","(18.2, 25.1)","21.9","(18.5, 25.4)","11.5","( 9.8, 13.2)","10.2","( 8.8, 11.8)","15.1","(12.6, 17.8)","14.4","(12.1, 17.0)","35.8","(31.8, 39.8)","31.8","(27.8, 35.8)","3.0","( 2.7,  3.3)","2.8","( 2.5,  3.0)","25.7","(21.3, 30.3)","25.1","(20.8, 29.5)","76.2","(73.0, 79.5)","75.9","(72.5, 79.2)","15.9","(13.7, 18.2)","16.4","(14.2, 18.7)","42.0","(36.0, 47.6)","41.9","(36.1, 47.7)","10.6","( 9.0, 12.4)","10.1","( 8.6, 11.7)","38.1","(36.7, 39.6)","38.7","(37.3, 40.2)","3.0","( 2.6,  3.4)","2.7","( 2.4,  3.1)","8.9","( 5.8, 12.8)","9.5","( 6.2, 13.6)","5.8","( 5.1,  6.7)","5.4","( 4.7,  6.1)","4.2","( 3.6,  4.9)","4","( 3.4,  4.7)","12.2","(10.2, 14.3)","12.4","(10.4, 14.5)","13.6","(11.5, 15.9)","12.4","(10.5, 14.4)","3.4","( 2.8,  3.9)","3.1","( 2.7,  3.6)","7.2","( 6.0,  8.4)","7","( 6.0,  8.2)","28","(23.9, 32.0)","27","(23.2, 30.9)","POINT (-86.5510802 34.7642377)"
"WI","Wisconsin","Marquette","55077","15,792","7.3","( 5.6,  9.4)","8.2","( 6.3, 10.5)","34.2","(29.1, 39.1)","25.1","(21.2, 29.2)","19.5","(16.0, 23.3)","24.3","(20.2, 28.9)","38.5","(33.6, 43.3)","29.2","(25.2, 33.5)","81.4","(78.0, 84.5)","57.3","(52.1, 62.6)","9.4","( 8.4, 10.4)","6.4","( 5.7,  7.1)","10.3","( 9.0, 11.7)","10.6","( 9.2, 12.0)","81.6","(78.8, 84.2)","82.2","(79.6, 84.7)","8.4","( 7.2,  9.6)","5.5","( 4.8,  6.3)","75.4","(70.4, 80.2)","70.2","(64.5, 75.9)","83.4","(80.2, 86.1)","77.0","(72.9, 80.5)","61.5","(57.8, 65.0)","57.7","(54.0, 61.5)","8.4","( 6.8, 10.1)","6.1","( 5.1,  7.3)","37.7","(29.5, 46.4)","38.3","(29.8, 47.0)","33.7","(26.4, 41.2)","33.7","(26.7, 41.2)","17.0","(13.6, 21.0)","18.0","(14.3, 22.0)","67.8","(64.2, 71.1)","66.6","(62.9, 70.3)","21.7","(17.8, 26.0)","23.6","(19.5, 28.3)","11.9","( 9.9, 14.0)","8.3","( 6.9,  9.8)","17","(14.3, 20.3)","14.4","(12.1, 17.0)","40.3","(35.1, 45.7)","29.9","(25.3, 34.8)","3.8","( 3.4,  4.3)","2.7","( 2.4,  3.0)","24.5","(19.7, 29.6)","22.1","(17.6, 26.8)","72.3","(67.5, 76.7)","72.1","(67.4, 76.7)","13.5","(11.5, 15.7)","15.7","(13.3, 18.3)","35.5","(27.8, 44.0)","35.2","(27.6, 43.7)","12.7","(10.8, 14.8)","10.7","( 9.1, 12.5)","30.2","(28.6, 31.8)","31.8","(30.1, 33.5)","4.0","( 3.5,  4.6)","2.8","( 2.5,  3.2)","11.0","( 7.6, 14.7)","11.6","( 8.0, 15.7)","8.9","( 7.7, 10.1)","6.4","( 5.6,  7.3)","4.8","( 4.0,  5.7)","4.1","( 3.5,  4.7)","11.8","( 9.9, 13.9)","12.9","(10.7, 15.2)","15.1","(12.6, 17.9)","10.9","( 9.1, 12.8)","4.2","( 3.6,  5.0)","3.4","( 2.9,  3.9)","7.6","( 6.4,  8.9)","7.1","( 6.0,  8.3)","28.6","(23.9, 33.4)","24.8","(20.9, 29.2)","POINT (-89.4090953 43.8260529)"
"WI","Wisconsin","Langlade","55067","19,502","7.5","( 5.6,  9.6)","8.3","( 6.2, 10.8)","34.0","(29.7, 38.5)","25.5","(21.9, 29.3)","20.2","(16.8, 23.8)","24.8","(20.8, 29.1)","38.7","(34.3, 43.0)","30.0","(26.2, 33.9)","81.9","(78.7, 84.6)","58.5","(53.4, 63.2)","9.4","( 8.4, 10.4)","6.5","( 5.8,  7.2)","10.5","( 9.2, 11.9)","10.8","( 9.5, 12.3)","81.0","(77.9, 83.7)","81.7","(79.0, 84.4)","8.4","( 7.3,  9.7)","5.6","( 4.9,  6.5)","75.3","(70.5, 79.7)","70.4","(65.0, 75.4)","82.5","(79.5, 85.5)","76.7","(72.8, 80.5)","62.9","(59.4, 66.7)","59.3","(55.6, 63.2)","8.5","( 7.0, 10.3)","6.4","( 5.3,  7.5)","40.3","(31.3, 49.4)","40.9","(32.2, 49.8)","32.0","(24.9, 39.4)","32.3","(25.2, 39.5)","16.6","(13.4, 20.1)","17.8","(14.1, 21.8)","64.7","(61.0, 68.3)","63.5","(59.8, 67.2)","22.2","(18.5, 26.1)","24.1","(20.1, 28.3)","12.2","(10.4, 14.2)","8.7","( 7.4, 10.1)","17.2","(14.3, 20.4)","14.7","(12.4, 17.4)","39.4","(34.7, 44.1)","29.5","(25.2, 33.9)","3.9","( 3.5,  4.3)","2.8","( 2.5,  3.1)","25.9","(21.3, 31.0)","23.5","(19.1, 28.4)","70.2","(65.6, 74.6)","70.3","(65.1, 74.9)","14.1","(12.2, 16.1)","16.2","(14.0, 18.6)","42.2","(35.1, 49.8)","42.2","(35.1, 49.8)","12.9","(11.1, 14.9)","11.0","( 9.5, 12.7)","31.1","(29.5, 32.6)","32.8","(31.1, 34.4)","4.1","( 3.5,  4.6)","2.9","( 2.5,  3.2)","11.5","( 7.7, 16.1)","12.4","( 8.0, 17.5)","9.1","( 8.0, 10.4)","6.5","( 5.8,  7.4)","5","( 4.2,  5.9)","4.2","( 3.6,  4.9)","12.3","(10.4, 14.3)","13.3","(11.1, 15.5)","15.2","(12.8, 18.0)","11.1","( 9.4, 13.0)","4.4","( 3.8,  5.2)","3.5","( 3.1,  4.1)","7.9","( 6.6,  9.2)","7.3","( 6.2,  8.6)","29.1","(24.9, 33.6)","25.2","(21.4, 29.3)","POINT (-89.0670703 45.2548634)"
"AL","Alabama","Sumter","01119","12,164","13.8","(10.7, 17.4)","14.4","(11.4, 18.0)","33.2","(28.9, 37.5)","30.8","(26.6, 35.4)","10.9","( 8.8, 13.6)","11.8","( 9.4, 14.5)","48.8","(44.5, 53.1)","47.4","(42.7, 52.0)","83.3","(81.1, 85.4)","70.9","(66.2, 75.4)","6.6","( 6.0,  7.4)","5.7","( 5.1,  6.3)","12.2","(10.6, 13.9)","12.2","(10.7, 13.9)","79.1","(76.5, 81.7)","82.7","(80.6, 84.6)","8.5","( 7.5,  9.7)","7.1","( 6.2,  8.1)","80.8","(76.3, 84.9)","79.6","(74.9, 83.9)","83.4","(80.0, 86.5)","83.9","(80.8, 86.8)","74.5","(71.9, 76.8)","71.6","(68.6, 74.3)","9.8","( 8.3, 11.6)","8.8","( 7.5, 10.4)","36.0","(29.4, 43.1)","37.1","(30.7, 43.7)","31.6","(26.0, 37.2)","32.6","(27.0, 38.2)","20.1","(16.4, 23.9)","23.0","(18.7, 27.5)","52.0","(48.5, 55.5)","50.7","(47.4, 54.1)","20.6","(17.0, 24.7)","20.9","(17.2, 25.0)","19.9","(17.4, 22.6)","18.2","(15.8, 20.8)","28.3","(24.7, 32.1)","27.6","(23.8, 31.4)","37.8","(33.2, 42.6)","33.1","(28.4, 38.2)","4.6","( 4.1,  5.1)","4.0","( 3.6,  4.4)","40.7","(34.6, 46.8)","40.5","(34.5, 46.4)","76.3","(72.9, 79.6)","76.0","(71.9, 79.4)","20.1","(17.4, 22.8)","20.4","(17.7, 23.2)","45.0","(36.8, 53.4)","47.5","(39.2, 55.9)","15.8","(13.6, 18.1)","15.4","(13.2, 17.7)","44.6","(43.0, 46.1)","46.9","(45.3, 48.4)","5.5","( 4.8,  6.1)","4.8","( 4.2,  5.3)","18.5","(14.0, 23.4)","20.3","(15.1, 25.6)","7","( 6.2,  8.0)","6","( 5.3,  6.8)","9.8","( 8.5, 11.4)","9.3","( 8.1, 10.7)","19.2","(16.4, 22.3)","19.1","(16.3, 22.0)","24.6","(21.6, 27.8)","22.7","(19.7, 25.7)","7.5","( 6.5,  8.6)","7.2","( 6.3,  8.3)","13.9","(11.9, 16.0)","13.4","(11.5, 15.5)","41.7","(36.4, 47.0)","39.3","(34.1, 44.4)","POINT (-88.2000571 32.5974811)"
"MI","Michigan","Genesee","26049","404,208","8.2","( 6.5, 10.3)","8.6","( 6.8, 10.8)","36.5","(32.9, 40.0)","31.8","(28.4, 35.2)","15.9","(13.3, 18.6)","17.6","(14.7, 20.6)","39.7","(36.0, 43.2)","35.2","(31.6, 38.7)","80.4","(77.5, 82.9)","62.8","(58.2, 67.0)","7.7","( 6.9,  8.5)","6.4","( 5.7,  7.0)","11.7","(10.4, 13.2)","11.8","(10.5, 13.4)","83.0","(80.9, 85.3)","83.7","(81.6, 85.8)","7.4","( 6.5,  8.4)","6.0","( 5.3,  6.8)","77.1","(73.2, 80.5)","75.1","(70.8, 78.7)","85.4","(82.9, 87.7)","83.3","(80.5, 86.0)","77.5","(75.3, 79.7)","75.6","(73.1, 78.2)","9.0","( 7.5, 10.6)","7.7","( 6.4,  9.0)","39.9","(33.4, 46.7)","40.3","(33.8, 47.0)","37.2","(31.5, 43.0)","37.3","(31.7, 43.1)","20.2","(16.4, 23.9)","20.8","(17.0, 24.8)","66.7","(63.6, 69.4)","66.1","(63.0, 69.0)","24.8","(21.4, 28.4)","25.6","(22.1, 29.3)","12.7","(11.0, 14.4)","10.6","( 9.1, 12.1)","19.6","(16.8, 22.3)","18.1","(15.6, 20.7)","40.0","(36.3, 43.6)","33.8","(30.1, 37.5)","3.6","( 3.3,  4.0)","3.1","( 2.8,  3.4)","27.0","(22.8, 31.3)","25.8","(21.7, 30.0)","74.1","(70.4, 77.4)","73.9","(70.2, 77.4)","16.5","(14.4, 18.8)","17.6","(15.2, 19.9)","42.4","(36.9, 47.6)","42.4","(37.0, 47.7)","13.6","(11.7, 15.4)","12.5","(10.8, 14.3)","39.1","(37.7, 40.4)","40.1","(38.7, 41.6)","3.9","( 3.4,  4.3)","3.2","( 2.9,  3.6)","11.9","( 8.6, 15.9)","12.7","( 9.1, 16.8)","7.5","( 6.6,  8.4)","6.4","( 5.6,  7.2)","5.6","( 4.8,  6.4)","5.2","( 4.5,  5.9)","13.5","(11.5, 15.7)","14","(11.9, 16.2)","16.3","(14.0, 18.7)","14","(11.9, 16.0)","4.6","( 4.0,  5.2)","4.1","( 3.6,  4.7)","9.1","( 7.8, 10.4)","8.8","( 7.6, 10.1)","32","(27.8, 36.2)","30","(26.1, 34.0)","POINT (-83.7063718 43.0210768)"
"AL","Alabama","Etowah","01055","103,162","11.8","( 9.3, 14.9)","12.3","( 9.7, 15.5)","33.7","(29.6, 38.0)","28.8","(25.0, 32.7)","13.5","(11.0, 16.4)","15.2","(12.4, 18.4)","41.8","(37.5, 46.1)","36.8","(32.7, 40.9)","82.0","(79.1, 84.7)","64.9","(60.1, 69.6)","7.8","( 7.0,  8.6)","6.3","( 5.7,  6.9)","10.6","( 9.2, 12.0)","10.7","( 9.3, 12.2)","82.6","(80.4, 84.8)","83.2","(81.0, 85.4)","7.9","( 6.9,  9.0)","6.3","( 5.5,  7.2)","76.7","(71.9, 81.0)","74.4","(69.2, 79.0)","86.2","(83.2, 88.6)","83.9","(80.5, 86.7)","72.9","(70.3, 75.5)","70.7","(67.8, 73.5)","9.5","( 7.9, 11.3)","8.1","( 6.8,  9.6)","42.1","(34.0, 50.1)","42.4","(34.7, 50.6)","37.0","(29.9, 44.2)","36.7","(29.8, 43.9)","18.7","(15.3, 22.6)","19.4","(15.8, 23.5)","60.1","(56.7, 63.1)","59.4","(55.7, 62.6)","24.1","(20.3, 28.3)","25","(21.1, 29.3)","13.8","(11.9, 16.0)","11.4","( 9.8, 13.2)","21.8","(18.6, 25.0)","20.1","(17.2, 23.2)","39.4","(34.9, 44.0)","33.0","(28.6, 37.6)","3.6","( 3.3,  4.0)","3.0","( 2.7,  3.3)","33.8","(28.6, 39.2)","32.4","(27.4, 37.6)","69.9","(65.7, 74.1)","70.2","(65.7, 74.6)","18.5","(16.2, 21.1)","19.9","(17.4, 22.6)","39.4","(32.5, 46.6)","39.3","(32.5, 46.4)","14.4","(12.4, 16.6)","13.2","(11.4, 15.3)","38.8","(37.4, 40.1)","39.8","(38.3, 41.3)","3.9","( 3.5,  4.5)","3.3","( 2.9,  3.7)","14.4","(10.1, 19.6)","15.1","(10.4, 20.6)","7.9","( 6.9,  9.0)","6.7","( 5.9,  7.5)","5.9","( 5.0,  6.8)","5.4","( 4.7,  6.3)","15.8","(13.5, 18.2)","16.5","(14.0, 19.1)","19.8","(17.1, 22.8)","16.8","(14.5, 19.5)","4.8","( 4.1,  5.6)","4.3","( 3.7,  5.0)","9.8","( 8.4, 11.3)","9.5","( 8.2, 11.0)","36.4","(31.9, 41.7)","34.2","(29.7, 39.4)","POINT (-86.0342629 34.0476407)"
"AL","Alabama","Clarke","01025","22,760","13.3","(10.6, 16.3)","14.1","(11.2, 17.2)","35.5","(30.8, 40.4)","29.6","(25.5, 34.1)","11.5","( 9.2, 14.0)","13.2","(10.5, 16.1)","47.7","(43.0, 52.4)","41.8","(37.2, 46.5)","84.0","(81.2, 86.4)","68.2","(63.4, 72.8)","7.8","( 7.0,  8.6)","6.0","( 5.4,  6.6)","11.2","( 9.8, 12.7)","11.4","(10.0, 12.9)","83.2","(81.3, 85.0)","84.0","(82.1, 85.7)","8.8","( 7.7, 10.0)","6.7","( 5.8,  7.6)","79.8","(75.2, 83.7)","77.3","(72.2, 81.7)","86.1","(83.4, 88.5)","83.5","(80.3, 86.3)","73.0","(70.6, 75.4)","70.8","(68.2, 73.6)","10.3","( 8.5, 12.1)","8.5","( 7.2,  9.9)","38.8","(31.9, 46.0)","39.0","(32.0, 46.3)","31.7","(26.5, 37.7)","32.2","(26.8, 38.1)","20.4","(16.6, 24.3)","21.5","(17.7, 25.6)","54.9","(51.9, 57.6)","54.1","(51.0, 57.1)","21","(17.3, 25.1)","22.1","(18.2, 26.3)","17.6","(15.1, 20.4)","14.3","(12.2, 16.5)","25.9","(22.4, 29.7)","23.7","(20.4, 27.2)","39.3","(34.4, 44.2)","32.3","(27.6, 37.0)","4.3","( 3.9,  4.8)","3.4","( 3.1,  3.8)","40.2","(34.5, 46.2)","38.3","(32.7, 44.2)","76.2","(72.8, 79.1)","76.1","(72.6, 79.1)","18.2","(15.8, 20.7)","19.7","(17.1, 22.5)","43.1","(35.2, 51.1)","43.4","(35.5, 51.3)","15.9","(13.7, 18.2)","14.4","(12.5, 16.5)","39.4","(38.1, 40.6)","40.9","(39.5, 42.2)","5.0","( 4.5,  5.6)","4.0","( 3.5,  4.4)","17.1","(13.1, 21.2)","18.2","(13.9, 22.7)","8.1","( 7.1,  9.2)","6.4","( 5.6,  7.3)","7.9","( 6.8,  9.0)","7.1","( 6.1,  8.1)","17.1","(14.8, 19.7)","18","(15.4, 20.6)","23.4","(20.1, 26.6)","19.4","(16.7, 22.1)","6.3","( 5.4,  7.2)","5.5","( 4.7,  6.3)","11.9","(10.2, 13.6)","11.3","( 9.7, 13.0)","39.6","(34.5, 44.8)","36.7","(31.9, 41.9)","POINT (-87.8186244 31.6855211)"
"WI","Wisconsin","Winnebago","55139","171,623","6.8","( 5.2,  8.8)","7.1","( 5.4,  9.1)","26.1","(22.4, 29.6)","23.8","(20.4, 27.1)","22.3","(18.8, 26.0)","23.6","(19.9, 27.5)","30.0","(26.2, 33.6)","27.7","(24.1, 31.2)","78.1","(74.8, 81.0)","59.4","(54.5, 64.0)","7.5","( 6.7,  8.2)","6.6","( 5.9,  7.3)","10.5","( 9.1, 11.8)","10.5","( 9.2, 11.8)","81.9","(79.2, 84.6)","83.3","(80.8, 85.7)","5.9","( 5.0,  6.8)","5.1","( 4.4,  5.8)","72.8","(68.0, 77.1)","71.4","(66.5, 75.9)","78.9","(75.4, 82.2)","78.0","(74.2, 81.5)","63.6","(60.0, 66.8)","61.6","(57.9, 65.0)","6.0","( 4.8,  7.3)","5.4","( 4.4,  6.5)","37.8","(29.9, 45.8)","38.4","(30.3, 46.3)","33.3","(26.3, 40.3)","33.8","(26.7, 40.9)","14.2","(11.1, 17.8)","15.0","(11.7, 18.8)","67.9","(64.4, 71.2)","67.3","(63.5, 70.9)","22.5","(18.8, 26.4)","22.8","(19.1, 26.7)","8.6","( 7.0, 10.0)","7.6","( 6.4,  8.9)","13.2","(10.9, 15.7)","12.6","(10.6, 15.1)","35.8","(31.8, 39.7)","30.7","(26.7, 34.7)","2.9","( 2.6,  3.3)","2.7","( 2.4,  2.9)","20.5","(16.6, 24.9)","20.0","(16.3, 24.4)","72.7","(68.1, 77.2)","72.4","(67.5, 77.1)","14.2","(12.1, 16.4)","14.6","(12.4, 16.8)","37.0","(30.8, 43.2)","37.6","(31.3, 43.8)","10.3","( 8.7, 12.0)","9.8","( 8.3, 11.4)","30.5","(28.9, 32.0)","31.3","(29.7, 33.0)","2.9","( 2.5,  3.3)","2.6","( 2.2,  2.9)","9.2","( 5.7, 13.5)","9.9","( 6.1, 14.4)","6.5","( 5.7,  7.5)","5.9","( 5.2,  6.7)","3.8","( 3.2,  4.5)","3.6","( 3.1,  4.3)","11.5","( 9.5, 13.6)","11.6","( 9.7, 13.7)","10.8","( 9.0, 12.9)","9.8","( 8.1, 11.6)","3.2","( 2.7,  3.8)","3","( 2.6,  3.5)","6.4","( 5.3,  7.5)","6.3","( 5.3,  7.4)","23.7","(20.0, 27.8)","22.6","(19.1, 26.3)","POINT (-88.6681488 44.0857068)"
"AL","Alabama","Pike","01109","32,991","11.9","( 9.1, 15.4)","12.2","( 9.6, 15.2)","27.5","(23.8, 31.5)","28.5","(24.5, 33.0)","13.5","(10.9, 16.4)","13.6","(11.0, 16.6)","38.3","(34.2, 42.7)","40.0","(35.7, 44.8)","79.2","(76.5, 81.7)","67.4","(62.7, 72.2)","6.1","( 5.5,  6.8)","6.0","( 5.5,  6.7)","11.2","( 9.8, 12.7)","11.0","( 9.7, 12.6)","80.0","(77.1, 82.6)","84.0","(82.0, 85.8)","6.6","( 5.7,  7.6)","6.4","( 5.6,  7.4)","76.2","(71.4, 80.7)","76.1","(71.3, 80.6)","81.7","(77.9, 85.0)","84.2","(81.1, 87.0)","74.4","(72.0, 76.5)","72.2","(69.5, 74.6)","7.7","( 6.4,  9.3)","7.8","( 6.5,  9.3)","44.0","(36.9, 51.4)","44.0","(36.9, 51.4)","38.4","(32.4, 44.5)","38.6","(32.7, 44.8)","17.1","(13.7, 20.7)","19.7","(16.0, 23.9)","59.3","(55.4, 62.7)","58.1","(54.7, 61.2)","22.1","(18.3, 26.3)","21.8","(18.2, 25.9)","13.2","(11.2, 15.3)","13.5","(11.5, 15.7)","20.6","(17.6, 23.9)","21.2","(18.3, 24.6)","34.7","(30.5, 39.0)","32.8","(28.4, 37.8)","3.3","( 3.0,  3.7)","3.3","( 3.0,  3.7)","33.1","(27.4, 39.1)","34.0","(28.5, 40.1)","77.2","(74.1, 80.3)","77.3","(74.1, 80.3)","20.0","(17.2, 22.9)","19.3","(16.8, 22.0)","38.5","(31.5, 46.2)","41.5","(34.2, 49.5)","12.9","(11.0, 14.9)","13.4","(11.5, 15.5)","37.6","(36.0, 39.1)","39.4","(37.9, 40.9)","3.6","( 3.2,  4.1)","3.6","( 3.2,  4.1)","13.9","(10.0, 18.4)","14.7","(10.5, 19.4)","6.5","( 5.6,  7.4)","6.3","( 5.5,  7.2)","6.3","( 5.5,  7.3)","6.4","( 5.5,  7.3)","17.3","(14.3, 20.1)","16.7","(14.3, 19.4)","17.5","(15.0, 20.1)","18","(15.5, 20.8)","4.7","( 4.1,  5.4)","5","( 4.3,  5.7)","10.4","( 8.8, 12.1)","10.3","( 8.9, 12.0)","35.2","(30.5, 40.5)","34.4","(29.9, 39.5)","POINT (-85.9416076 31.7986533)"
"WI","Wisconsin","Bayfield","55007","16,320","5.8","( 4.4,  7.6)","6.6","( 5.0,  8.6)","33.7","(29.3, 38.2)","23.6","(20.2, 27.3)","20.0","(16.9, 23.4)","26.0","(22.1, 30.2)","39.2","(34.8, 43.5)","28.7","(25.0, 32.4)","81.9","(78.6, 84.8)","56.4","(51.3, 61.3)","10.0","( 9.0, 11.1)","6.4","( 5.8,  7.1)","10.1","( 8.8, 11.4)","10.5","( 9.2, 11.8)","83.4","(80.5, 86.1)","83.9","(81.4, 86.1)","8.4","( 7.1,  9.8)","5.2","( 4.5,  6.0)","77.6","(73.3, 81.5)","71.8","(66.8, 76.4)","86.0","(83.6, 88.2)","79.3","(75.8, 82.6)","64.5","(61.1, 67.7)","59.8","(56.2, 63.2)","7.4","( 5.9,  9.1)","5.2","( 4.3,  6.3)","41.1","(32.9, 49.7)","41.6","(33.3, 50.3)","33.4","(26.7, 40.7)","32.8","(26.3, 39.9)","14.2","(11.0, 17.6)","15.5","(12.0, 19.2)","67.8","(64.2, 71.1)","66.2","(62.7, 69.5)","21.7","(18.1, 25.6)","24","(20.2, 28.1)","12.0","(10.0, 14.1)","8.0","( 6.7,  9.4)","15.2","(12.5, 18.3)","12.6","(10.3, 15.0)","41.3","(36.9, 46.0)","29.9","(26.0, 34.1)","3.9","( 3.5,  4.4)","2.7","( 2.4,  3.0)","21.3","(16.9, 26.2)","18.9","(15.1, 23.3)","73.9","(69.4, 78.1)","73.9","(69.7, 78.0)","12.2","(10.4, 14.1)","14.6","(12.4, 17.1)","36.3","(30.1, 42.9)","36.2","(30.1, 42.8)","11.5","( 9.6, 13.5)","9.6","( 8.0, 11.2)","28.4","(26.8, 30.0)","30.5","(28.9, 32.0)","3.9","( 3.4,  4.5)","2.6","( 2.3,  2.9)","9.4","( 6.0, 13.6)","9.8","( 6.1, 14.2)","8.8","( 7.6, 10.0)","6.1","( 5.2,  6.9)","4.3","( 3.5,  5.1)","3.6","( 3.0,  4.2)","10.1","( 8.3, 12.0)","11.3","( 9.3, 13.6)","13.8","(11.2, 16.4)","9.6","( 7.9, 11.5)","3.8","( 3.1,  4.5)","3","( 2.5,  3.5)","6.6","( 5.5,  7.9)","6.2","( 5.1,  7.3)","26","(21.9, 30.3)","22.2","(18.5, 26.0)","POINT (-91.1772815 46.6341992)"
"MI","Michigan","Kalkaska","26079","17,979","8.6","( 6.4, 11.2)","9.3","( 6.9, 12.1)","33.9","(29.2, 38.7)","27.4","(23.3, 31.7)","15.2","(12.3, 18.4)","17.7","(14.3, 21.3)","39.0","(34.3, 43.6)","32.3","(28.2, 36.6)","80.9","(77.7, 83.9)","60.2","(54.9, 64.9)","8.4","( 7.5,  9.3)","6.4","( 5.8,  7.2)","11.3","( 9.9, 12.7)","11.5","(10.0, 13.0)","81.8","(79.0, 84.5)","82.3","(79.5, 84.8)","8.6","( 7.5,  9.9)","6.4","( 5.6,  7.3)","76.8","(71.8, 81.1)","73.6","(68.2, 78.4)","85.1","(82.1, 87.7)","81.4","(77.7, 84.7)","75.3","(72.1, 78.2)","72.5","(68.8, 75.7)","10.5","( 8.6, 12.5)","8.4","( 7.0,  9.9)","44.8","(35.9, 54.5)","45.0","(36.3, 55.0)","38.9","(31.2, 47.5)","37.9","(30.6, 46.5)","21.4","(17.4, 25.9)","22.0","(17.8, 26.5)","64.7","(61.0, 68.6)","64.0","(60.2, 68.0)","25.4","(21.2, 30.1)","26.8","(22.4, 31.6)","12.8","(10.9, 14.8)","9.8","( 8.4, 11.5)","19.8","(16.6, 23.5)","17.7","(14.9, 20.9)","40.1","(35.0, 45.0)","32.1","(27.3, 36.8)","3.7","( 3.3,  4.2)","3.0","( 2.7,  3.3)","26.6","(21.5, 31.7)","24.9","(20.1, 30.0)","70.2","(65.3, 74.9)","69.9","(65.0, 74.8)","17.2","(14.9, 19.6)","18.9","(16.4, 21.7)","39.0","(30.7, 47.3)","38.4","(30.2, 46.8)","14.2","(12.2, 16.5)","12.7","(10.9, 14.6)","33.7","(32.0, 35.3)","34.8","(32.9, 36.4)","4.1","( 3.5,  4.7)","3.2","( 2.8,  3.6)","13.1","( 8.6, 18.1)","13.5","( 8.8, 18.6)","9.1","( 8.0, 10.3)","7.4","( 6.5,  8.3)","5.7","( 4.9,  6.8)","5.1","( 4.4,  6.0)","14.4","(12.2, 17.0)","15.4","(13.0, 17.9)","17.4","(14.6, 20.2)","14","(11.8, 16.2)","4.8","( 4.1,  5.6)","4.1","( 3.5,  4.7)","9.4","( 8.0, 11.0)","9.1","( 7.7, 10.6)","33.9","(29.3, 39.1)","31.3","(27.0, 36.0)","POINT (-85.0889915 44.6788808)"
"WI","Wisconsin","Kenosha","55059","168,732","8.0","( 6.2, 10.0)","8.4","( 6.6, 10.6)","27.9","(24.4, 31.5)","25.2","(22.0, 28.7)","21.9","(18.7, 25.3)","23.1","(19.8, 26.6)","31.1","(27.5, 34.8)","28.6","(25.2, 32.0)","77.1","(73.8, 80.1)","58.6","(54.0, 63.0)","7.0","( 6.4,  7.7)","6.3","( 5.7,  6.9)","10.2","( 9.1, 11.5)","10.2","( 9.1, 11.5)","83.0","(80.7, 85.2)","83.7","(81.6, 85.8)","5.7","( 4.9,  6.5)","5.1","( 4.4,  5.8)","75.7","(71.5, 79.6)","74.4","(70.1, 78.5)","80.7","(77.5, 83.6)","79.2","(75.9, 82.4)","60.4","(56.7, 63.7)","59.2","(55.6, 62.4)","5.9","( 4.8,  7.1)","5.2","( 4.3,  6.2)","39.3","(31.3, 47.7)","40.1","(31.9, 48.1)","33.1","(26.4, 40.2)","33.3","(26.5, 40.1)","15.0","(11.9, 18.4)","15.2","(12.1, 18.6)","68.4","(65.1, 71.7)","67.9","(64.6, 71.3)","22.4","(19.1, 26.1)","22.7","(19.3, 26.4)","9.4","( 8.0, 11.0)","8.3","( 7.1,  9.7)","14.5","(12.1, 16.9)","13.8","(11.6, 16.0)","35.7","(32.0, 39.6)","30.6","(26.9, 34.5)","3.0","( 2.7,  3.3)","2.7","( 2.5,  3.0)","21.9","(18.1, 25.9)","21.4","(17.6, 25.3)","72.3","(67.9, 76.7)","71.6","(66.9, 76.0)","14.3","(12.3, 16.2)","14.7","(12.7, 16.8)","37.3","(31.7, 43.4)","37.2","(31.6, 43.1)","10.7","( 9.1, 12.5)","10.1","( 8.6, 11.7)","31.6","(30.2, 33.1)","32.1","(30.6, 33.6)","2.9","( 2.5,  3.3)","2.6","( 2.3,  2.9)","10.0","( 6.3, 14.3)","10.6","( 6.7, 15.0)","6.3","( 5.5,  7.1)","5.9","( 5.1,  6.6)","4.1","( 3.5,  4.7)","3.9","( 3.4,  4.5)","11.3","( 9.5, 13.2)","11.6","( 9.7, 13.5)","11.1","( 9.2, 13.1)","10.1","( 8.4, 11.8)","3.4","( 2.9,  3.9)","3.2","( 2.7,  3.6)","6.5","( 5.5,  7.5)","6.4","( 5.4,  7.4)","23.3","(19.6, 26.9)","22.4","(19.0, 25.9)","POINT (-87.8763984 42.5858816)"
"MI","Michigan","Washtenaw","26161","369,390","5.7","( 4.4,  7.5)","5.8","( 4.5,  7.5)","22.0","(19.8, 24.5)","22.4","(20.1, 25.1)","16.0","(13.8, 18.6)","16.0","(13.8, 18.6)","24.6","(22.2, 27.2)","25.1","(22.6, 27.8)","75.1","(72.1, 77.9)","57.6","(53.3, 61.9)","6.3","( 5.8,  7.0)","6.4","( 5.8,  7.0)","10.4","( 9.3, 11.6)","10.3","( 9.1, 11.5)","81.3","(78.9, 83.5)","83.7","(81.6, 85.6)","4.7","( 4.1,  5.4)","4.6","( 4.0,  5.4)","68.5","(65.0, 72.1)","68.4","(64.9, 72.0)","84.0","(81.1, 86.5)","85.6","(83.1, 87.9)","78.9","(76.6, 80.8)","77.3","(74.8, 79.4)","5.0","( 4.1,  6.1)","5.0","( 4.1,  6.0)","51.7","(44.6, 57.7)","52.1","(45.3, 57.9)","44.3","(37.8, 49.7)","44.1","(37.8, 49.4)","10.6","( 8.3, 13.3)","11.6","( 9.1, 14.8)","72.7","(69.8, 75.4)","72.1","(69.3, 74.9)","26.1","(23.2, 29.3)","25.8","(22.9, 28.9)","8.0","( 6.9,  9.3)","8.1","( 7.0,  9.4)","11.4","( 9.7, 13.5)","11.6","( 9.8, 13.8)","29.7","(27.0, 32.4)","28.1","(25.2, 31.1)","2.6","( 2.4,  2.9)","2.6","( 2.4,  2.9)","15.4","(12.9, 18.4)","15.8","(13.2, 18.8)","73.8","(70.2, 76.9)","73.7","(70.0, 76.9)","15.8","(13.7, 18.0)","15.3","(13.3, 17.4)","27.3","(23.8, 30.9)","28.7","(25.1, 32.7)","8.5","( 7.2,  9.9)","8.7","( 7.4, 10.1)","32.7","(31.2, 34.2)","33.8","(32.4, 35.2)","2.5","( 2.1,  2.8)","2.5","( 2.2,  2.8)","6.8","( 4.3, 10.1)","7.2","( 4.6, 10.6)","5.4","( 4.7,  6.2)","5.4","( 4.8,  6.2)","3.5","( 3.0,  4.1)","3.5","( 3.0,  4.1)","10.5","( 8.7, 12.5)","10.2","( 8.6, 12.1)","9.2","( 7.7, 10.8)","9.3","( 7.9, 11.0)","2.6","( 2.2,  3.0)","2.7","( 2.3,  3.2)","6","( 5.0,  7.1)","6","( 5.1,  7.1)","22.7","(19.7, 26.2)","22.4","(19.5, 25.8)","POINT (-83.8434233 42.2522168)"
"MI","Michigan","Barry","26015","62,992","6.7","( 5.1,  8.7)","7.1","( 5.5,  9.3)","29.5","(25.4, 33.8)","24.4","(20.8, 28.2)","16.8","(13.8, 20.3)","19.1","(15.7, 22.9)","34.2","(30.1, 38.4)","28.9","(25.2, 32.8)","79.4","(76.0, 82.6)","58.4","(53.3, 63.3)","8.1","( 7.4,  9.0)","6.5","( 5.9,  7.2)","10.6","( 9.3, 12.0)","10.7","( 9.4, 12.1)","83.7","(81.2, 86.1)","84.2","(81.6, 86.4)","6.9","( 5.9,  7.9)","5.3","( 4.6,  6.1)","75.9","(71.2, 80.5)","73.2","(67.9, 78.1)","86.3","(83.7, 88.8)","83.5","(80.4, 86.5)","77.8","(75.0, 80.3)","75.8","(72.7, 78.7)","7.8","( 6.4,  9.4)","6.4","( 5.3,  7.7)","51.2","(41.7, 60.3)","51.8","(42.2, 60.4)","39.6","(31.7, 47.4)","39.4","(31.8, 47.0)","16.7","(13.4, 20.4)","17.1","(13.5, 21.0)","69.9","(66.4, 73.0)","69.3","(65.6, 72.6)","23.3","(19.4, 27.5)","24.4","(20.3, 28.9)","10.2","( 8.6, 11.9)","8.1","( 6.9,  9.5)","15.1","(12.5, 18.1)","13.6","(11.3, 16.2)","38.5","(33.9, 43.4)","31.7","(27.3, 36.4)","3.2","( 2.9,  3.6)","2.6","( 2.4,  2.9)","22.6","(18.4, 27.3)","21.3","(17.4, 25.9)","69.5","(64.3, 74.3)","69.3","(64.3, 74.4)","15.2","(13.1, 17.6)","16.5","(14.1, 19.1)","37.0","(30.2, 44.5)","36.7","(29.9, 44.2)","11.5","( 9.8, 13.5)","10.4","( 8.8, 12.1)","33.1","(31.3, 34.9)","34.0","(32.1, 35.8)","3.3","( 2.8,  3.7)","2.6","( 2.3,  3.0)","9.5","( 6.0, 13.5)","9.9","( 6.3, 14.3)","7.5","( 6.5,  8.5)","6.2","( 5.4,  7.0)","4.1","( 3.4,  4.8)","3.7","( 3.1,  4.3)","11.5","( 9.6, 13.6)","12.1","(10.1, 14.3)","13.2","(11.0, 15.6)","10.8","( 9.1, 12.7)","3.4","( 2.8,  4.0)","2.9","( 2.5,  3.4)","7.1","( 6.0,  8.4)","6.9","( 5.8,  8.1)","26.8","(22.8, 31.2)","24.8","(20.9, 28.9)","POINT (-85.3145503 42.5828109)"
"AL","Alabama","Monroe","01099","19,648","13.9","(11.3, 17.1)","14.8","(11.8, 18.2)","36.4","(31.8, 41.1)","29.8","(25.7, 34.1)","11.9","( 9.4, 14.7)","13.9","(11.0, 17.0)","48.7","(44.0, 53.2)","42.0","(37.3, 46.6)","84.0","(81.4, 86.4)","67.5","(62.6, 72.3)","7.9","( 7.1,  8.7)","6.0","( 5.4,  6.6)","11.4","(10.0, 12.8)","11.6","(10.2, 13.1)","81.0","(79.0, 82.9)","81.9","(80.1, 83.9)","9.5","( 8.4, 10.6)","7.0","( 6.2,  7.9)","79.7","(74.8, 83.7)","76.8","(71.6, 81.4)","85.9","(83.0, 88.4)","82.8","(79.5, 85.9)","73.7","(71.5, 75.7)","71.0","(68.6, 73.4)","11.4","( 9.7, 13.2)","9.2","( 7.9, 10.7)","40.5","(34.0, 46.9)","40.7","(34.3, 47.2)","33.6","(28.3, 38.9)","34.0","(28.6, 39.4)","22.0","(18.3, 26.0)","23.3","(19.1, 27.5)","54.4","(51.4, 57.5)","53.4","(50.1, 56.6)","21.3","(17.4, 25.4)","22.6","(18.5, 26.8)","18.7","(16.2, 21.2)","14.7","(12.7, 16.8)","27.6","(24.2, 31.2)","25","(21.6, 28.4)","41.6","(36.6, 46.7)","33.7","(29.0, 38.8)","4.5","( 4.1,  4.9)","3.5","( 3.2,  3.9)","40.2","(34.5, 46.0)","38.1","(32.3, 44.1)","73.9","(70.7, 77.0)","73.6","(70.3, 76.8)","19.0","(16.5, 21.6)","20.9","(18.1, 23.6)","43.9","(35.7, 52.4)","44.2","(36.0, 52.6)","16.7","(14.5, 19.0)","15.0","(12.9, 17.1)","39.2","(37.8, 40.4)","40.8","(39.3, 42.0)","5.3","( 4.8,  6.0)","4.1","( 3.7,  4.6)","17.8","(13.7, 22.1)","18.9","(14.6, 23.4)","8.7","( 7.6,  9.7)","6.8","( 6.0,  7.6)","8.6","( 7.5,  9.8)","7.7","( 6.7,  8.7)","18","(15.5, 20.6)","19","(16.2, 21.7)","24.8","(21.9, 27.9)","20.2","(17.7, 22.9)","6.9","( 6.0,  7.8)","5.9","( 5.2,  6.7)","12.7","(11.0, 14.4)","12.1","(10.5, 13.8)","40.9","(35.9, 45.8)","37.6","(32.7, 42.5)","POINT (-87.3832656 31.5803324)"
"MI","Michigan","Gogebic","26053","14,361","7.2","( 5.5,  9.3)","7.9","( 6.1, 10.3)","35.6","(30.9, 40.4)","26.1","(22.1, 30.1)","14.0","(11.4, 17.0)","18.1","(14.8, 21.8)","41.7","(37.0, 46.4)","31.7","(27.5, 36.0)","83.2","(80.2, 85.7)","59.6","(54.5, 64.5)","9.9","( 8.9, 11.0)","6.5","( 5.9,  7.2)","10.8","( 9.4, 12.2)","11.2","( 9.8, 12.7)","82.4","(79.4, 85.0)","82.9","(80.3, 85.4)","9.6","( 8.4, 11.0)","6.1","( 5.3,  6.9)","78.2","(73.5, 82.6)","73.1","(67.6, 78.2)","87.5","(85.1, 89.7)","82.4","(79.0, 85.4)","76.7","(73.9, 79.3)","73.2","(69.9, 76.3)","10.3","( 8.5, 12.3)","7.6","( 6.3,  8.9)","44.7","(35.5, 54.3)","44.9","(36.0, 54.3)","37.5","(30.1, 45.5)","38.2","(30.7, 46.2)","18.8","(15.1, 23.2)","20.6","(16.6, 25.2)","65.7","(62.0, 69.1)","64.4","(60.4, 68.0)","23.3","(19.3, 27.6)","25.7","(21.2, 30.4)","13.5","(11.4, 15.7)","9.4","( 7.9, 10.9)","19.2","(16.2, 22.7)","16.2","(13.7, 19.0)","41.7","(36.8, 46.8)","31.4","(26.8, 36.3)","4.2","( 3.7,  4.6)","2.9","( 2.6,  3.2)","26.2","(21.1, 31.6)","23.5","(18.9, 28.5)","68.6","(63.6, 73.4)","68.6","(63.4, 73.3)","15.5","(13.4, 17.8)","18.2","(15.8, 20.8)","34.2","(26.7, 42.3)","34.4","(26.8, 42.5)","14.0","(12.0, 16.2)","11.9","(10.2, 13.8)","32.6","(30.8, 34.2)","34.6","(32.7, 36.3)","4.4","( 3.9,  5.1)","3.0","( 2.6,  3.4)","11.8","( 7.7, 16.5)","12.6","( 8.3, 17.7)","10.2","( 9.0, 11.5)","7","( 6.2,  7.9)","5.5","( 4.7,  6.5)","4.7","( 4.0,  5.4)","12.8","(10.9, 15.1)","14.1","(11.9, 16.6)","18","(15.2, 20.9)","12.8","(10.9, 14.9)","4.6","( 3.9,  5.5)","3.7","( 3.2,  4.3)","9","( 7.6, 10.6)","8.3","( 7.1,  9.6)","33.9","(29.2, 38.8)","29.2","(24.9, 33.8)","POINT (-89.788314 46.4880535)"
"WI","Wisconsin","Oneida","55085","38,259","5.9","( 4.4,  7.6)","6.6","( 4.9,  8.6)","35.4","(31.0, 39.7)","25.8","(22.3, 29.4)","19.3","(16.1, 22.8)","24.5","(20.6, 28.6)","38.0","(33.6, 42.3)","28.5","(24.9, 32.2)","83.0","(79.8, 85.9)","59.0","(54.0, 63.9)","9.6","( 8.6, 10.6)","6.4","( 5.8,  7.1)","10.1","( 8.8, 11.4)","10.4","( 9.0, 11.8)","83.8","(81.2, 86.4)","84.4","(82.0, 86.9)","8.1","( 6.9,  9.4)","5.2","( 4.5,  6.0)","77.6","(73.2, 81.5)","72.4","(67.5, 77.0)","85.4","(82.8, 87.8)","79.4","(75.6, 82.8)","63.5","(59.9, 66.9)","59.6","(55.8, 63.2)","7.4","( 6.0,  9.1)","5.4","( 4.4,  6.5)","30.6","(23.5, 37.8)","30.9","(23.9, 38.2)","34.5","(27.5, 41.5)","34.5","(27.6, 41.4)","14.0","(10.7, 17.5)","15.0","(11.4, 18.8)","69.4","(65.6, 73.0)","68.3","(64.4, 71.9)","20.3","(16.9, 24.0)","22.3","(18.5, 26.2)","11.1","( 9.3, 13.2)","7.7","( 6.4,  9.0)","14.8","(12.2, 17.9)","12.4","(10.1, 14.8)","41.9","(37.5, 46.5)","31.2","(27.2, 35.4)","3.7","( 3.3,  4.1)","2.6","( 2.3,  2.9)","21.8","(17.6, 26.8)","19.5","(15.7, 23.8)","76.2","(71.8, 80.0)","76.0","(71.4, 80.1)","12.6","(10.6, 14.6)","14.8","(12.5, 17.1)","33.7","(27.7, 40.0)","33.5","(27.5, 39.7)","11.6","( 9.7, 13.6)","9.7","( 8.2, 11.3)","30.4","(28.6, 32.0)","32.1","(30.3, 33.9)","3.7","( 3.2,  4.3)","2.5","( 2.2,  2.9)","8.8","( 5.5, 12.8)","9.2","( 5.8, 13.6)","8.4","( 7.2,  9.6)","5.9","( 5.1,  6.7)","4.1","( 3.4,  4.9)","3.4","( 2.9,  4.0)","10.2","( 8.5, 12.1)","11.2","( 9.2, 13.3)","13.2","(10.9, 15.8)","9.3","( 7.7, 11.0)","3.7","( 3.1,  4.4)","2.9","( 2.4,  3.4)","6.5","( 5.4,  7.7)","6.1","( 5.1,  7.2)","25.6","(21.6, 29.8)","21.8","(18.2, 25.6)","POINT (-89.5345333 45.7161762)"
"WI","Wisconsin","Rock","55105","164,381","7.7","( 5.8,  9.7)","8.1","( 6.2, 10.1)","28.7","(24.5, 32.5)","24.9","(21.1, 28.2)","21.0","(17.3, 24.2)","22.9","(18.9, 26.4)","32.4","(28.0, 36.2)","28.7","(24.6, 32.2)","77.3","(73.3, 80.3)","57.3","(51.8, 61.8)","7.6","( 6.8,  8.4)","6.4","( 5.7,  7.1)","10.5","( 9.2, 11.7)","10.6","( 9.2, 11.9)","82.8","(80.5, 85.2)","83.3","(81.0, 85.6)","6.2","( 5.3,  7.2)","5.2","( 4.4,  5.9)","75.6","(70.6, 79.4)","73.7","(68.4, 77.7)","80.6","(77.2, 83.4)","78.1","(74.2, 81.3)","63.3","(59.9, 66.4)","61.3","(57.8, 64.6)","6.4","( 5.1,  7.7)","5.5","( 4.5,  6.6)","41.5","(33.9, 49.5)","42.1","(34.4, 50.1)","32.2","(25.7, 39.1)","32.4","(26.0, 39.3)","15.3","(11.8, 18.7)","15.7","(12.2, 19.4)","68.9","(65.4, 72.1)","68.4","(64.8, 71.8)","23.7","(19.5, 27.4)","24.4","(20.1, 28.1)","9.8","( 8.2, 11.5)","8.3","( 6.9,  9.7)","14.8","(12.2, 17.6)","13.7","(11.3, 16.3)","34.0","(29.4, 37.9)","28.1","(23.7, 32.0)","3.1","( 2.8,  3.5)","2.7","( 2.4,  3.0)","22.0","(17.6, 26.3)","21.1","(16.7, 25.3)","74.9","(70.9, 78.8)","74.7","(70.5, 78.6)","13.7","(11.5, 15.7)","14.5","(12.1, 16.5)","34.5","(27.7, 40.3)","34.5","(27.7, 40.2)","11.0","( 9.2, 12.9)","10.2","( 8.5, 11.8)","29.9","(28.4, 31.3)","30.6","(29.0, 32.1)","3.1","( 2.7,  3.6)","2.7","( 2.3,  3.1)","10.1","( 6.7, 14.3)","10.7","( 7.1, 15.2)","6.8","( 5.8,  7.7)","5.9","( 5.1,  6.7)","4.2","( 3.5,  4.9)","3.9","( 3.3,  4.5)","11.7","( 9.6, 13.7)","12.1","(10.0, 14.2)","12.1","(10.0, 14.4)","10.4","( 8.6, 12.3)","3.5","( 3.0,  4.1)","3.2","( 2.7,  3.7)","6.9","( 5.7,  8.1)","6.7","( 5.6,  7.8)","25.2","(21.0, 29.2)","23.7","(19.9, 27.6)","POINT (-89.0752844 42.6698802)"
"MI","Michigan","Manistee","26101","25,350","7.7","( 5.8,  9.7)","8.4","( 6.3, 10.7)","33.4","(29.0, 37.7)","25.1","(21.4, 28.9)","15.0","(12.2, 18.0)","18.6","(15.2, 22.3)","38.8","(34.5, 43.2)","30.6","(26.7, 34.7)","81.9","(78.8, 84.6)","59.5","(54.5, 64.3)","9.4","( 8.4, 10.4)","6.5","( 5.8,  7.2)","10.5","( 9.3, 11.9)","10.8","( 9.5, 12.1)","82.8","(79.9, 85.4)","83.6","(81.1, 86.0)","8.6","( 7.5,  9.9)","5.8","( 5.1,  6.6)","77.4","(72.8, 81.6)","73.0","(67.7, 77.7)","87.1","(84.6, 89.3)","82.9","(79.8, 85.9)","77.7","(75.0, 80.4)","74.2","(71.1, 77.6)","9.4","( 7.7, 11.4)","7.1","( 5.9,  8.4)","46.7","(37.5, 56.4)","47.1","(37.9, 56.2)","40.9","(32.6, 49.3)","40.8","(32.6, 49.0)","17.9","(14.3, 21.7)","19.3","(15.5, 23.5)","68.6","(64.7, 72.0)","67.4","(63.5, 71.0)","22","(18.3, 25.9)","23.6","(19.7, 27.8)","12.4","(10.5, 14.3)","9.0","( 7.7, 10.5)","17.8","(14.9, 21.4)","15.5","(13.1, 18.4)","38.9","(34.1, 43.7)","29.9","(25.5, 34.4)","3.8","( 3.4,  4.3)","2.8","( 2.5,  3.1)","24.6","(20.0, 29.5)","22.4","(18.2, 27.1)","71.2","(66.3, 76.0)","71.3","(66.2, 76.0)","14.9","(12.7, 17.0)","16.9","(14.4, 19.3)","33.2","(26.1, 40.7)","33.6","(26.5, 41.2)","13.0","(11.1, 15.0)","11.2","( 9.6, 13.0)","31.3","(29.7, 32.9)","33.3","(31.5, 35.0)","4.1","( 3.5,  4.7)","2.9","( 2.5,  3.3)","10.7","( 6.7, 15.1)","11.2","( 7.0, 15.8)","9.1","( 8.0, 10.4)","6.7","( 5.9,  7.5)","5","( 4.3,  5.9)","4.3","( 3.7,  5.1)","12.2","(10.3, 14.3)","13.2","(11.1, 15.5)","16.4","(13.9, 19.2)","12.2","(10.4, 14.4)","4.1","( 3.5,  4.9)","3.4","( 3.0,  4.0)","8.3","( 6.9,  9.7)","7.7","( 6.5,  9.0)","31.9","(27.5, 36.5)","28","(23.9, 32.3)","POINT (-86.3275365 44.2452677)"
"WI","Wisconsin","Shawano","55115","40,859","7.4","( 5.7,  9.1)","8.0","( 6.2, 10.0)","32.6","(28.1, 37.3)","25.8","(21.9, 29.9)","20.3","(16.9, 24.2)","23.8","(19.9, 28.2)","35.3","(30.9, 39.8)","28.5","(24.6, 32.5)","79.3","(75.7, 82.4)","56.4","(51.2, 61.6)","8.7","( 7.8,  9.6)","6.4","( 5.7,  7.1)","10.6","( 9.2, 11.9)","10.8","( 9.5, 12.2)","81.8","(79.3, 84.3)","82.3","(80.1, 84.6)","7.6","( 6.6,  8.8)","5.5","( 4.8,  6.3)","75.2","(70.4, 79.9)","71.5","(66.2, 76.7)","82.0","(78.8, 85.0)","77.3","(73.4, 81.0)","59.6","(56.3, 63.0)","57.0","(53.8, 60.6)","7.8","( 6.3,  9.3)","6.1","( 5.1,  7.3)","45.0","(37.2, 53.2)","45.4","(37.5, 53.6)","35.0","(28.6, 42.0)","35.2","(28.8, 42.3)","18.0","(14.5, 21.7)","19.0","(15.4, 22.9)","65.4","(62.3, 68.5)","64.5","(61.1, 67.8)","22.7","(18.8, 26.9)","24.2","(20.0, 28.5)","11.3","( 9.5, 13.2)","8.5","( 7.2, 10.0)","16.5","(13.7, 19.4)","14.5","(12.1, 17.0)","39.2","(34.4, 44.1)","30.5","(26.1, 35.1)","3.6","( 3.2,  4.0)","2.8","( 2.5,  3.1)","24.6","(19.7, 29.5)","22.7","(18.5, 27.3)","70.0","(65.4, 74.3)","69.7","(65.2, 73.9)","14.5","(12.5, 16.5)","16.2","(14.0, 18.4)","36.4","(29.1, 44.1)","36.3","(29.0, 43.9)","12.2","(10.4, 14.1)","10.8","( 9.2, 12.4)","33.3","(31.8, 34.8)","34.7","(33.0, 36.1)","3.8","( 3.3,  4.2)","2.8","( 2.5,  3.2)","11.4","( 8.1, 15.3)","12.1","( 8.6, 16.3)","8.3","( 7.2,  9.4)","6.4","( 5.6,  7.3)","4.6","( 4.0,  5.4)","4.1","( 3.5,  4.7)","12.3","(10.4, 14.3)","13.1","(11.2, 15.2)","14.1","(11.8, 16.5)","10.9","( 9.1, 12.8)","4","( 3.4,  4.7)","3.4","( 2.9,  3.9)","7.5","( 6.3,  8.8)","7.1","( 6.0,  8.3)","28.4","(24.0, 33.1)","25.5","(21.6, 29.6)","POINT (-88.7558134 44.7896407)"
"AL","Alabama","Calhoun","01015","115,972","11.8","( 9.3, 14.7)","12.2","( 9.6, 15.4)","33.8","(29.4, 38.2)","29.8","(25.7, 34.0)","13.0","(10.5, 15.9)","14.3","(11.5, 17.4)","42.4","(37.8, 47.0)","38.4","(34.0, 42.9)","81.3","(78.4, 84.1)","65.4","(60.7, 70.2)","7.5","( 6.8,  8.3)","6.3","( 5.7,  7.0)","10.6","( 9.3, 12.1)","10.7","( 9.4, 12.3)","81.7","(79.4, 83.8)","82.5","(80.4, 84.6)","7.7","( 6.7,  8.9)","6.4","( 5.5,  7.2)","77.2","(72.7, 81.4)","75.3","(70.5, 79.8)","85.3","(82.5, 88.0)","83.7","(80.5, 86.8)","71.9","(69.3, 74.4)","69.5","(66.6, 72.3)","9.4","( 7.7, 11.2)","8.2","( 6.7,  9.7)","40.4","(33.3, 47.4)","40.8","(33.7, 47.8)","38.5","(32.2, 44.9)","38.3","(32.0, 44.5)","20.0","(16.1, 24.1)","20.8","(16.8, 25.1)","55.6","(51.9, 59.0)","55.0","(51.2, 58.7)","22.7","(18.7, 26.8)","23.3","(19.4, 27.5)","14.1","(12.0, 16.3)","12.0","(10.1, 13.9)","22.1","(18.9, 25.6)","20.8","(17.6, 24.1)","38.9","(34.4, 43.7)","33.2","(28.7, 38.0)","3.6","( 3.3,  4.0)","3.1","( 2.8,  3.5)","35.1","(29.4, 40.9)","34.1","(28.4, 39.8)","72.4","(68.6, 76.0)","72.4","(68.4, 76.0)","18.1","(15.7, 20.7)","19.1","(16.5, 21.8)","38.7","(31.8, 45.8)","38.9","(32.1, 46.0)","14.5","(12.3, 16.6)","13.5","(11.6, 15.6)","37.1","(35.7, 38.5)","38.1","(36.6, 39.6)","3.9","( 3.5,  4.4)","3.3","( 3.0,  3.8)","14.1","( 9.9, 18.9)","14.8","(10.3, 20.0)","7.6","( 6.6,  8.7)","6.6","( 5.7,  7.5)","6.1","( 5.2,  7.1)","5.7","( 4.9,  6.6)","16","(13.7, 18.6)","16.5","(14.1, 19.3)","19.7","(16.8, 22.6)","17.2","(14.6, 19.8)","4.9","( 4.2,  5.6)","4.5","( 3.8,  5.1)","10","( 8.6, 11.6)","9.8","( 8.3, 11.3)","36.6","(31.7, 41.3)","34.7","(29.8, 39.4)","POINT (-85.8279089 33.7705162)"
"AL","Alabama","Lawrence","01079","33,090","12.2","( 9.6, 15.4)","13.0","(10.0, 16.3)","34.1","(29.6, 38.7)","28.5","(24.5, 32.8)","13.7","(11.1, 16.7)","15.6","(12.6, 18.9)","43.3","(38.8, 48.0)","37.6","(33.2, 42.0)","82.0","(79.1, 84.7)","64.0","(59.1, 69.0)","7.9","( 7.2,  8.8)","6.3","( 5.7,  7.0)","10.7","( 9.4, 12.2)","10.9","( 9.5, 12.4)","81.6","(79.3, 83.9)","82.0","(79.7, 84.3)","8.4","( 7.4,  9.6)","6.6","( 5.8,  7.5)","76.8","(71.8, 81.3)","74.1","(68.8, 79.1)","85.7","(82.8, 88.2)","82.8","(79.4, 85.8)","72.6","(69.6, 75.4)","70.8","(67.8, 74.0)","10.3","( 8.6, 12.2)","8.6","( 7.2, 10.2)","39.1","(31.6, 47.5)","39.3","(31.7, 47.7)","36.6","(30.1, 43.8)","36.2","(30.0, 43.3)","21.2","(17.5, 25.6)","21.8","(18.0, 26.2)","59.6","(56.1, 63.1)","59.0","(55.4, 62.7)","23.5","(19.5, 28.1)","24.6","(20.4, 29.3)","14.7","(12.6, 17.0)","11.8","(10.2, 13.7)","22.8","(19.7, 26.5)","20.9","(17.9, 24.2)","39.9","(35.0, 45.0)","33.0","(28.2, 38.0)","3.8","( 3.4,  4.2)","3.1","( 2.8,  3.4)","34.9","(29.4, 40.9)","33.2","(27.8, 39.0)","72.2","(68.2, 76.1)","72.3","(68.1, 76.5)","18.4","(16.0, 21.1)","19.9","(17.3, 22.8)","41.7","(33.7, 50.0)","41.3","(33.3, 49.6)","15.3","(13.3, 17.6)","13.9","(12.0, 16.0)","37.8","(36.4, 39.2)","38.7","(37.1, 40.2)","4.3","( 3.8,  4.8)","3.5","( 3.1,  3.9)","15.7","(11.5, 20.5)","16.5","(12.0, 21.4)","8.5","( 7.4,  9.6)","7.1","( 6.2,  8.0)","6.4","( 5.5,  7.4)","5.8","( 5.0,  6.7)","16.6","(14.4, 19.3)","17.4","(14.9, 20.2)","20.8","(18.1, 24.0)","17.4","(15.1, 20.1)","5.2","( 4.6,  6.1)","4.5","( 4.0,  5.3)","10.5","( 9.0, 12.1)","10.1","( 8.7, 11.6)","37.4","(32.7, 42.8)","35","(30.4, 40.4)","POINT (-87.3218651 34.529776)"
"WI","Wisconsin","Florence","55037","4,593","6.4","( 4.7,  8.8)","7.4","( 5.4,  9.9)","36.3","(31.2, 41.5)","25.4","(21.5, 29.6)","19.1","(15.6, 22.8)","25.0","(20.8, 29.6)","39.0","(34.1, 44.0)","28.1","(24.2, 32.4)","83.0","(79.5, 85.9)","57.7","(52.4, 62.9)","10.0","( 9.0, 11.2)","6.5","( 5.8,  7.2)","10.1","( 8.8, 11.5)","10.5","( 9.2, 12.0)","82.9","(79.9, 85.6)","83.3","(80.8, 85.8)","8.6","( 7.5,  9.9)","5.4","( 4.7,  6.2)","77.8","(73.0, 82.2)","71.8","(66.3, 77.2)","85.4","(82.8, 87.9)","77.6","(73.7, 81.1)","63.1","(59.4, 66.2)","59.5","(55.8, 62.9)","8.3","( 6.8, 10.1)","5.8","( 4.8,  7.0)","42.7","(33.4, 52.9)","43.2","(34.4, 53.0)","35.5","(27.9, 44.1)","35.5","(28.2, 43.8)","16.0","(12.4, 20.1)","17.1","(13.5, 21.5)","67.7","(63.8, 71.3)","66.4","(62.5, 70.2)","21.1","(17.3, 25.3)","23.5","(19.4, 28.1)","12.2","(10.3, 14.3)","8.0","( 6.7,  9.4)","16.3","(13.4, 19.6)","13.3","(11.1, 16.0)","42.7","(37.2, 48.2)","30.8","(26.1, 35.6)","4.0","( 3.6,  4.4)","2.7","( 2.4,  3.0)","24.3","(19.4, 29.8)","21.5","(17.1, 26.6)","72.3","(67.6, 76.9)","71.6","(66.8, 76.1)","12.6","(10.8, 14.8)","15.3","(13.1, 17.9)","37.5","(29.4, 45.9)","36.7","(29.0, 45.1)","12.5","(10.5, 14.7)","10.2","( 8.7, 12.0)","31.3","(29.4, 33.1)","33.1","(31.2, 35.0)","4.1","( 3.5,  4.7)","2.7","( 2.4,  3.1)","10.3","( 6.9, 14.7)","10.8","( 7.1, 15.6)","9.1","( 8.0, 10.4)","6.3","( 5.5,  7.1)","4.6","( 3.9,  5.5)","3.8","( 3.3,  4.5)","11","( 9.1, 13.0)","12.4","(10.3, 14.8)","15","(12.6, 18.0)","10.3","( 8.7, 12.1)","4.2","( 3.5,  5.0)","3.2","( 2.7,  3.7)","7.2","( 6.0,  8.6)","6.7","( 5.6,  7.9)","27.7","(23.5, 32.6)","23.5","(19.9, 28.0)","POINT (-88.4069879 45.8718277)"
"MI","Michigan","Sanilac","26151","40,506","8.6","( 6.6, 11.2)","9.3","( 7.1, 12.2)","33.8","(29.1, 38.5)","26.6","(22.5, 30.6)","14.7","(11.9, 17.8)","17.6","(14.3, 21.2)","40.5","(35.8, 44.9)","32.9","(28.6, 37.0)","81.7","(78.5, 84.5)","60.2","(55.2, 65.1)","8.7","( 7.8,  9.7)","6.4","( 5.7,  7.1)","11.0","( 9.6, 12.4)","11.2","( 9.8, 12.7)","81.5","(78.7, 84.2)","82.3","(79.8, 85.0)","8.8","( 7.6, 10.1)","6.3","( 5.5,  7.1)","76.3","(71.3, 80.8)","72.5","(66.9, 77.5)","85.6","(82.8, 88.1)","81.7","(78.2, 84.9)","76.3","(73.4, 79.0)","73.6","(70.2, 76.9)","10.3","( 8.6, 12.3)","8.1","( 6.9,  9.5)","41.2","(32.0, 50.0)","41.7","(33.0, 50.8)","38.3","(30.3, 46.2)","38.2","(30.4, 46.1)","20.4","(16.5, 24.5)","21.5","(17.5, 25.9)","66.4","(62.8, 69.8)","65.4","(61.7, 69.0)","24.2","(20.1, 28.6)","25.8","(21.5, 30.4)","12.8","(10.8, 14.9)","9.6","( 8.1, 11.1)","19.6","(16.6, 22.9)","17.2","(14.6, 20.1)","40.2","(35.3, 44.9)","31.6","(27.0, 36.2)","3.8","( 3.4,  4.3)","2.9","( 2.6,  3.2)","27.5","(22.6, 32.4)","25.5","(20.7, 30.1)","69.0","(63.9, 73.5)","68.9","(63.5, 73.6)","16.4","(14.1, 18.8)","18.3","(15.8, 21.1)","35.5","(28.0, 43.0)","35.5","(28.1, 43.0)","14.1","(12.1, 16.1)","12.4","(10.7, 14.2)","32.7","(31.0, 34.2)","34.0","(32.3, 35.7)","4.1","( 3.6,  4.7)","3.1","( 2.7,  3.5)","12.1","( 8.3, 16.6)","12.8","( 8.7, 17.6)","9.3","( 8.2, 10.5)","7.2","( 6.3,  8.0)","5.7","( 4.8,  6.6)","5","( 4.3,  5.8)","13.9","(11.8, 16.3)","14.9","(12.6, 17.4)","17.3","(14.6, 20.0)","13.4","(11.3, 15.4)","4.7","( 4.0,  5.5)","3.9","( 3.4,  4.6)","9.3","( 7.9, 10.9)","8.8","( 7.5, 10.2)","33.7","(29.1, 38.6)","30.3","(25.9, 35.2)","POINT (-82.6428148 43.4491547)"
"WI","Wisconsin","Calumet","55015","52,539","6.0","( 4.5,  7.8)","6.4","( 4.8,  8.4)","28.0","(23.6, 32.3)","23.9","(20.1, 27.9)","22.8","(19.0, 27.0)","24.9","(20.9, 29.3)","28.8","(24.6, 33.1)","25.0","(21.3, 28.9)","78.0","(74.4, 81.3)","57.2","(52.1, 62.2)","7.7","( 7.0,  8.5)","6.5","( 5.9,  7.2)","10.0","( 8.8, 11.3)","10.0","( 8.8, 11.4)","84.2","(81.8, 86.5)","84.3","(82.0, 86.6)","5.6","( 4.8,  6.6)","4.7","( 4.0,  5.4)","73.4","(68.1, 78.1)","71.1","(65.5, 76.1)","82.8","(79.6, 85.9)","79.9","(76.2, 83.4)","64.6","(60.8, 68.2)","63.4","(59.8, 67.3)","5.6","( 4.5,  6.9)","4.8","( 3.9,  5.8)","43.2","(34.2, 52.0)","43.8","(35.3, 52.3)","38.4","(30.7, 46.3)","38.3","(31.1, 46.1)","13.8","(10.6, 17.5)","13.9","(10.8, 17.6)","72.4","(69.1, 75.8)","72.0","(68.3, 75.3)","21.2","(17.3, 25.3)","21.9","(18.0, 26.1)","8.7","( 7.2, 10.3)","7.2","( 6.0,  8.6)","12.5","(10.3, 15.2)","11.5","( 9.5, 13.8)","37.5","(32.8, 42.3)","31.2","(26.7, 35.8)","2.9","( 2.6,  3.2)","2.5","( 2.2,  2.8)","19.8","(15.6, 24.4)","18.9","(15.1, 23.2)","73.6","(68.6, 78.0)","72.9","(67.7, 77.6)","13.1","(11.1, 15.2)","14.0","(11.9, 16.3)","34.6","(27.3, 42.4)","34.0","(26.8, 41.6)","9.8","( 8.1, 11.5)","8.9","( 7.5, 10.5)","29.5","(27.8, 31.2)","29.9","(28.2, 31.6)","2.8","( 2.4,  3.2)","2.4","( 2.1,  2.7)","8.1","( 5.1, 11.6)","8.6","( 5.3, 12.2)","6.3","( 5.4,  7.2)","5.5","( 4.8,  6.3)","3.4","( 2.8,  4.0)","3.1","( 2.6,  3.7)","10.1","( 8.3, 12.1)","10.5","( 8.7, 12.6)","10.2","( 8.3, 12.3)","8.7","( 7.1, 10.4)","2.9","( 2.4,  3.5)","2.6","( 2.2,  3.1)","5.7","( 4.7,  6.8)","5.6","( 4.6,  6.6)","21.7","(17.9, 25.9)","20.5","(17.1, 24.5)","POINT (-88.2121322 44.0784104)"
"WI","Wisconsin","Iron","55051","6,178","6.2","( 4.7,  8.1)","7.0","( 5.3,  9.1)","36.9","(31.6, 42.0)","25.4","(21.5, 29.7)","18.1","(14.9, 21.6)","24.4","(20.4, 28.8)","41.1","(36.0, 46.0)","29.2","(25.3, 33.5)","83.8","(80.6, 86.6)","58.3","(53.1, 63.4)","10.6","( 9.5, 11.8)","6.5","( 5.8,  7.2)","10.1","( 8.9, 11.5)","10.7","( 9.4, 12.2)","82.3","(79.5, 85.0)","82.6","(80.1, 85.3)","9.4","( 8.0, 10.9)","5.5","( 4.7,  6.4)","77.9","(73.2, 82.1)","71.4","(65.7, 76.5)","85.6","(82.9, 88.0)","77.8","(74.0, 81.4)","64.2","(60.5, 67.6)","59.2","(55.4, 62.8)","8.6","( 7.0, 10.4)","5.9","( 4.9,  7.1)","38.4","(30.6, 47.0)","38.5","(30.9, 47.1)","33.4","(27.0, 40.8)","34.3","(27.8, 41.7)","15.3","(12.1, 19.1)","17.0","(13.4, 21.1)","68.2","(64.6, 71.3)","66.8","(63.0, 69.9)","21","(17.2, 25.1)","23.9","(19.8, 28.5)","12.9","(10.8, 15.1)","8.4","( 7.0,  9.9)","16.9","(13.8, 20.2)","13.7","(11.5, 16.3)","43.1","(37.8, 48.3)","30.8","(26.2, 35.6)","4.2","( 3.8,  4.8)","2.8","( 2.5,  3.1)","24.2","(19.3, 29.6)","21.0","(16.8, 25.7)","72.3","(67.5, 76.9)","72.5","(67.4, 76.8)","12.6","(10.8, 14.7)","15.6","(13.3, 18.0)","36.2","(28.3, 44.5)","36.3","(28.8, 44.7)","12.7","(10.7, 14.8)","10.4","( 8.8, 12.2)","29.5","(27.8, 31.2)","31.7","(29.8, 33.5)","4.4","( 3.7,  5.0)","2.7","( 2.4,  3.1)","10.2","( 6.5, 14.1)","10.9","( 7.2, 15.2)","9.9","( 8.6, 11.3)","6.4","( 5.5,  7.2)","4.9","( 4.1,  5.9)","4","( 3.4,  4.6)","11.1","( 9.3, 13.1)","12.5","(10.5, 14.8)","16","(13.2, 18.9)","10.6","( 8.8, 12.7)","4.4","( 3.7,  5.2)","3.3","( 2.9,  3.9)","7.6","( 6.3,  9.0)","6.9","( 5.8,  8.1)","29.4","(24.5, 34.4)","24.2","(20.3, 28.3)","POINT (-90.2612985 46.32655)"
"AL","Alabama","Winston","01133","23,652","13.0","( 9.9, 16.5)","14.0","(10.5, 17.7)","36.1","(31.2, 41.2)","28.9","(24.6, 33.5)","13.3","(10.6, 16.2)","15.8","(12.7, 19.2)","44.0","(39.1, 49.1)","36.5","(31.9, 41.4)","83.1","(80.0, 85.7)","63.4","(58.2, 68.5)","8.7","( 7.8,  9.7)","6.5","( 5.8,  7.2)","10.5","( 9.1, 12.1)","10.7","( 9.3, 12.4)","80.3","(77.5, 83.2)","81.1","(78.3, 83.9)","9.6","( 8.2, 11.0)","6.9","( 5.9,  7.9)","76.8","(71.5, 81.6)","73.2","(67.5, 78.5)","85.6","(82.7, 88.3)","81.8","(78.2, 85.3)","71.0","(67.7, 74.2)","68.4","(64.8, 72.1)","11.8","( 9.6, 14.1)","9.4","( 7.7, 11.2)","41.1","(32.4, 50.7)","41.3","(32.8, 51.0)","34.0","(26.9, 42.1)","34.0","(26.8, 42.0)","21.5","(17.3, 26.2)","22.6","(18.2, 27.2)","56.8","(52.5, 61.2)","55.9","(51.1, 60.7)","24.7","(20.2, 29.6)","26.3","(21.6, 31.3)","15.0","(12.6, 17.4)","11.4","( 9.6, 13.4)","24.1","(20.2, 28.4)","21.4","(18.0, 25.2)","42.4","(36.9, 47.9)","33.9","(28.8, 39.2)","4.0","( 3.5,  4.5)","3.1","( 2.7,  3.4)","36.9","(30.6, 43.3)","34.6","(28.4, 41.1)","69.1","(63.9, 73.9)","69.5","(64.1, 74.4)","18.5","(15.9, 21.2)","20.5","(17.6, 23.4)","39.2","(30.9, 47.9)","39.1","(30.7, 47.9)","16.3","(13.8, 19.0)","14.4","(12.2, 16.8)","36.8","(35.1, 38.4)","38.2","(36.3, 39.9)","4.5","( 3.9,  5.1)","3.4","( 3.0,  3.8)","16.5","(11.1, 22.4)","17.4","(11.8, 23.7)","9.8","( 8.5, 11.2)","7.6","( 6.6,  8.7)","6.8","( 5.7,  8.0)","6","( 5.0,  7.0)","17.2","(14.4, 20.3)","18.3","(15.4, 21.7)","22.5","(19.1, 26.3)","17.8","(15.1, 20.8)","5.6","( 4.7,  6.6)","4.7","( 3.9,  5.5)","11.1","( 9.3, 13.1)","10.5","( 8.8, 12.4)","39.9","(34.4, 45.6)","36.4","(31.0, 41.9)","POINT (-87.3653458 34.1545665)"
"MI","Michigan","Newaygo","26123","50,296","8.8","( 6.8, 11.4)","9.5","( 7.2, 12.2)","32.9","(28.5, 37.5)","26.9","(23.0, 30.9)","15.0","(12.3, 18.2)","17.3","(14.1, 20.8)","36.8","(32.6, 41.4)","30.8","(26.9, 34.9)","80.8","(77.6, 83.7)","60.0","(55.0, 65.2)","8.2","( 7.4,  9.1)","6.4","( 5.7,  7.1)","10.9","( 9.7, 12.4)","11.1","( 9.8, 12.5)","82.3","(79.5, 84.8)","82.8","(80.1, 85.2)","8.1","( 6.9,  9.4)","6.1","( 5.3,  7.0)","75.5","(70.7, 80.1)","72.4","(67.2, 77.5)","84.9","(82.0, 87.5)","81.6","(78.2, 84.8)","74.2","(71.1, 77.2)","71.7","(68.3, 75.0)","9.7","( 7.9, 11.7)","7.9","( 6.6,  9.4)","44.4","(34.9, 54.0)","44.9","(36.1, 54.5)","39.7","(31.8, 47.7)","39.6","(31.9, 47.5)","20.2","(16.3, 24.5)","20.8","(16.7, 25.3)","65.5","(61.8, 69.1)","64.8","(60.8, 68.6)","23.8","(19.9, 28.2)","24.9","(20.8, 29.5)","12.1","(10.2, 14.2)","9.5","( 8.0, 11.1)","19","(16.1, 22.5)","17","(14.4, 20.1)","38.0","(33.3, 42.9)","30.5","(26.2, 35.4)","3.6","( 3.2,  4.0)","2.9","( 2.6,  3.2)","27.1","(22.4, 32.4)","25.5","(21.0, 30.5)","70.0","(65.6, 74.5)","69.5","(64.7, 74.0)","16.6","(14.4, 19.1)","18.2","(15.7, 20.9)","39.5","(32.2, 47.5)","39.3","(32.0, 47.2)","13.5","(11.5, 15.8)","12.1","(10.3, 14.1)","31.5","(29.9, 33.1)","32.5","(30.9, 34.2)","3.9","( 3.4,  4.4)","3.1","( 2.7,  3.5)","12.0","( 8.2, 16.3)","12.7","( 8.7, 17.1)","8.7","( 7.6,  9.8)","7","( 6.2,  8.0)","5.4","( 4.6,  6.4)","4.9","( 4.2,  5.7)","13.7","(11.5, 16.1)","14.4","(12.2, 16.9)","16.4","(13.8, 19.3)","13.3","(11.2, 15.6)","4.4","( 3.8,  5.3)","3.8","( 3.2,  4.5)","8.9","( 7.6, 10.4)","8.6","( 7.3, 10.0)","32.1","(27.7, 37.1)","29.5","(25.4, 34.4)","POINT (-85.7913723 43.5627117)"
"MI","Michigan","Cass","26027","51,483","7.7","( 5.9,  9.9)","8.3","( 6.4, 10.8)","32.0","(27.6, 36.7)","25.3","(21.6, 29.3)","15.4","(12.6, 18.7)","18.2","(14.9, 22.0)","39.4","(34.9, 44.0)","32.3","(28.2, 36.6)","81.3","(78.1, 84.2)","60.2","(55.1, 65.3)","8.6","( 7.7,  9.5)","6.4","( 5.8,  7.1)","10.8","( 9.5, 12.4)","11.1","( 9.7, 12.6)","83.2","(80.6, 85.6)","83.6","(81.1, 85.9)","7.9","( 6.8,  9.0)","5.7","( 5.0,  6.5)","76.2","(71.2, 80.7)","72.6","(67.2, 77.7)","86.7","(84.1, 89.1)","83.1","(79.9, 86.2)","77.1","(74.4, 79.8)","74.6","(71.6, 77.6)","9.0","( 7.3, 10.9)","7.2","( 5.9,  8.5)","47.7","(38.8, 56.6)","48.0","(39.1, 56.4)","44.0","(36.0, 51.9)","43.2","(35.3, 51.0)","18.6","(14.6, 22.8)","19.4","(15.3, 23.8)","68.9","(65.2, 72.5)","68.0","(64.3, 71.8)","23.1","(19.1, 27.6)","24.5","(20.5, 29.1)","12.1","(10.3, 14.1)","9.2","( 7.8, 10.7)","18","(14.9, 21.3)","15.9","(13.3, 18.8)","38.8","(33.8, 43.7)","30.8","(26.2, 35.5)","3.6","( 3.3,  4.0)","2.8","( 2.5,  3.1)","24.4","(19.6, 29.8)","22.7","(18.4, 27.7)","69.3","(64.3, 73.7)","69.5","(64.3, 74.1)","15.5","(13.3, 17.9)","17.2","(14.8, 20.0)","37.0","(29.7, 44.8)","36.7","(29.5, 44.5)","12.7","(10.7, 14.8)","11.2","( 9.6, 13.2)","33.3","(31.7, 34.9)","34.5","(32.8, 36.2)","3.8","( 3.3,  4.4)","2.9","( 2.5,  3.3)","10.9","( 7.4, 15.2)","11.4","( 7.6, 15.8)","8.3","( 7.3,  9.4)","6.5","( 5.8,  7.4)","4.9","( 4.1,  5.7)","4.4","( 3.7,  5.1)","12.6","(10.5, 14.8)","13.4","(11.2, 15.8)","15.4","(12.8, 18.1)","12.1","(10.2, 14.3)","4.1","( 3.4,  4.7)","3.4","( 2.9,  4.0)","8.2","( 6.9,  9.6)","7.8","( 6.6,  9.2)","30.7","(26.2, 35.6)","27.9","(23.7, 32.4)","POINT (-86.000142 41.9172431)"
"WI","Wisconsin","Vernon","55123","30,915","7.4","( 5.2,  9.8)","8.0","( 5.6, 10.7)","32.0","(27.5, 36.8)","25.3","(21.5, 29.5)","20.3","(16.9, 24.1)","23.8","(20.0, 28.2)","36.7","(32.1, 41.3)","29.8","(25.8, 34.2)","80.2","(77.0, 83.1)","58.0","(52.7, 62.9)","8.6","( 7.7,  9.6)","6.4","( 5.8,  7.2)","10.6","( 9.3, 12.1)","10.8","( 9.4, 12.3)","81.7","(78.7, 84.7)","82.1","(79.3, 85.0)","7.8","( 6.7,  9.1)","5.6","( 4.8,  6.5)","73.0","(67.9, 77.8)","69.1","(63.4, 74.4)","80.7","(77.2, 83.6)","75.8","(71.7, 79.5)","61.6","(57.6, 65.1)","58.5","(54.3, 62.2)","8.0","( 6.4,  9.7)","6.3","( 5.1,  7.7)","39.0","(29.8, 48.7)","39.6","(30.7, 48.7)","33.1","(25.7, 41.2)","33.4","(25.9, 41.2)","17.0","(13.0, 21.2)","17.8","(13.6, 22.2)","65.2","(61.0, 69.3)","64.3","(59.8, 68.5)","22.3","(18.5, 26.6)","23.7","(19.6, 28.3)","11.0","( 9.2, 13.1)","8.4","( 7.0,  9.9)","16.5","(13.3, 19.9)","14.5","(11.9, 17.5)","40.1","(35.2, 45.0)","31.2","(26.7, 35.9)","3.6","( 3.2,  4.0)","2.8","( 2.5,  3.1)","23.5","(18.6, 28.8)","21.8","(17.0, 26.8)","71.5","(66.7, 76.3)","71.0","(66.0, 75.7)","14.0","(11.9, 16.4)","15.7","(13.2, 18.3)","39.1","(31.3, 47.1)","38.9","(31.2, 47.1)","12.2","(10.2, 14.4)","10.8","( 9.0, 12.7)","30.4","(28.7, 32.0)","31.6","(29.7, 33.3)","3.7","( 3.2,  4.3)","2.8","( 2.4,  3.2)","11.4","( 7.1, 16.4)","12.2","( 7.7, 17.4)","8.4","( 7.3,  9.6)","6.6","( 5.7,  7.5)","4.8","( 4.0,  5.7)","4.2","( 3.5,  5.0)","12.3","(10.2, 14.8)","13.2","(10.8, 15.8)","14.3","(11.8, 17.1)","11.1","( 9.1, 13.3)","4.2","( 3.5,  5.0)","3.5","( 3.0,  4.2)","7.7","( 6.3,  9.2)","7.3","( 6.0,  8.7)","28.3","(23.8, 33.3)","25.4","(21.2, 30.1)","POINT (-90.8219835 43.5993661)"
"AL","Alabama","Bibb","01007","22,477","14.0","(11.2, 17.1)","14.3","(11.4, 17.6)","32.7","(28.4, 37.2)","29.5","(25.4, 33.7)","14.4","(11.7, 17.5)","15.4","(12.5, 18.7)","42.8","(38.1, 47.5)","39.6","(35.1, 44.2)","80.3","(77.4, 83.1)","65.8","(61.0, 70.5)","7.0","( 6.3,  7.8)","6.2","( 5.6,  6.8)","10.3","( 9.0, 11.8)","10.4","( 9.1, 11.9)","81.8","(79.6, 84.1)","82.3","(80.2, 84.6)","7.7","( 6.7,  8.8)","6.7","( 5.9,  7.6)","74.1","(68.9, 79.1)","72.7","(67.2, 77.9)","84.5","(81.6, 87.3)","82.8","(79.5, 85.9)","71.9","(69.1, 74.5)","70.3","(67.3, 73.2)","9.7","( 8.1, 11.4)","8.6","( 7.3, 10.2)","40.5","(32.8, 48.7)","40.7","(33.3, 48.8)","36.2","(29.5, 43.4)","36.1","(29.5, 43.2)","21.9","(18.0, 26.1)","22.0","(18.2, 26.3)","53.7","(50.3, 57.2)","53.5","(50.0, 56.9)","22.9","(19.0, 27.2)","23.3","(19.4, 27.6)","14.1","(12.1, 16.3)","12.4","(10.6, 14.4)","23.2","(20.0, 26.4)","22","(19.0, 25.1)","39.0","(34.5, 44.0)","34.0","(29.5, 39.0)","3.5","( 3.2,  3.9)","3.1","( 2.8,  3.5)","37.0","(31.3, 43.0)","36.0","(30.3, 42.0)","71.0","(66.8, 75.0)","71.1","(66.7, 75.2)","18.7","(16.2, 21.4)","19.4","(16.9, 22.2)","39.9","(32.4, 47.8)","39.6","(32.2, 47.4)","14.9","(12.9, 17.1)","14.0","(12.2, 16.1)","39.5","(37.9, 40.8)","40.0","(38.5, 41.4)","4.0","( 3.6,  4.5)","3.6","( 3.2,  4.0)","16.1","(12.0, 20.4)","17.0","(12.5, 21.8)","7.8","( 6.8,  8.8)","7","( 6.2,  8.0)","6.5","( 5.7,  7.4)","6.2","( 5.4,  7.0)","16.9","(14.6, 19.5)","17.3","(14.9, 20.0)","19.7","(16.9, 22.6)","17.7","(15.4, 20.3)","5.2","( 4.5,  5.9)","4.8","( 4.2,  5.4)","10.4","( 9.0, 11.9)","10.2","( 8.8, 11.6)","36.9","(31.9, 42.1)","35.6","(30.7, 40.7)","POINT (-87.1271475 33.0158929)"
"MI","Michigan","Clinton","26037","79,426","6.2","( 4.6,  8.3)","6.5","( 4.9,  8.7)","30.1","(26.0, 34.4)","25.8","(22.1, 29.6)","16.4","(13.4, 19.6)","18.2","(14.9, 21.7)","33.3","(29.1, 37.5)","28.9","(25.2, 32.8)","79.3","(75.9, 82.2)","59.4","(54.5, 64.3)","8.0","( 7.1,  8.8)","6.6","( 5.9,  7.3)","10.5","( 9.3, 11.9)","10.6","( 9.4, 12.0)","85.2","(82.8, 87.4)","85.7","(83.2, 87.8)","6.3","( 5.4,  7.2)","5.1","( 4.4,  5.8)","74.7","(69.8, 79.1)","72.4","(67.2, 77.1)","87.0","(84.5, 89.4)","84.9","(82.0, 87.7)","79.4","(76.7, 81.7)","77.9","(74.9, 80.4)","6.8","( 5.5,  8.2)","5.8","( 4.7,  7.0)","54.0","(45.2, 62.8)","54.4","(45.8, 62.9)","43.2","(35.8, 51.0)","43.1","(35.6, 50.6)","15.2","(11.7, 18.9)","15.6","(11.9, 19.4)","73.8","(70.4, 76.8)","73.2","(69.7, 76.4)","23.9","(20.0, 28.0)","24.7","(20.8, 28.9)","9.5","( 8.0, 11.3)","7.9","( 6.7,  9.3)","13.9","(11.4, 16.4)","12.7","(10.5, 15.1)","35.7","(31.2, 40.3)","30.0","(25.7, 34.3)","3.0","( 2.7,  3.4)","2.6","( 2.3,  2.9)","20.1","(16.0, 24.6)","19.1","(15.2, 23.4)","74.7","(70.5, 78.6)","74.4","(70.1, 78.6)","14.9","(12.8, 17.1)","15.9","(13.6, 18.3)","38.3","(31.3, 45.3)","38.0","(31.0, 44.8)","10.6","( 8.9, 12.3)","9.7","( 8.2, 11.3)","31.2","(29.5, 32.8)","31.9","(30.1, 33.6)","3.0","( 2.6,  3.5)","2.5","( 2.2,  2.9)","8.0","( 4.9, 11.7)","8.4","( 5.2, 12.1)","6.9","( 6.0,  7.9)","5.9","( 5.2,  6.7)","3.7","( 3.2,  4.4)","3.5","( 2.9,  4.1)","10.9","( 9.1, 12.9)","11.4","( 9.5, 13.5)","12.4","(10.2, 14.6)","10.5","( 8.7, 12.4)","3.1","( 2.6,  3.6)","2.7","( 2.3,  3.2)","6.6","( 5.5,  7.8)","6.4","( 5.4,  7.5)","26.3","(22.1, 30.7)","24.6","(20.8, 28.8)","POINT (-84.5916949 42.950455)"
"AL","Alabama","Jackson","01071","52,773","12.5","( 9.6, 15.9)","13.1","(10.1, 16.8)","35.3","(30.5, 40.1)","29.1","(24.8, 33.5)","13.4","(10.7, 16.4)","15.5","(12.4, 18.9)","42.2","(37.3, 47.1)","35.8","(31.3, 40.4)","82.1","(79.1, 84.8)","63.0","(57.9, 68.0)","8.4","( 7.5,  9.3)","6.5","( 5.8,  7.2)","10.4","( 9.1, 12.0)","10.6","( 9.2, 12.2)","81.7","(78.8, 84.4)","82.2","(79.5, 84.8)","8.9","( 7.7, 10.3)","6.7","( 5.8,  7.7)","76.4","(71.3, 81.0)","73.3","(67.9, 78.4)","85.4","(82.6, 88.1)","82.2","(78.6, 85.4)","73.7","(70.5, 76.6)","71.1","(67.6, 74.5)","10.8","( 8.7, 13.0)","8.8","( 7.3, 10.6)","43.1","(34.8, 51.5)","43.3","(34.8, 52.0)","39.6","(32.4, 46.9)","39.3","(32.0, 46.7)","20.8","(16.6, 25.4)","21.6","(17.0, 26.3)","58.4","(54.6, 62.3)","57.7","(53.7, 61.9)","23.8","(19.7, 28.5)","25.1","(20.8, 29.9)","14.7","(12.5, 17.1)","11.6","( 9.8, 13.5)","22.9","(19.2, 27.1)","20.8","(17.3, 24.5)","41.3","(36.1, 46.6)","33.7","(28.7, 39.0)","3.8","( 3.4,  4.2)","3.0","( 2.7,  3.4)","35.1","(29.3, 41.4)","33.2","(27.4, 39.2)","73.9","(69.7, 78.2)","74.0","(69.8, 78.4)","18.4","(15.9, 21.2)","20.1","(17.3, 23.1)","37.9","(29.8, 46.3)","37.7","(29.6, 46.0)","15.6","(13.2, 18.2)","14.0","(11.9, 16.3)","39.1","(37.4, 40.7)","40.2","(38.3, 42.0)","4.3","( 3.7,  4.9)","3.3","( 2.9,  3.8)","14.7","(10.3, 20.1)","15.4","(10.5, 20.9)","9.1","( 7.9, 10.4)","7.4","( 6.4,  8.4)","6.4","( 5.4,  7.6)","5.8","( 4.8,  6.7)","16.7","(13.9, 19.8)","17.7","(14.7, 20.7)","21.1","(17.9, 24.7)","17.3","(14.7, 20.1)","5.3","( 4.4,  6.2)","4.5","( 3.8,  5.3)","10.6","( 8.9, 12.5)","10.2","( 8.5, 12.0)","38.3","(32.9, 44.2)","35.5","(30.3, 40.9)","POINT (-85.9800556 34.764114)"
"MI","Michigan","Saginaw","26145","189,591","9.0","( 7.2, 11.2)","9.4","( 7.5, 11.7)","30.8","(27.1, 34.4)","26.2","(22.9, 29.6)","15.0","(12.3, 17.8)","16.8","(13.8, 19.8)","37.4","(33.4, 41.1)","32.8","(29.0, 36.3)","81.9","(78.9, 84.3)","63.7","(58.9, 68.2)","7.8","( 7.0,  8.6)","6.3","( 5.6,  6.9)","11.1","( 9.7, 12.4)","11.2","( 9.8, 12.6)","82.6","(80.5, 84.8)","83.5","(81.6, 85.5)","7.6","( 6.6,  8.5)","5.9","( 5.2,  6.7)","77.1","(72.8, 80.9)","74.8","(70.2, 78.9)","85.3","(82.7, 87.7)","83.4","(80.4, 86.1)","78.3","(76.0, 80.5)","76.1","(73.5, 78.5)","8.7","( 7.3, 10.1)","7.4","( 6.2,  8.6)","41.0","(34.4, 47.9)","41.4","(34.9, 48.2)","42.2","(36.2, 48.3)","42.5","(36.6, 48.5)","17.7","(14.4, 21.1)","18.7","(15.1, 22.3)","64.9","(61.9, 67.7)","64.2","(61.2, 67.2)","22.4","(18.9, 26.0)","23.3","(19.6, 27.1)","13.0","(11.2, 14.9)","10.8","( 9.3, 12.4)","18.8","(16.3, 21.5)","17.4","(14.9, 19.9)","35.6","(31.6, 39.6)","29.6","(25.7, 33.5)","3.7","( 3.3,  4.1)","3.1","( 2.8,  3.4)","26.1","(21.8, 30.4)","24.9","(20.6, 29.0)","72.3","(68.8, 75.9)","72.2","(68.6, 75.8)","16.7","(14.5, 19.0)","17.8","(15.4, 20.2)","42.2","(35.9, 48.4)","42.6","(36.3, 48.8)","13.1","(11.3, 14.8)","12.1","(10.4, 13.7)","36.0","(34.6, 37.4)","37.3","(35.8, 38.7)","3.9","( 3.5,  4.4)","3.2","( 2.9,  3.6)","11.3","( 8.0, 15.5)","12.0","( 8.5, 16.2)","7.9","( 7.0,  8.9)","6.6","( 5.8,  7.3)","5.8","( 5.1,  6.6)","5.3","( 4.6,  6.0)","13.9","(11.9, 16.1)","14.4","(12.3, 16.7)","16","(13.7, 18.2)","13.5","(11.5, 15.4)","4.6","( 4.0,  5.2)","4.1","( 3.6,  4.6)","9.2","( 7.9, 10.5)","8.8","( 7.6, 10.1)","31.8","(27.7, 35.9)","29.5","(25.4, 33.3)","POINT (-84.05541 43.3282667)"
"MI","Michigan","Lenawee","26091","98,956","8.1","( 6.2, 10.3)","8.6","( 6.5, 10.9)","30.7","(26.8, 34.8)","25.9","(22.5, 29.6)","15.8","(13.1, 19.0)","17.8","(14.7, 21.4)","37.3","(33.2, 41.6)","32.4","(28.6, 36.3)","79.4","(76.2, 82.4)","59.8","(54.8, 64.5)","8.1","( 7.3,  9.0)","6.5","( 5.9,  7.2)","10.9","( 9.6, 12.4)","11.0","( 9.6, 12.5)","82.5","(79.9, 84.8)","83.2","(80.6, 85.5)","7.2","( 6.2,  8.3)","5.6","( 4.9,  6.5)","74.8","(70.2, 79.0)","72.2","(67.3, 76.8)","85.4","(82.7, 88.0)","83.1","(80.0, 86.1)","76.1","(73.4, 78.7)","73.8","(70.8, 76.8)","8.4","( 6.8, 10.1)","7.0","( 5.8,  8.4)","48.5","(40.2, 57.1)","48.9","(40.9, 57.1)","37.8","(30.6, 45.2)","37.6","(30.8, 45.0)","17.4","(13.8, 21.3)","18.2","(14.4, 22.3)","65.8","(62.6, 69.1)","65.1","(61.7, 68.4)","23.6","(19.7, 27.6)","24.5","(20.6, 28.7)","10.8","( 9.2, 12.8)","8.9","( 7.5, 10.4)","16.5","(13.7, 19.4)","15.1","(12.7, 17.9)","36.9","(32.6, 41.4)","30.6","(26.5, 34.9)","3.4","( 3.0,  3.8)","2.8","( 2.5,  3.1)","24.7","(20.2, 29.7)","23.5","(19.2, 28.4)","70.1","(65.4, 74.4)","70.1","(65.4, 74.7)","15.7","(13.5, 18.0)","16.8","(14.5, 19.2)","35.1","(29.0, 41.6)","35.2","(29.2, 41.9)","12.2","(10.3, 14.2)","11.1","( 9.5, 13.1)","34.8","(33.3, 36.2)","35.9","(34.3, 37.3)","3.4","( 3.0,  4.0)","2.8","( 2.5,  3.2)","10.6","( 7.0, 14.7)","11.1","( 7.4, 15.3)","7.7","( 6.8,  8.9)","6.5","( 5.7,  7.4)","4.7","( 4.0,  5.5)","4.3","( 3.7,  5.0)","12.7","(10.7, 15.0)","13.3","(11.2, 15.7)","14.4","(12.0, 17.0)","12.1","(10.1, 14.3)","3.8","( 3.2,  4.4)","3.4","( 2.8,  3.9)","7.9","( 6.6,  9.2)","7.6","( 6.4,  8.9)","28.8","(24.4, 33.7)","26.7","(22.7, 31.4)","POINT (-84.0743563 41.8960225)"
"WI","Wisconsin","Adams","55001","20,875","8.5","( 6.5, 10.6)","9.6","( 7.5, 12.1)","37.3","(32.2, 42.4)","26.3","(22.3, 30.4)","18.7","(15.3, 22.3)","24.4","(20.3, 28.9)","40.7","(35.8, 45.6)","30.0","(26.0, 34.2)","83.1","(80.0, 85.9)","58.9","(53.9, 64.0)","9.9","( 9.0, 11.1)","6.3","( 5.7,  7.0)","10.3","( 9.0, 11.7)","10.6","( 9.3, 12.0)","80.8","(77.6, 83.8)","81.5","(78.8, 84.1)","9.6","( 8.2, 11.1)","5.9","( 5.1,  6.8)","76.9","(72.0, 81.4)","70.9","(65.2, 76.3)","83.6","(80.6, 86.4)","76.0","(72.0, 79.6)","63.9","(60.3, 67.5)","59.2","(55.4, 62.9)","9.4","( 7.6, 11.3)","6.6","( 5.4,  7.9)","36.6","(27.9, 46.2)","37.0","(28.2, 46.0)","35.0","(27.1, 43.0)","34.3","(27.0, 41.9)","17.7","(14.2, 21.5)","19.1","(15.2, 23.1)","65.9","(62.2, 69.6)","64.4","(60.8, 68.0)","20.8","(17.0, 24.8)","22.8","(18.7, 26.9)","13.4","(11.3, 15.7)","9.1","( 7.6, 10.6)","19","(15.7, 22.7)","16","(13.2, 18.8)","43.9","(38.6, 49.1)","31.9","(27.2, 36.7)","4.2","( 3.8,  4.7)","2.9","( 2.6,  3.2)","26.9","(21.9, 32.3)","24.1","(19.4, 28.8)","70.7","(65.6, 75.4)","70.9","(65.4, 75.6)","13.3","(11.4, 15.2)","15.9","(13.6, 18.1)","38.4","(30.4, 46.8)","38.4","(30.3, 46.7)","13.6","(11.4, 15.7)","11.3","( 9.6, 13.0)","31.1","(29.5, 32.6)","33.2","(31.6, 34.7)","4.5","( 3.9,  5.2)","3.0","( 2.6,  3.4)","12.2","( 8.0, 17.0)","12.8","( 8.3, 17.5)","10","( 8.7, 11.3)","6.8","( 6.0,  7.7)","5.5","( 4.6,  6.5)","4.6","( 3.9,  5.4)","12.2","(10.2, 14.2)","13.6","(11.4, 15.9)","16.8","(13.9, 19.7)","11.7","( 9.7, 13.6)","4.8","( 4.1,  5.7)","3.8","( 3.2,  4.4)","8.2","( 6.8,  9.7)","7.6","( 6.3,  8.8)","30.8","(26.1, 35.5)","26.2","(22.1, 30.3)","POINT (-89.7672276 43.9737568)"
"AL","Alabama","Mobile","01097","413,073","12.0","( 9.8, 14.8)","12.4","(10.0, 15.3)","31.6","(28.5, 34.8)","28.3","(25.4, 31.3)","14.6","(12.3, 17.2)","15.7","(13.2, 18.5)","41.4","(38.2, 44.8)","38.1","(34.9, 41.5)","83.0","(80.6, 85.3)","68.7","(64.5, 72.9)","7.3","( 6.6,  8.0)","6.3","( 5.7,  6.9)","10.8","( 9.5, 12.2)","10.9","( 9.6, 12.2)","83.6","(81.7, 85.5)","84.3","(82.4, 86.0)","7.3","( 6.4,  8.3)","6.2","( 5.5,  7.1)","77.8","(74.2, 81.1)","76.4","(72.6, 79.8)","86.4","(83.8, 88.6)","85.1","(82.3, 87.5)","73.8","(71.7, 75.8)","71.7","(69.3, 73.8)","8.6","( 7.3, 10.2)","7.6","( 6.5,  9.0)","40.1","(33.8, 46.1)","40.6","(34.7, 46.6)","39.2","(33.8, 44.4)","39.0","(33.7, 44.1)","18.3","(15.3, 22.0)","18.9","(15.7, 22.7)","58.8","(55.5, 61.8)","58.4","(55.2, 61.5)","22.1","(19.1, 25.4)","22.6","(19.6, 25.9)","15.4","(13.6, 17.4)","13.5","(11.9, 15.3)","22.3","(19.5, 25.5)","21.2","(18.4, 24.3)","38.4","(35.0, 41.8)","33.5","(30.1, 37.1)","3.6","( 3.3,  4.0)","3.2","( 2.9,  3.5)","35.8","(31.5, 40.5)","34.9","(30.6, 39.5)","74.8","(71.7, 77.9)","74.7","(71.5, 77.9)","18.7","(16.4, 21.2)","19.5","(17.0, 22.1)","40.5","(36.0, 45.4)","40.6","(36.0, 45.5)","14.2","(12.4, 16.3)","13.4","(11.7, 15.4)","39.7","(38.4, 41.0)","40.5","(39.1, 41.9)","4.0","( 3.5,  4.4)","3.5","( 3.1,  3.9)","14.9","(10.9, 19.5)","15.8","(11.4, 20.6)","7","( 6.1,  7.9)","6.2","( 5.4,  7.0)","6.3","( 5.5,  7.2)","6","( 5.3,  6.8)","15.1","(13.0, 17.6)","15.5","(13.3, 18.1)","20.1","(17.7, 22.8)","18","(15.8, 20.5)","5","( 4.3,  5.7)","4.6","( 4.0,  5.2)","9.9","( 8.5, 11.4)","9.7","( 8.3, 11.2)","35.9","(31.8, 40.1)","34.4","(30.5, 38.5)","POINT (-88.1965682 30.6845725)"
"AL","Alabama","Walker","01127","64,818","12.1","( 9.2, 15.6)","12.7","( 9.6, 16.3)","36.4","(31.8, 40.8)","30.7","(26.5, 34.8)","13.4","(10.9, 16.4)","15.3","(12.4, 18.6)","41.0","(36.5, 45.4)","35.4","(31.2, 39.6)","82.6","(79.7, 85.2)","64.5","(59.7, 69.2)","8.2","( 7.4,  9.1)","6.5","( 5.8,  7.2)","10.4","( 9.1, 11.9)","10.6","( 9.2, 12.0)","81.8","(79.1, 84.2)","82.5","(80.0, 84.9)","8.4","( 7.3,  9.7)","6.5","( 5.7,  7.5)","75.8","(71.0, 80.3)","73.1","(67.8, 77.9)","85.5","(82.7, 88.1)","82.9","(79.5, 85.9)","73.9","(70.9, 76.6)","71.5","(68.2, 74.5)","10.6","( 8.7, 12.7)","8.8","( 7.3, 10.5)","41.5","(32.9, 50.1)","41.9","(33.5, 50.4)","39.1","(31.5, 46.6)","38.7","(31.0, 46.1)","20.6","(16.5, 25.0)","21.4","(17.2, 25.9)","54.7","(50.8, 58.3)","54.0","(50.0, 57.8)","24.2","(20.1, 28.4)","25.2","(21.0, 29.6)","14.0","(11.9, 16.1)","11.3","( 9.6, 13.1)","22.8","(19.2, 26.8)","20.8","(17.5, 24.4)","39.8","(35.0, 44.3)","32.8","(28.3, 37.4)","3.7","( 3.3,  4.1)","3.0","( 2.7,  3.4)","36.4","(30.8, 42.4)","34.7","(28.9, 40.5)","72.7","(68.3, 76.8)","72.9","(68.2, 77.3)","18.9","(16.3, 21.6)","20.5","(17.6, 23.3)","38.1","(31.3, 44.9)","38.0","(31.2, 44.8)","15.2","(13.0, 17.7)","13.8","(11.8, 16.0)","38.9","(37.4, 40.3)","40.0","(38.4, 41.6)","4.1","( 3.6,  4.7)","3.3","( 2.9,  3.8)","16.0","(11.0, 21.5)","16.7","(11.3, 22.6)","8.7","( 7.6,  9.9)","7.2","( 6.3,  8.2)","6.1","( 5.2,  7.2)","5.6","( 4.7,  6.5)","16.5","(13.9, 19.4)","17.3","(14.5, 20.3)","20.7","(17.7, 24.0)","17.2","(14.7, 20.0)","5.1","( 4.3,  6.0)","4.5","( 3.8,  5.2)","10.4","( 8.8, 12.2)","10","( 8.4, 11.8)","37.4","(32.2, 42.6)","34.8","(29.8, 39.7)","POINT (-87.3010936 33.7915581)"
"AL","Alabama","Coosa","01037","10,450","11.5","( 9.3, 14.1)","12.5","(10.1, 15.4)","36.0","(31.2, 40.9)","27.6","(23.7, 31.8)","12.5","(10.2, 15.1)","15.4","(12.6, 18.6)","46.9","(42.2, 51.4)","38.0","(33.7, 42.3)","84.5","(81.8, 86.9)","65.3","(60.7, 69.9)","8.6","( 7.7,  9.5)","6.1","( 5.5,  6.7)","10.2","( 9.0, 11.6)","10.5","( 9.2, 11.9)","83.2","(81.2, 85.1)","83.5","(81.8, 85.3)","9.0","( 8.0, 10.2)","6.2","( 5.5,  7.0)","79.4","(75.0, 83.4)","75.5","(70.6, 80.1)","88.3","(86.2, 90.4)","84.2","(81.3, 87.0)","74.1","(71.7, 76.5)","71.5","(68.8, 74.2)","9.9","( 8.3, 11.6)","7.5","( 6.4,  8.7)","41.4","(34.0, 49.0)","41.5","(34.2, 49.0)","38.4","(31.9, 44.9)","38.1","(31.8, 44.5)","18.9","(15.5, 22.6)","19.9","(16.4, 23.7)","57.9","(54.8, 60.9)","56.8","(53.7, 60.2)","21.2","(17.4, 25.1)","22.8","(18.9, 27.1)","16.4","(14.2, 18.7)","12.0","(10.4, 13.8)","23.2","(20.0, 26.6)","20.2","(17.5, 23.1)","41.7","(36.5, 47.1)","32.5","(27.8, 37.6)","4.2","( 3.8,  4.6)","3.1","( 2.8,  3.4)","36.0","(30.4, 41.8)","33.3","(28.2, 38.6)","74.4","(70.7, 77.8)","74.6","(71.1, 78.0)","16.7","(14.5, 18.9)","19.0","(16.5, 21.6)","39.3","(31.4, 47.6)","39.0","(31.2, 47.2)","15.0","(13.1, 17.2)","13.0","(11.3, 14.8)","39.9","(38.6, 41.2)","41.5","(40.1, 42.9)","4.7","( 4.2,  5.3)","3.4","( 3.0,  3.8)","15.5","(11.7, 19.5)","16.2","(12.0, 20.4)","8.5","( 7.5,  9.6)","6.3","( 5.6,  7.1)","6.3","( 5.5,  7.2)","5.5","( 4.8,  6.2)","15","(12.9, 17.1)","16.2","(13.9, 18.6)","21.8","(19.0, 24.8)","16.6","(14.5, 18.9)","5.2","( 4.6,  5.9)","4.3","( 3.8,  4.8)","9.9","( 8.6, 11.3)","9.4","( 8.1, 10.7)","37.8","(33.2, 42.6)","33.9","(29.6, 38.7)","POINT (-86.2434818 32.9314453)"
"WI","Wisconsin","Walworth","55127","106,799","7.3","( 5.5,  9.7)","7.9","( 5.9, 10.3)","27.8","(24.0, 32.1)","24.0","(20.4, 28.1)","22.1","(18.5, 26.4)","24.4","(20.3, 28.8)","29.7","(25.8, 33.9)","26.0","(22.3, 30.1)","78.9","(75.4, 82.1)","57.7","(52.7, 62.8)","7.7","( 6.9,  8.6)","6.4","( 5.8,  7.2)","10.1","( 8.9, 11.6)","10.2","( 8.9, 11.7)","82.0","(79.2, 84.6)","83.8","(81.4, 86.2)","6.2","( 5.3,  7.1)","5.0","( 4.3,  5.7)","75.0","(69.9, 79.7)","72.8","(67.4, 77.7)","80.7","(77.5, 83.7)","79.1","(75.5, 82.4)","62.4","(58.6, 65.8)","59.8","(56.1, 63.3)","6.0","( 4.9,  7.4)","5.2","( 4.2,  6.3)","39.6","(31.1, 47.8)","40.0","(31.7, 48.3)","33.4","(25.9, 40.4)","33.3","(26.2, 40.5)","13.4","(10.3, 16.8)","14.4","(11.2, 18.1)","69.7","(65.8, 73.3)","68.7","(64.8, 72.2)","21.8","(18.0, 26.2)","22.5","(18.5, 27.0)","9.3","( 7.8, 11.0)","7.8","( 6.6,  9.2)","13.6","(11.4, 16.3)","12.7","(10.5, 15.1)","37.4","(32.8, 42.2)","31.0","(26.5, 35.8)","3.1","( 2.7,  3.4)","2.6","( 2.4,  2.9)","20.9","(16.8, 25.6)","20.2","(16.2, 24.9)","74.4","(69.7, 78.6)","74.2","(69.4, 78.5)","13.8","(11.8, 16.2)","14.5","(12.3, 16.9)","36.1","(28.8, 44.0)","36.9","(29.6, 45.0)","10.2","( 8.6, 12.0)","9.5","( 8.1, 11.2)","29.3","(27.6, 30.9)","30.5","(28.8, 32.2)","3.0","( 2.6,  3.5)","2.5","( 2.2,  2.9)","9.0","( 5.7, 13.3)","9.5","( 5.8, 14.0)","6.8","( 5.9,  7.8)","5.8","( 5.1,  6.7)","3.8","( 3.3,  4.5)","3.6","( 3.1,  4.2)","11","( 9.1, 13.2)","11.3","( 9.3, 13.6)","11.2","( 9.3, 13.4)","9.6","( 8.0, 11.5)","3.2","( 2.7,  3.8)","2.9","( 2.5,  3.4)","6.3","( 5.3,  7.5)","6.1","( 5.1,  7.3)","23.9","(20.2, 28.4)","22.2","(18.7, 26.3)","POINT (-88.5417306 42.6681095)"
"WI","Wisconsin","Lincoln","55069","28,541","6.8","( 5.1,  8.9)","7.5","( 5.6,  9.9)","32.6","(28.3, 36.9)","25.2","(21.6, 28.8)","20.5","(17.2, 24.0)","24.5","(20.7, 28.5)","37.0","(32.7, 41.3)","29.3","(25.6, 33.2)","81.0","(77.6, 83.9)","58.3","(53.3, 63.2)","8.8","( 7.9,  9.8)","6.4","( 5.8,  7.1)","10.5","( 9.2, 12.0)","10.7","( 9.4, 12.2)","82.2","(79.3, 85.0)","82.7","(80.0, 85.2)","7.6","( 6.5,  8.8)","5.3","( 4.6,  6.1)","76.6","(72.0, 80.9)","72.6","(67.4, 77.4)","82.9","(80.0, 85.6)","77.5","(73.8, 81.0)","60.1","(56.4, 63.8)","57.4","(53.7, 61.2)","7.7","( 6.2,  9.4)","5.9","( 4.9,  7.1)","33.2","(24.8, 41.9)","33.8","(25.4, 42.2)","32.7","(25.4, 40.2)","33.0","(25.8, 40.5)","16.7","(13.1, 20.7)","17.4","(13.7, 21.6)","67.1","(63.2, 70.8)","66.2","(62.3, 70.0)","22.8","(19.1, 26.9)","24.5","(20.6, 28.9)","10.6","( 8.9, 12.4)","7.7","( 6.5,  9.1)","16.2","(13.5, 19.5)","14","(11.7, 16.7)","39.0","(34.4, 43.6)","29.9","(25.7, 34.1)","3.5","( 3.2,  3.9)","2.7","( 2.4,  3.0)","23.4","(19.1, 28.5)","21.4","(17.3, 26.1)","73.5","(68.8, 77.9)","73.1","(68.1, 77.8)","13.9","(12.0, 16.0)","15.7","(13.5, 18.1)","37.4","(30.3, 44.4)","37.0","(30.2, 44.1)","12.0","(10.2, 14.1)","10.4","( 8.8, 12.1)","30.4","(28.8, 32.0)","31.6","(29.9, 33.3)","3.7","( 3.2,  4.2)","2.7","( 2.3,  3.1)","10.3","( 6.8, 14.4)","11.1","( 7.2, 15.4)","8.2","( 7.2,  9.4)","6.3","( 5.5,  7.2)","4.4","( 3.7,  5.3)","3.8","( 3.3,  4.5)","11.7","( 9.8, 13.8)","12.6","(10.5, 14.8)","13.9","(11.5, 16.5)","10.5","( 8.8, 12.4)","3.9","( 3.3,  4.7)","3.2","( 2.7,  3.8)","7.2","( 6.1,  8.5)","6.8","( 5.7,  8.0)","27.1","(22.9, 31.6)","24","(20.2, 28.3)","POINT (-89.73224 45.333148)"
"MI","Michigan","Delta","26041","36,826","7.3","( 5.5,  9.3)","7.9","( 5.9, 10.1)","35.5","(31.2, 40.5)","27.3","(23.6, 31.5)","15.2","(12.5, 18.3)","18.6","(15.4, 22.3)","39.3","(34.9, 43.9)","31.0","(27.1, 35.2)","81.3","(78.2, 84.1)","58.4","(53.4, 63.3)","9.4","( 8.5, 10.4)","6.6","( 5.9,  7.3)","10.9","( 9.6, 12.4)","11.2","( 9.9, 12.7)","82.9","(80.3, 85.4)","83.5","(80.9, 85.8)","8.6","( 7.5, 10.0)","5.9","( 5.1,  6.8)","76.9","(72.3, 81.2)","72.6","(67.4, 77.4)","86.5","(83.8, 88.9)","82.2","(78.7, 85.3)","77.9","(75.1, 80.5)","74.8","(71.4, 77.8)","9.7","( 8.1, 11.7)","7.4","( 6.2,  8.9)","50.4","(41.1, 59.8)","50.9","(42.1, 59.8)","40.0","(32.3, 48.3)","40.4","(32.8, 48.4)","18.7","(15.0, 22.9)","20.0","(16.0, 24.5)","67.5","(63.8, 70.8)","66.4","(62.7, 70.0)","23","(19.2, 27.2)","24.8","(20.8, 29.3)","12.7","(10.8, 14.9)","9.3","( 7.9, 10.8)","18.1","(15.1, 21.4)","15.6","(13.1, 18.6)","40.0","(35.1, 45.0)","31.0","(26.6, 35.8)","3.8","( 3.5,  4.3)","2.8","( 2.5,  3.1)","24.7","(19.8, 29.9)","22.5","(18.2, 27.4)","69.4","(64.8, 73.8)","69.4","(64.4, 74.0)","15.8","(13.7, 18.1)","18.0","(15.6, 20.6)","37.0","(29.8, 44.7)","37.1","(29.7, 44.7)","13.4","(11.4, 15.6)","11.6","(10.0, 13.6)","34.2","(32.4, 35.8)","35.9","(34.1, 37.6)","4.1","( 3.6,  4.7)","2.9","( 2.6,  3.3)","10.9","( 7.3, 15.1)","11.6","( 7.8, 16.3)","9.3","( 8.1, 10.6)","6.8","( 6.0,  7.8)","5.1","( 4.4,  6.1)","4.4","( 3.8,  5.2)","12.7","(10.8, 15.0)","13.8","(11.5, 16.2)","16.6","(14.0, 19.7)","12.5","(10.5, 14.8)","4.3","( 3.7,  5.0)","3.5","( 3.0,  4.1)","8.6","( 7.2, 10.2)","8.1","( 6.8,  9.5)","32.4","(27.9, 37.3)","28.6","(24.4, 33.3)","POINT (-86.9019375 45.8052288)"
"MI","Michigan","Iron","26071","11,635","7.7","( 5.7, 10.0)","8.6","( 6.4, 11.2)","37.9","(32.6, 43.1)","26.6","(22.5, 31.0)","13.8","(11.1, 16.7)","18.6","(15.1, 22.4)","43.9","(39.0, 48.9)","32.2","(27.9, 36.8)","84.1","(81.2, 86.7)","59.6","(54.6, 64.5)","10.4","( 9.3, 11.5)","6.5","( 5.8,  7.2)","10.7","( 9.4, 12.1)","11.2","( 9.8, 12.7)","81.8","(78.7, 84.7)","82.6","(80.0, 85.2)","10.3","( 8.8, 11.9)","6.2","( 5.4,  7.0)","79.2","(74.4, 83.2)","73.2","(67.8, 78.2)","88.1","(85.7, 90.2)","82.0","(78.6, 85.2)","77.5","(74.8, 80.2)","73.3","(69.7, 76.6)","11.1","( 8.9, 13.3)","7.8","( 6.5,  9.3)","43.9","(35.2, 53.4)","44.4","(35.8, 53.9)","38.9","(31.2, 47.7)","40.1","(32.4, 48.6)","19.0","(15.1, 23.3)","21.0","(16.7, 25.4)","65.1","(61.3, 68.8)","63.6","(59.8, 67.2)","23.4","(19.3, 27.8)","26.2","(21.8, 30.9)","14.2","(11.9, 16.6)","9.4","( 8.0, 11.0)","20.3","(16.6, 23.8)","16.7","(13.9, 19.6)","43.2","(37.8, 48.6)","31.7","(27.0, 36.8)","4.4","( 3.9,  4.9)","2.9","( 2.6,  3.2)","27.8","(22.3, 33.5)","24.5","(19.7, 29.6)","71.0","(66.3, 75.7)","70.8","(66.1, 75.4)","15.1","(13.0, 17.4)","18.2","(15.8, 20.8)","35.0","(27.1, 43.8)","35.3","(27.1, 43.9)","14.5","(12.3, 16.9)","12.1","(10.3, 13.9)","32.3","(30.5, 34.1)","34.7","(32.7, 36.5)","4.7","( 4.1,  5.5)","3.0","( 2.7,  3.5)","11.6","( 7.4, 16.3)","12.5","( 8.2, 17.3)","10.8","( 9.4, 12.3)","7.1","( 6.2,  8.0)","5.9","( 4.9,  7.0)","4.8","( 4.0,  5.6)","12.9","(10.8, 15.2)","14.4","(12.0, 16.8)","19.4","(16.1, 22.6)","13.2","(11.1, 15.4)","4.9","( 4.1,  5.8)","3.8","( 3.2,  4.4)","9.4","( 7.9, 11.1)","8.6","( 7.1, 10.0)","35.5","(30.5, 40.9)","30","(25.4, 35.1)","POINT (-88.5405261 46.1702542)"
"WI","Wisconsin","Columbia","55021","58,488","6.5","( 4.9,  8.5)","6.9","( 5.2,  9.1)","28.2","(24.2, 32.3)","23.4","(19.9, 27.0)","23.0","(19.3, 26.8)","25.6","(21.6, 29.9)","32.2","(28.1, 36.4)","27.4","(23.6, 31.2)","77.8","(74.2, 81.2)","56.7","(51.6, 61.7)","8.0","( 7.2,  8.9)","6.5","( 5.8,  7.2)","9.9","( 8.7, 11.3)","10.0","( 8.8, 11.5)","83.8","(81.2, 86.1)","84.1","(81.5, 86.3)","6.2","( 5.3,  7.2)","4.9","( 4.2,  5.6)","73.5","(68.4, 78.0)","70.8","(65.4, 75.6)","82.3","(79.3, 85.1)","78.9","(75.4, 82.3)","64.4","(60.8, 67.8)","62.2","(58.5, 65.8)","6.2","( 5.0,  7.5)","5.1","( 4.2,  6.2)","43.2","(34.1, 52.6)","43.8","(35.1, 52.5)","32.8","(25.4, 40.5)","32.9","(25.8, 40.2)","15.4","(12.0, 19.2)","15.7","(12.4, 19.6)","70.5","(66.9, 73.9)","70.0","(66.4, 73.6)","21.1","(17.5, 25.0)","22","(18.2, 26.0)","9.2","( 7.7, 10.9)","7.4","( 6.2,  8.8)","13.6","(11.3, 16.2)","12.3","(10.3, 14.7)","35.0","(30.4, 39.5)","28.2","(24.1, 32.6)","3.1","( 2.8,  3.4)","2.6","( 2.3,  2.9)","19.9","(16.0, 24.3)","18.8","(15.2, 22.9)","72.3","(67.4, 76.7)","71.9","(66.8, 76.3)","13.5","(11.4, 15.6)","14.6","(12.4, 16.9)","35.8","(28.9, 42.9)","35.4","(28.5, 42.5)","10.5","( 8.8, 12.3)","9.5","( 8.1, 11.1)","30.4","(28.7, 32.1)","31.2","(29.3, 32.8)","3.1","( 2.7,  3.5)","2.5","( 2.2,  2.8)","8.9","( 5.6, 12.8)","9.5","( 5.9, 13.6)","6.8","( 5.9,  7.7)","5.7","( 5.0,  6.5)","3.7","( 3.1,  4.3)","3.3","( 2.9,  3.9)","10.6","( 8.9, 12.6)","11.2","( 9.3, 13.3)","11.2","( 9.2, 13.4)","9.3","( 7.7, 11.0)","3.2","( 2.7,  3.8)","2.8","( 2.4,  3.3)","6.2","( 5.2,  7.2)","6","( 5.1,  7.0)","23.1","(19.3, 27.2)","21.4","(18.0, 25.3)","POINT (-89.3304721 43.4718818)"
"WI","Wisconsin","Lafayette","55065","16,784","7.5","( 5.6,  9.7)","8.0","( 5.9, 10.5)","30.5","(26.0, 35.4)","24.7","(20.9, 28.9)","20.9","(17.3, 24.8)","24.1","(20.0, 28.5)","34.3","(29.9, 38.9)","28.3","(24.4, 32.4)","79.9","(76.4, 83.1)","58.0","(52.9, 63.1)","8.4","( 7.5,  9.3)","6.4","( 5.8,  7.1)","10.3","( 9.0, 11.7)","10.5","( 9.2, 12.0)","81.7","(78.8, 84.5)","82.4","(79.8, 85.0)","7.3","( 6.3,  8.4)","5.4","( 4.7,  6.2)","74.0","(68.8, 79.0)","70.7","(65.0, 76.1)","80.9","(77.5, 84.2)","77.0","(72.9, 80.8)","59.7","(56.1, 63.5)","57.1","(53.4, 61.0)","7.4","( 6.0,  8.8)","6.0","( 4.9,  7.1)","38.0","(29.4, 46.9)","39.0","(30.3, 47.5)","32.8","(25.4, 40.4)","33.8","(26.5, 41.0)","16.4","(13.1, 20.1)","17.2","(13.4, 21.2)","66.4","(62.4, 70.0)","65.6","(61.6, 69.3)","21.8","(17.9, 26.1)","23.1","(19.1, 27.5)","10.3","( 8.6, 12.1)","8.0","( 6.7,  9.4)","15.5","(12.9, 18.3)","13.8","(11.5, 16.4)","38.1","(33.3, 43.3)","30.2","(25.6, 35.0)","3.4","( 3.0,  3.8)","2.7","( 2.4,  3.0)","23.5","(18.9, 28.4)","21.9","(17.5, 26.7)","72.0","(66.9, 76.7)","71.2","(66.2, 75.9)","14.0","(11.9, 16.2)","15.4","(13.1, 17.8)","33.9","(26.4, 42.0)","33.9","(26.6, 42.1)","11.7","( 9.8, 13.5)","10.4","( 8.8, 12.0)","30.0","(28.3, 31.6)","31.1","(29.4, 32.8)","3.5","( 3.0,  4.0)","2.7","( 2.4,  3.1)","10.5","( 6.8, 15.2)","11.5","( 7.5, 16.3)","8","( 7.0,  9.1)","6.3","( 5.5,  7.1)","4.4","( 3.7,  5.2)","3.9","( 3.3,  4.6)","11.9","(10.0, 13.9)","12.6","(10.4, 14.8)","13.1","(10.8, 15.3)","10.4","( 8.6, 12.2)","3.8","( 3.2,  4.4)","3.3","( 2.8,  3.8)","7.2","( 6.1,  8.4)","6.8","( 5.8,  8.0)","26.2","(21.9, 30.6)","23.6","(19.7, 27.8)","POINT (-90.1302916 42.6555782)"
"AL","Alabama","Montgomery","01101","227,434","11.5","( 8.7, 14.6)","11.8","( 8.9, 14.9)","30.0","(26.7, 34.0)","27.7","(24.4, 31.5)","13.2","(10.9, 15.9)","13.9","(11.5, 16.8)","43.8","(40.0, 48.0)","41.6","(37.7, 45.9)","81.0","(78.3, 83.7)","67.9","(63.3, 72.5)","6.4","( 5.8,  7.2)","5.8","( 5.2,  6.4)","11.0","( 9.7, 12.6)","11.0","( 9.7, 12.6)","84.5","(82.5, 86.3)","85.1","(83.2, 86.8)","6.8","( 5.9,  7.8)","6.0","( 5.2,  6.9)","79.6","(75.8, 83.3)","78.7","(74.7, 82.5)","87.1","(84.5, 89.6)","86.5","(83.8, 89.1)","74.9","(72.7, 77.1)","73.0","(70.6, 75.4)","7.4","( 6.2,  9.0)","6.8","( 5.7,  8.1)","42.0","(35.3, 48.1)","42.5","(36.0, 48.5)","35.6","(29.8, 41.1)","35.7","(30.0, 40.8)","17.1","(13.8, 20.9)","17.6","(14.0, 21.6)","61.9","(58.6, 65.2)","61.6","(58.2, 65.0)","19","(16.0, 22.5)","19.3","(16.2, 22.9)","16.0","(13.9, 18.4)","14.5","(12.6, 16.8)","22.4","(19.2, 26.2)","21.6","(18.4, 25.3)","34.7","(31.1, 38.7)","30.9","(27.2, 35.0)","3.7","( 3.4,  4.1)","3.4","( 3.1,  3.7)","35.4","(30.4, 41.3)","34.8","(29.6, 40.4)","78.5","(75.5, 81.1)","78.2","(75.2, 80.9)","17.6","(15.4, 20.3)","18.1","(15.8, 20.8)","38.0","(32.4, 44.1)","38.2","(32.6, 44.3)","13.1","(11.3, 15.3)","12.6","(10.8, 14.6)","41.7","(40.1, 43.2)","42.4","(40.7, 43.9)","4.1","( 3.6,  4.6)","3.7","( 3.3,  4.2)","13.5","( 9.6, 17.7)","14.3","(10.4, 18.9)","6","( 5.2,  6.8)","5.5","( 4.8,  6.3)","6.6","( 5.7,  7.8)","6.4","( 5.4,  7.5)","14.9","(12.7, 17.5)","15.2","(12.8, 17.9)","18.7","(16.1, 21.6)","17.3","(14.9, 20.0)","5.1","( 4.4,  6.0)","4.9","( 4.2,  5.7)","10.1","( 8.5, 11.8)","9.9","( 8.4, 11.7)","33.7","(29.5, 38.6)","32.6","(28.3, 37.4)","POINT (-86.2044615 32.2028812)"
"MI","Michigan","Otsego","26137","25,289","6.8","( 5.1,  9.2)","7.3","( 5.4,  9.9)","32.2","(27.3, 37.2)","25.9","(21.5, 30.4)","15.7","(12.6, 19.3)","18.3","(14.9, 22.5)","36.6","(31.7, 41.5)","30.1","(25.7, 34.7)","80.7","(77.4, 83.7)","59.0","(53.5, 64.5)","8.6","( 7.7,  9.7)","6.5","( 5.8,  7.3)","10.8","( 9.4, 12.3)","11.0","( 9.6, 12.6)","83.0","(80.3, 85.6)","83.6","(81.1, 86.1)","7.7","( 6.6,  9.0)","5.6","( 4.9,  6.5)","77.3","(72.1, 82.2)","74.0","(68.3, 79.5)","86.6","(83.8, 89.2)","83.4","(79.8, 86.6)","77.0","(74.1, 79.7)","74.6","(71.1, 77.7)","8.7","( 7.0, 10.5)","7.0","( 5.7,  8.4)","48.2","(38.4, 57.9)","48.6","(39.1, 58.0)","39.9","(31.5, 48.5)","39.9","(31.7, 48.1)","17.4","(13.5, 21.4)","18.3","(14.0, 22.8)","68.4","(64.7, 71.8)","67.7","(63.7, 71.4)","24.3","(19.9, 29.2)","25.8","(21.3, 31.0)","11.2","( 9.3, 13.3)","8.6","( 7.1, 10.2)","16.6","(13.7, 19.7)","14.7","(12.2, 17.5)","39.6","(34.3, 45.2)","31.8","(26.9, 37.3)","3.5","( 3.1,  3.9)","2.8","( 2.5,  3.1)","23.4","(18.5, 28.5)","21.8","(17.2, 27.0)","71.4","(66.6, 75.9)","71.3","(66.0, 76.0)","15.5","(13.1, 18.0)","17.2","(14.5, 20.0)","34.8","(26.7, 43.6)","34.7","(26.5, 43.7)","12.3","(10.3, 14.4)","11.0","( 9.2, 12.9)","32.4","(30.6, 34.2)","33.6","(31.7, 35.6)","3.6","( 3.1,  4.2)","2.8","( 2.4,  3.2)","10.6","( 6.8, 15.1)","11.2","( 7.1, 16.1)","8.4","( 7.2,  9.6)","6.6","( 5.7,  7.5)","4.6","( 3.9,  5.5)","4.1","( 3.5,  4.9)","12.3","(10.1, 14.5)","13.1","(10.8, 15.5)","14.8","(12.2, 17.5)","11.8","( 9.7, 14.0)","3.9","( 3.2,  4.6)","3.3","( 2.8,  3.9)","7.9","( 6.6,  9.4)","7.6","( 6.3,  8.9)","29.6","(24.6, 34.4)","26.8","(22.0, 31.3)","POINT (-84.5766031 45.0217871)"
"WI","Wisconsin","Washington","55131","137,175","5.5","( 4.1,  7.3)","5.9","( 4.4,  7.9)","29.0","(25.1, 33.5)","23.7","(20.2, 27.5)","22.3","(18.7, 26.1)","25.3","(21.3, 29.5)","30.9","(27.0, 35.2)","25.7","(22.3, 29.5)","78.7","(75.0, 82.0)","56.6","(51.5, 61.5)","8.2","( 7.4,  9.1)","6.4","( 5.8,  7.2)","10.0","( 8.7, 11.3)","10.1","( 8.8, 11.4)","84.7","(82.1, 87.3)","84.9","(82.4, 87.4)","5.9","( 5.1,  6.9)","4.5","( 3.9,  5.3)","73.9","(69.0, 78.3)","70.8","(65.4, 75.5)","83.6","(80.6, 86.2)","79.9","(76.3, 83.2)","63.3","(59.7, 66.7)","61.5","(57.8, 65.0)","5.6","( 4.5,  7.1)","4.6","( 3.7,  5.7)","42.4","(34.2, 51.0)","42.9","(34.6, 51.2)","36.7","(29.4, 44.3)","36.9","(29.7, 44.2)","13.2","(10.0, 16.5)","13.5","(10.1, 16.9)","73.0","(69.6, 76.5)","72.3","(68.7, 75.9)","20.4","(16.9, 24.5)","21.5","(17.8, 25.7)","8.5","( 7.2, 10.2)","6.7","( 5.6,  8.0)","12","( 9.8, 14.7)","10.7","( 8.8, 13.0)","37.4","(32.8, 42.0)","30.0","(25.8, 34.5)","3.0","( 2.7,  3.4)","2.4","( 2.2,  2.7)","18.9","(14.9, 23.3)","17.6","(13.9, 21.6)","76.3","(71.8, 80.4)","76.1","(71.4, 80.2)","12.6","(10.7, 14.7)","13.8","(11.6, 16.0)","33.8","(27.4, 41.0)","33.3","(27.0, 40.6)","9.6","( 8.1, 11.4)","8.6","( 7.2, 10.1)","30.4","(28.6, 32.1)","31.2","(29.2, 32.9)","2.9","( 2.5,  3.3)","2.3","( 2.0,  2.6)","7.5","( 4.5, 11.2)","8.0","( 4.8, 12.0)","6.5","( 5.6,  7.5)","5.3","( 4.6,  6.1)","3.2","( 2.7,  3.9)","2.9","( 2.4,  3.4)","9.4","( 7.7, 11.3)","10","( 8.1, 11.8)","10.3","( 8.4, 12.6)","8.3","( 6.8, 10.1)","2.8","( 2.4,  3.4)","2.4","( 2.0,  2.9)","5.4","( 4.5,  6.6)","5.2","( 4.3,  6.2)","21.6","(18.1, 25.7)","19.8","(16.5, 23.6)","POINT (-88.2329166 43.391156)"
"WI","Wisconsin","Douglas","55031","44,203","6.3","( 4.8,  8.3)","6.7","( 5.1,  8.8)","29.9","(25.7, 34.5)","25.2","(21.4, 29.3)","23.4","(19.6, 27.6)","26.1","(21.9, 30.7)","32.5","(28.3, 37.0)","27.8","(24.0, 32.0)","78.9","(75.1, 82.1)","57.9","(52.6, 63.2)","8.1","( 7.3,  8.9)","6.5","( 5.9,  7.2)","10.4","( 9.1, 11.9)","10.5","( 9.2, 12.0)","83.0","(80.4, 85.4)","83.6","(81.1, 85.8)","6.6","( 5.6,  7.6)","5.2","( 4.5,  5.9)","74.7","(69.6, 79.3)","72.1","(66.7, 77.1)","81.8","(78.6, 84.6)","78.8","(75.1, 82.1)","64.2","(60.4, 67.5)","61.2","(57.3, 64.8)","6.5","( 5.3,  8.0)","5.5","( 4.5,  6.6)","38.9","(30.6, 47.7)","39.4","(31.0, 47.6)","33.2","(26.2, 40.7)","33.3","(26.3, 40.5)","15.1","(11.7, 19.0)","15.7","(12.1, 19.8)","66.5","(62.8, 70.0)","65.9","(61.9, 69.6)","22.2","(18.4, 26.7)","23.1","(19.1, 27.7)","9.7","( 8.1, 11.4)","7.8","( 6.6,  9.3)","13.8","(11.5, 16.8)","12.6","(10.5, 15.2)","37.2","(32.4, 42.1)","30.2","(25.6, 35.0)","3.2","( 2.9,  3.6)","2.7","( 2.4,  3.0)","21.3","(17.1, 26.3)","20.2","(16.1, 25.0)","71.8","(66.9, 76.1)","71.5","(66.4, 76.0)","13.8","(11.7, 16.0)","14.8","(12.6, 17.3)","35.8","(28.5, 43.7)","35.7","(28.5, 43.5)","10.8","( 9.2, 12.8)","9.9","( 8.4, 11.7)","30.2","(28.4, 31.9)","31.1","(29.3, 32.9)","3.2","( 2.8,  3.7)","2.6","( 2.3,  3.0)","9.7","( 6.4, 13.8)","10.2","( 6.7, 14.7)","7.1","( 6.2,  8.2)","6","( 5.2,  6.8)","3.9","( 3.3,  4.6)","3.6","( 3.0,  4.2)","11","( 9.2, 13.3)","11.6","( 9.6, 13.9)","11.6","( 9.6, 13.9)","9.7","( 8.1, 11.6)","3.4","( 2.9,  4.1)","3","( 2.6,  3.6)","6.5","( 5.5,  7.8)","6.3","( 5.3,  7.5)","23.6","(20.0, 27.9)","21.9","(18.3, 25.9)","POINT (-91.8924773 46.4632185)"
"AL","Alabama","Colbert","01033","57,474","11.0","( 8.5, 13.9)","11.5","( 8.8, 14.7)","34.2","(29.4, 39.2)","28.7","(24.4, 33.2)","13.9","(11.1, 17.0)","15.8","(12.7, 19.3)","42.2","(37.5, 47.3)","36.6","(32.1, 41.4)","81.8","(78.8, 84.5)","63.9","(58.8, 68.9)","8.0","( 7.2,  8.9)","6.3","( 5.7,  7.0)","10.3","( 9.0, 11.7)","10.4","( 9.1, 11.9)","83.0","(80.8, 85.1)","83.5","(81.4, 85.7)","7.8","( 6.8,  9.0)","6.0","( 5.2,  6.9)","77.4","(72.5, 82.1)","74.9","(69.5, 80.0)","86.6","(83.9, 89.2)","84.0","(80.9, 87.1)","73.5","(70.5, 76.2)","71.3","(68.0, 74.2)","9.0","( 7.5, 10.9)","7.5","( 6.3,  9.0)","40.7","(32.8, 48.8)","41.1","(33.1, 49.2)","34.3","(27.9, 41.4)","34.3","(27.9, 41.3)","18.5","(14.8, 22.7)","19.3","(15.3, 23.7)","58.0","(54.6, 61.4)","57.5","(53.6, 60.9)","23.1","(19.0, 27.9)","24.2","(20.0, 29.0)","13.5","(11.4, 15.7)","10.9","( 9.2, 12.8)","20.5","(17.4, 23.9)","18.7","(15.8, 21.9)","39.6","(34.7, 44.9)","33.0","(28.1, 38.2)","3.6","( 3.3,  4.0)","2.9","( 2.6,  3.3)","33.0","(27.4, 39.4)","31.3","(25.8, 37.3)","72.2","(68.1, 76.0)","72.4","(68.2, 76.4)","17.6","(15.2, 20.4)","19.1","(16.5, 22.0)","39.4","(31.4, 48.1)","39.3","(31.3, 48.0)","13.9","(11.9, 16.3)","12.6","(10.8, 14.8)","36.1","(34.7, 37.5)","37.2","(35.8, 38.6)","3.9","( 3.5,  4.4)","3.1","( 2.8,  3.5)","13.5","( 9.7, 17.9)","14.3","(10.2, 18.9)","7.8","( 6.9,  8.9)","6.4","( 5.6,  7.2)","5.5","( 4.8,  6.4)","5","( 4.3,  5.8)","14.9","(12.7, 17.5)","15.6","(13.2, 18.3)","19.2","(16.6, 22.5)","15.9","(13.6, 18.6)","4.5","( 3.9,  5.2)","3.9","( 3.4,  4.6)","9.3","( 8.0, 10.8)","8.9","( 7.6, 10.4)","35.8","(31.1, 41.3)","33.2","(28.6, 38.6)","POINT (-87.8014569 34.703112)"
"MI","Michigan","Houghton","26061","37,313","7.2","( 5.2, 10.1)","7.4","( 5.4,  9.9)","27.0","(23.4, 30.8)","26.5","(22.8, 30.5)","18.3","(15.1, 21.9)","18.9","(15.6, 22.6)","31.7","(27.9, 35.6)","31.2","(27.3, 35.3)","77.8","(74.9, 80.5)","60.1","(55.2, 64.9)","7.1","( 6.4,  7.9)","6.5","( 5.8,  7.3)","10.7","( 9.4, 12.1)","10.7","( 9.5, 12.2)","80.2","(76.9, 83.6)","82.9","(80.1, 85.5)","6.6","( 5.6,  7.5)","5.9","( 5.1,  6.8)","73.3","(68.1, 77.9)","72.5","(67.1, 77.3)","79.9","(75.7, 83.6)","81.9","(78.3, 85.0)","75.8","(72.8, 78.7)","72.7","(69.3, 76.1)","7.4","( 5.9,  8.9)","7.1","( 5.8,  8.6)","43.6","(35.0, 52.7)","44.0","(35.4, 53.0)","38.1","(30.6, 45.5)","38.6","(31.2, 46.2)","15.9","(12.3, 20.0)","18.6","(14.4, 23.5)","66.0","(61.2, 70.2)","64.7","(60.7, 68.6)","24.4","(20.4, 28.7)","24.8","(20.8, 29.2)","9.6","( 8.2, 11.3)","9.2","( 7.8, 10.8)","15.4","(12.5, 18.3)","15.4","(12.7, 18.4)","35.1","(30.7, 39.5)","31.5","(27.0, 36.0)","3.0","( 2.7,  3.4)","2.8","( 2.5,  3.1)","22.8","(18.2, 28.0)","23.1","(18.6, 28.3)","70.1","(65.2, 74.6)","70.0","(65.0, 74.8)","17.2","(14.4, 20.0)","17.2","(14.8, 19.8)","32.6","(26.1, 39.9)","35.4","(28.5, 43.0)","11.2","( 9.4, 13.0)","11.3","( 9.5, 13.3)","30.8","(28.8, 32.8)","32.8","(30.8, 34.8)","3.1","( 2.7,  3.5)","2.9","( 2.5,  3.3)","10.7","( 6.8, 15.9)","11.4","( 7.2, 17.2)","7.4","( 6.5,  8.4)","6.8","( 6.0,  7.7)","4.5","( 3.8,  5.3)","4.4","( 3.7,  5.2)","13.3","(10.8, 16.2)","13","(10.8, 15.6)","12.7","(10.5, 14.9)","12.2","(10.1, 14.4)","3.5","( 2.9,  4.1)","3.5","( 3.0,  4.2)","7.9","( 6.6,  9.4)","7.8","( 6.5,  9.3)","28.9","(24.1, 33.7)","27.5","(23.3, 32.1)","POINT (-88.6519034 46.998427)"
"MI","Michigan","Alpena","26007","28,893","7.7","( 5.7, 10.0)","8.3","( 6.2, 10.8)","34.6","(30.1, 39.6)","26.7","(22.8, 31.0)","15.2","(12.5, 18.4)","18.5","(15.3, 22.3)","39.4","(35.0, 44.4)","31.4","(27.4, 35.8)","82.1","(79.2, 84.8)","59.9","(54.9, 64.8)","9.2","( 8.3, 10.3)","6.5","( 5.9,  7.3)","11.2","( 9.9, 12.7)","11.5","(10.1, 13.1)","82.1","(79.2, 84.9)","82.6","(79.9, 85.2)","8.9","( 7.7, 10.3)","6.2","( 5.3,  7.0)","77.5","(73.0, 82.0)","73.4","(68.3, 78.5)","86.2","(83.6, 88.6)","82.0","(78.6, 85.1)","77.4","(74.7, 79.9)","74.2","(71.0, 77.2)","10.3","( 8.6, 12.4)","8.0","( 6.6,  9.5)","47.7","(38.5, 56.6)","48.1","(39.3, 56.6)","36.3","(29.1, 43.6)","36.8","(29.8, 44.0)","19.6","(15.8, 23.8)","20.9","(16.7, 25.4)","65.4","(61.6, 69.2)","64.4","(60.3, 68.2)","24.3","(20.3, 28.9)","26.2","(21.9, 30.9)","13.0","(11.1, 15.3)","9.6","( 8.1, 11.3)","19.1","(15.9, 22.4)","16.6","(14.0, 19.7)","40.0","(35.3, 45.2)","31.2","(26.7, 36.1)","3.9","( 3.5,  4.4)","2.9","( 2.6,  3.3)","26.0","(21.1, 31.6)","23.8","(19.3, 29.0)","70.5","(65.6, 75.1)","70.3","(65.2, 75.2)","16.4","(14.2, 18.8)","18.6","(16.1, 21.2)","40.6","(33.0, 49.2)","40.6","(32.8, 48.9)","13.9","(11.8, 16.2)","12.2","(10.4, 14.1)","33.2","(31.6, 34.8)","34.8","(33.1, 36.5)","4.2","( 3.7,  4.8)","3.0","( 2.7,  3.4)","11.6","( 7.6, 16.0)","12.4","( 8.2, 17.1)","9.5","( 8.4, 10.8)","7.1","( 6.2,  8.1)","5.6","( 4.8,  6.6)","4.8","( 4.2,  5.7)","13.5","(11.4, 15.9)","14.5","(12.2, 17.2)","17.7","(15.0, 20.8)","13.4","(11.4, 15.7)","4.7","( 3.9,  5.5)","3.9","( 3.3,  4.5)","9.2","( 7.8, 10.9)","8.7","( 7.3, 10.3)","33.5","(29.0, 38.6)","29.7","(25.4, 34.3)","POINT (-83.4265739 44.894954)"
"MI","Michigan","Mecosta","26107","40,031","7.8","( 5.9, 10.5)","8.3","( 6.3, 10.8)","29.2","(25.1, 33.3)","27.1","(23.1, 31.5)","16.2","(13.2, 19.5)","17.4","(14.1, 21.0)","34.3","(29.9, 38.4)","32.2","(27.9, 36.6)","79.1","(75.9, 81.7)","60.8","(55.5, 66.0)","7.5","( 6.7,  8.3)","6.6","( 5.9,  7.3)","11.3","( 9.9, 12.9)","11.3","( 9.9, 12.9)","80.2","(77.2, 83.2)","82.7","(80.1, 85.2)","7.2","( 6.2,  8.3)","6.1","( 5.3,  7.0)","74.7","(69.5, 79.4)","73.1","(67.5, 78.1)","81.6","(78.0, 85.1)","82.1","(78.7, 85.4)","76.7","(73.8, 79.3)","73.9","(70.7, 76.9)","8.7","( 7.1, 10.3)","7.9","( 6.5,  9.3)","49.1","(39.4, 58.0)","49.5","(40.1, 58.3)","36.7","(28.9, 44.5)","36.4","(28.7, 43.9)","18.1","(14.3, 21.9)","20.5","(16.1, 25.0)","64.9","(61.0, 68.8)","63.8","(59.9, 67.5)","25.1","(20.8, 29.8)","25.6","(21.3, 30.4)","10.7","( 9.0, 12.4)","9.5","( 8.0, 11.1)","17.6","(14.9, 20.6)","17","(14.3, 20.0)","36.0","(31.5, 40.9)","31.2","(26.6, 36.2)","3.3","( 2.9,  3.6)","2.9","( 2.6,  3.2)","23.8","(19.0, 29.0)","23.6","(19.0, 28.7)","68.9","(64.0, 73.5)","68.7","(63.2, 73.8)","18.2","(15.6, 21.1)","18.4","(15.9, 21.3)","33.2","(25.9, 40.7)","35.1","(27.4, 42.9)","12.7","(10.8, 14.7)","12.4","(10.5, 14.3)","34.2","(32.4, 35.9)","36.0","(34.2, 37.8)","3.4","( 3.0,  3.9)","3.1","( 2.7,  3.5)","11.7","( 7.6, 16.4)","12.3","( 8.0, 17.2)","7.9","( 6.9,  9.0)","7.1","( 6.2,  8.0)","5.2","( 4.4,  6.0)","4.9","( 4.2,  5.7)","14.4","(12.0, 17.2)","14.4","(12.0, 17.0)","14.8","(12.5, 17.3)","13.6","(11.4, 15.9)","4.1","( 3.4,  4.7)","3.9","( 3.4,  4.6)","8.8","( 7.5, 10.4)","8.6","( 7.3, 10.1)","31.6","(26.5, 36.5)","29.8","(24.9, 34.5)","POINT (-85.3327509 43.6352949)"
"WI","Wisconsin","Pierce","55093","42,587","5.9","( 4.3,  7.9)","6.2","( 4.6,  8.2)","25.8","(22.1, 29.8)","24.4","(20.6, 28.4)","24.0","(20.0, 28.1)","25.1","(20.9, 29.3)","29.0","(25.2, 33.0)","27.6","(23.7, 31.7)","76.2","(72.5, 79.5)","57.0","(52.0, 62.1)","7.0","( 6.2,  7.7)","6.5","( 5.8,  7.2)","10.5","( 9.1, 11.8)","10.4","( 9.1, 11.7)","82.4","(79.5, 85.3)","84.4","(81.9, 86.7)","5.4","( 4.6,  6.2)","4.9","( 4.3,  5.7)","72.2","(66.7, 77.2)","71.1","(65.4, 76.2)","79.0","(75.2, 82.3)","79.1","(75.4, 82.3)","64.2","(60.9, 67.5)","62.2","(58.7, 65.8)","5.5","( 4.5,  6.6)","5.1","( 4.2,  6.2)","40.4","(32.0, 49.6)","40.9","(33.0, 49.8)","39.1","(31.5, 47.5)","39.1","(31.9, 46.9)","13.7","(10.7, 17.1)","14.8","(11.6, 18.6)","73.0","(69.6, 76.3)","72.1","(68.7, 75.4)","23","(18.8, 27.4)","23","(18.9, 27.4)","8.2","( 6.8,  9.6)","7.5","( 6.3,  8.9)","12","( 9.9, 14.3)","11.7","( 9.6, 14.0)","33.9","(29.8, 38.2)","29.5","(25.1, 34.0)","2.7","( 2.4,  3.0)","2.6","( 2.3,  2.8)","18.5","(14.7, 22.8)","18.4","(14.8, 22.9)","75.0","(70.4, 79.0)","74.5","(69.6, 78.6)","14.5","(12.2, 16.9)","14.5","(12.3, 16.8)","33.5","(26.4, 41.0)","34.6","(27.4, 42.2)","9.5","( 8.0, 11.1)","9.3","( 7.8, 10.9)","29.2","(27.5, 31.0)","30.2","(28.4, 32.0)","2.6","( 2.3,  3.0)","2.5","( 2.2,  2.8)","8.3","( 5.3, 12.3)","8.8","( 5.5, 12.9)","6","( 5.3,  6.9)","5.8","( 5.0,  6.6)","3.3","( 2.8,  3.9)","3.2","( 2.8,  3.8)","11.1","( 9.0, 13.3)","11","( 9.1, 13.1)","9.7","( 8.0, 11.5)","9.1","( 7.5, 10.9)","2.8","( 2.4,  3.3)","2.7","( 2.3,  3.2)","5.9","( 4.9,  7.1)","5.8","( 4.9,  6.9)","22.1","(18.2, 26.2)","21.4","(17.6, 25.5)","POINT (-92.4262793 44.7253365)"
"AL","Alabama","Greene","01063","7,629","16.8","(13.1, 21.0)","17.7","(13.8, 22.3)","39.9","(35.2, 44.8)","31.9","(27.6, 36.4)","9.1","( 7.2, 11.3)","11.1","( 8.8, 13.7)","58.3","(53.9, 62.9)","50.7","(45.9, 55.5)","86.4","(84.2, 88.5)","72.1","(67.2, 76.5)","7.8","( 7.0,  8.6)","5.5","( 5.0,  6.1)","12.5","(10.9, 14.2)","12.9","(11.3, 14.6)","81.4","(78.9, 83.8)","82.2","(79.7, 84.5)","11.5","(10.2, 13.0)","8.0","( 7.1,  9.1)","82.9","(78.7, 86.6)","79.9","(75.1, 84.1)","86.3","(83.5, 88.8)","82.7","(79.2, 85.9)","73.3","(70.8, 75.8)","69.7","(66.9, 72.6)","13.2","(11.2, 15.6)","10.4","( 8.7, 12.2)","29.7","(23.7, 36.1)","30.3","(24.4, 36.8)","28.4","(22.9, 34.3)","28.7","(23.3, 34.5)","24.8","(20.4, 29.1)","26.7","(22.0, 31.7)","45.1","(41.6, 48.4)","44.0","(40.4, 47.6)","19.1","(15.7, 23.1)","20.5","(16.9, 24.6)","26.1","(23.0, 29.4)","20.3","(17.8, 23.1)","35.6","(31.2, 39.9)","32.3","(28.1, 36.9)","42.0","(36.9, 47.1)","33.3","(28.4, 38.3)","5.8","( 5.2,  6.5)","4.4","( 3.9,  4.8)","48.2","(41.8, 54.3)","45.7","(39.2, 52.0)","75.6","(72.1, 79.2)","75.8","(72.2, 79.4)","19.6","(17.1, 22.3)","22.0","(19.0, 24.9)","51.4","(42.7, 60.1)","52.0","(43.2, 60.7)","19.9","(17.3, 22.8)","17.8","(15.4, 20.3)","46.4","(44.7, 47.9)","48.4","(46.5, 50.0)","7.4","( 6.6,  8.3)","5.4","( 4.8,  6.0)","23.8","(18.3, 29.5)","25.6","(19.6, 31.4)","8.8","( 7.8, 10.0)","6.5","( 5.8,  7.4)","13.2","(11.3, 15.1)","11.7","(10.0, 13.4)","20.6","(17.7, 23.8)","22","(18.8, 25.3)","32.3","(28.7, 36.3)","26","(22.7, 29.4)","10.5","( 9.1, 12.1)","9","( 7.8, 10.2)","16.9","(14.6, 19.3)","16.1","(13.8, 18.4)","47.6","(42.4, 53.1)","43.5","(38.2, 49.0)","POINT (-87.9642005 32.8444965)"
"WI","Wisconsin","Sheboygan","55117","117,747","6.8","( 5.2,  8.7)","7.2","( 5.5,  9.3)","27.4","(23.6, 31.4)","22.8","(19.4, 26.3)","21.2","(17.6, 25.0)","23.5","(19.7, 27.7)","31.6","(27.7, 35.8)","27.0","(23.5, 30.8)","79.0","(75.4, 82.2)","58.1","(53.1, 63.0)","8.0","( 7.2,  8.9)","6.4","( 5.8,  7.1)","9.8","( 8.6, 11.2)","9.9","( 8.6, 11.3)","83.1","(80.5, 85.5)","83.6","(81.4, 85.8)","6.2","( 5.3,  7.1)","4.8","( 4.2,  5.5)","75.6","(70.9, 80.0)","73.1","(68.1, 77.8)","82.6","(79.7, 85.3)","79.7","(76.4, 82.9)","64.7","(61.4, 68.0)","62.4","(58.9, 65.7)","6.1","( 4.9,  7.4)","5.1","( 4.1,  6.1)","39.0","(31.1, 47.5)","39.5","(32.0, 47.9)","36.2","(28.8, 44.1)","36.4","(29.3, 44.2)","14.3","(11.2, 17.4)","14.8","(11.6, 18.0)","70.1","(67.0, 73.1)","69.4","(66.2, 72.5)","20.2","(16.7, 24.0)","20.9","(17.3, 24.8)","9.3","( 7.8, 11.0)","7.6","( 6.4,  9.0)","13.5","(11.2, 15.9)","12.3","(10.3, 14.5)","35.3","(31.0, 39.8)","28.8","(24.7, 33.0)","3.1","( 2.8,  3.4)","2.6","( 2.3,  2.9)","20.2","(16.2, 24.5)","19.2","(15.3, 23.3)","73.9","(69.5, 77.9)","73.6","(69.2, 77.7)","12.9","(10.9, 14.9)","13.8","(11.7, 16.0)","32.4","(26.3, 38.9)","32.3","(26.1, 38.7)","10.1","( 8.5, 11.7)","9.1","( 7.7, 10.6)","27.9","(26.3, 29.2)","28.8","(27.3, 30.2)","3.1","( 2.6,  3.5)","2.5","( 2.2,  2.8)","8.4","( 5.4, 12.2)","9.0","( 5.8, 13.0)","6.9","( 6.0,  7.9)","5.8","( 5.0,  6.5)","3.8","( 3.2,  4.4)","3.5","( 3.0,  4.0)","10.4","( 8.7, 12.3)","10.9","( 9.1, 12.7)","11.2","( 9.3, 13.2)","9.2","( 7.6, 10.9)","3.2","( 2.7,  3.8)","2.8","( 2.4,  3.3)","6.1","( 5.2,  7.1)","5.9","( 5.0,  6.8)","23.8","(20.3, 27.3)","21.9","(18.6, 25.4)","POINT (-87.7315164 43.741232)"
"MI","Michigan","Gladwin","26051","25,485","8.3","( 6.2, 10.7)","9.2","( 6.9, 11.9)","37.0","(32.2, 42.1)","27.3","(23.2, 31.6)","14.4","(11.7, 17.7)","18.5","(15.0, 22.4)","42.7","(37.8, 47.5)","32.6","(28.5, 37.1)","83.1","(79.9, 85.9)","59.8","(54.6, 65.1)","9.7","( 8.7, 10.9)","6.5","( 5.8,  7.2)","11.0","( 9.7, 12.5)","11.4","(10.0, 12.9)","80.8","(77.9, 83.8)","81.4","(78.6, 84.2)","9.9","( 8.6, 11.3)","6.4","( 5.6,  7.3)","77.4","(72.6, 81.8)","72.2","(66.5, 77.4)","86.8","(84.1, 89.2)","81.3","(77.6, 84.7)","75.9","(73.0, 78.7)","72.5","(69.1, 75.8)","11.4","( 9.3, 13.6)","8.4","( 7.0, 10.0)","45.7","(36.2, 54.8)","45.9","(36.1, 55.2)","39.9","(31.6, 48.1)","39.7","(31.7, 47.7)","21.0","(16.7, 25.3)","22.6","(18.0, 27.6)","63.7","(59.8, 67.6)","62.5","(58.4, 66.6)","24.3","(20.1, 28.9)","26.7","(22.1, 31.5)","14.2","(11.9, 16.5)","9.8","( 8.3, 11.5)","21","(17.6, 24.7)","17.8","(14.9, 20.9)","42.4","(36.9, 47.8)","31.9","(27.0, 36.8)","4.2","( 3.7,  4.7)","2.9","( 2.6,  3.3)","28.2","(22.6, 33.9)","25.4","(20.4, 30.7)","68.5","(63.4, 73.5)","68.6","(63.4, 73.6)","16.3","(14.0, 18.7)","19.1","(16.3, 22.1)","38.4","(30.4, 46.7)","38.2","(30.3, 46.6)","15.0","(12.7, 17.4)","12.8","(10.9, 14.8)","33.5","(31.9, 35.1)","35.3","(33.5, 37.1)","4.6","( 4.0,  5.3)","3.1","( 2.7,  3.5)","13.2","( 8.9, 17.8)","13.9","( 9.2, 18.8)","10.4","( 9.1, 11.7)","7.3","( 6.4,  8.3)","6","( 5.1,  7.1)","5.1","( 4.3,  5.9)","13.9","(11.7, 16.2)","15.3","(12.9, 18.1)","19.3","(16.0, 22.4)","13.9","(11.6, 16.3)","5.1","( 4.3,  6.0)","4.1","( 3.4,  4.7)","9.8","( 8.2, 11.5)","9.1","( 7.7, 10.7)","35.4","(30.4, 40.4)","30.8","(26.1, 35.4)","POINT (-84.3898162 43.9897504)"
"MI","Michigan","Mason","26105","29,383","7.6","( 5.8,  9.8)","8.2","( 6.2, 10.6)","34.5","(29.7, 39.2)","26.4","(22.5, 30.5)","14.7","(11.9, 17.7)","18.0","(14.7, 21.6)","40.5","(35.7, 45.1)","32.1","(27.8, 36.3)","81.8","(78.6, 84.5)","59.5","(54.3, 64.4)","9.2","( 8.3, 10.3)","6.5","( 5.8,  7.2)","10.8","( 9.4, 12.2)","11.1","( 9.8, 12.6)","82.4","(79.5, 85.1)","82.8","(80.3, 85.3)","8.5","( 7.3,  9.8)","5.8","( 5.0,  6.6)","76.2","(71.4, 80.6)","71.9","(66.4, 76.8)","86.7","(84.1, 89.1)","82.6","(79.3, 85.6)","77.6","(74.8, 80.3)","74.1","(70.8, 77.0)","9.4","( 7.7, 11.3)","7.2","( 6.0,  8.5)","43.8","(34.3, 53.6)","44.4","(35.4, 54.0)","40.6","(32.4, 48.8)","40.9","(32.9, 49.0)","18.1","(14.2, 22.0)","19.3","(15.1, 23.5)","68.9","(65.4, 72.5)","68.0","(64.3, 71.7)","24.5","(20.3, 28.9)","26.3","(21.9, 31.1)","12.6","(10.6, 14.8)","9.3","( 7.8, 10.9)","18.2","(15.1, 21.4)","15.8","(13.2, 18.4)","40.8","(35.7, 45.9)","31.7","(27.0, 36.5)","3.8","( 3.4,  4.3)","2.8","( 2.5,  3.1)","26.1","(20.9, 31.3)","23.9","(19.1, 29.0)","71.9","(67.2, 76.5)","71.7","(66.6, 76.6)","15.5","(13.3, 17.7)","17.6","(15.2, 20.3)","37.4","(29.4, 45.2)","37.5","(29.6, 45.1)","13.1","(11.1, 15.2)","11.4","( 9.7, 13.2)","31.2","(29.4, 32.9)","32.7","(31.0, 34.6)","4.0","( 3.5,  4.6)","2.9","( 2.5,  3.3)","11.2","( 7.4, 15.9)","11.9","( 7.9, 17.1)","9.1","( 7.9, 10.3)","6.7","( 5.9,  7.6)","5.1","( 4.3,  6.0)","4.4","( 3.8,  5.1)","12.5","(10.6, 14.6)","13.5","(11.3, 16.0)","16.5","(13.7, 19.3)","12.4","(10.4, 14.4)","4.2","( 3.6,  5.0)","3.5","( 3.0,  4.1)","8.5","( 7.1,  9.9)","8","( 6.7,  9.3)","31.8","(26.9, 36.8)","28.1","(23.6, 32.8)","POINT (-86.4429369 43.9571957)"
"AL","Alabama","Choctaw","01023","12,533","13.2","(10.5, 16.4)","14.2","(11.2, 17.4)","37.7","(32.5, 42.4)","29.6","(25.1, 33.9)","11.3","( 8.8, 13.6)","13.8","(10.9, 16.6)","51.0","(45.9, 55.5)","42.5","(37.5, 47.0)","85.1","(82.3, 87.4)","67.5","(62.0, 71.9)","8.4","( 7.5,  9.3)","6.0","( 5.3,  6.6)","11.2","( 9.6, 12.6)","11.5","( 9.9, 13.0)","83.1","(81.1, 85.1)","83.6","(81.7, 85.6)","9.8","( 8.4, 11.0)","6.8","( 5.8,  7.6)","80.5","(75.7, 84.3)","76.9","(71.4, 81.3)","87.2","(84.3, 89.5)","83.4","(79.6, 86.3)","73.2","(70.7, 75.3)","70.2","(67.5, 72.7)","11.3","( 9.4, 13.1)","8.8","( 7.3, 10.2)","46.1","(39.1, 52.5)","46.1","(39.1, 52.6)","32.1","(26.8, 37.3)","32.0","(26.7, 37.2)","20.9","(17.0, 24.7)","22.3","(18.2, 26.4)","55.0","(51.9, 58.0)","54.0","(50.8, 57.2)","21.5","(17.4, 25.5)","23.3","(18.9, 27.5)","19.3","(16.3, 21.8)","14.4","(12.2, 16.4)","27.3","(23.5, 31.0)","24.1","(20.6, 27.5)","42.4","(36.9, 47.6)","33.5","(28.3, 38.5)","4.7","( 4.2,  5.1)","3.5","( 3.1,  3.8)","39.9","(33.8, 45.1)","37.1","(31.1, 42.5)","74.4","(71.3, 77.5)","74.6","(71.4, 77.8)","18.2","(15.6, 20.6)","20.5","(17.6, 23.2)","44.7","(35.9, 52.7)","44.7","(35.9, 52.7)","16.7","(14.2, 18.9)","14.6","(12.4, 16.6)","41.5","(40.1, 42.7)","43.1","(41.7, 44.5)","5.5","( 4.9,  6.2)","4.0","( 3.6,  4.5)","17.1","(13.3, 21.3)","18.1","(13.9, 22.7)","8.9","( 7.7,  9.9)","6.6","( 5.7,  7.4)","8.4","( 7.2,  9.5)","7.2","( 6.2,  8.2)","17.4","(14.8, 19.9)","18.6","(15.9, 21.4)","25.3","(21.9, 28.6)","19.6","(16.8, 22.2)","6.8","( 5.9,  7.7)","5.6","( 4.9,  6.3)","12.4","(10.6, 14.1)","11.6","( 9.9, 13.3)","41.1","(35.7, 46.1)","36.9","(31.8, 41.6)","POINT (-88.2488894 31.9909539)"
"WI","Wisconsin","Waushara","55137","24,828","8.0","( 6.2, 10.2)","8.9","( 6.9, 11.4)","34.0","(29.3, 38.7)","25.4","(21.6, 29.4)","19.8","(16.4, 23.5)","24.4","(20.4, 28.7)","37.6","(33.0, 42.3)","29.2","(25.3, 33.2)","81.0","(77.7, 84.1)","57.7","(52.4, 62.7)","9.1","( 8.2, 10.1)","6.3","( 5.7,  6.9)","10.1","( 8.9, 11.6)","10.3","( 9.0, 11.8)","81.7","(78.8, 84.4)","82.3","(79.8, 84.8)","8.2","( 7.0,  9.4)","5.5","( 4.8,  6.3)","75.5","(70.6, 80.0)","70.7","(65.1, 75.8)","82.6","(79.5, 85.5)","76.5","(72.5, 80.3)","65.7","(62.4, 68.8)","62.2","(58.7, 65.9)","8.0","( 6.5,  9.7)","6.0","( 4.9,  7.1)","40.5","(31.6, 49.2)","41.1","(32.5, 49.4)","34.5","(27.0, 41.9)","34.5","(26.9, 41.9)","16.8","(13.3, 20.6)","17.7","(14.2, 21.8)","67.2","(63.4, 70.8)","66.1","(62.4, 69.6)","20.8","(17.0, 24.8)","22.3","(18.5, 26.7)","11.5","( 9.6, 13.5)","8.3","( 7.0,  9.7)","16.8","(13.9, 19.8)","14.4","(12.2, 16.9)","42.2","(37.1, 47.4)","31.9","(27.3, 36.9)","3.8","( 3.3,  4.2)","2.7","( 2.5,  3.0)","24.3","(19.3, 29.3)","22.2","(17.9, 26.7)","73.0","(68.4, 77.5)","73.1","(68.6, 77.6)","13.1","(11.3, 15.2)","15.1","(13.0, 17.3)","36.1","(28.8, 43.8)","36.0","(28.7, 44.1)","12.4","(10.4, 14.4)","10.6","( 9.0, 12.2)","29.6","(28.0, 31.1)","31.2","(29.6, 32.6)","3.9","( 3.4,  4.5)","2.8","( 2.5,  3.2)","11.3","( 7.5, 15.7)","12.0","( 7.9, 17.0)","8.7","( 7.5,  9.8)","6.4","( 5.6,  7.2)","4.7","( 4.0,  5.6)","4.1","( 3.5,  4.7)","11.6","( 9.8, 13.7)","12.6","(10.6, 14.8)","14.3","(11.8, 16.9)","10.5","( 8.8, 12.4)","4.1","( 3.5,  4.9)","3.4","( 2.9,  3.9)","7.3","( 6.2,  8.6)","6.8","( 5.8,  8.0)","27.1","(22.9, 31.5)","23.6","(20.0, 27.7)","POINT (-89.2397862 44.1128231)"
"WI","Wisconsin","Green Lake","55047","19,229","7.8","( 5.9, 10.1)","8.5","( 6.4, 11.0)","33.2","(28.4, 38.1)","25.8","(21.9, 30.1)","20.0","(16.5, 23.9)","24.0","(19.9, 28.4)","35.4","(30.8, 40.2)","28.1","(24.3, 32.4)","81.2","(77.9, 84.3)","58.3","(53.3, 63.5)","8.9","( 8.0,  9.8)","6.4","( 5.8,  7.1)","10.4","( 9.1, 11.9)","10.6","( 9.2, 12.1)","81.9","(78.8, 84.7)","82.5","(79.8, 85.1)","7.9","( 6.7,  9.2)","5.5","( 4.7,  6.4)","75.4","(70.5, 80.2)","71.2","(65.7, 76.6)","82.0","(78.8, 85.1)","77.0","(73.1, 80.7)","63.7","(60.3, 67.4)","60.2","(56.6, 64.0)","8.0","( 6.4,  9.9)","6.2","( 5.0,  7.5)","38.9","(29.9, 48.2)","39.4","(30.5, 48.4)","33.0","(25.5, 40.8)","33.2","(25.6, 41.1)","16.5","(12.9, 20.6)","17.6","(13.6, 21.9)","66.8","(63.0, 70.8)","65.8","(61.9, 69.9)","21.9","(18.0, 26.2)","23.4","(19.4, 28.2)","11.5","( 9.6, 13.7)","8.6","( 7.1, 10.2)","16.6","(13.6, 20.1)","14.5","(11.8, 17.2)","40.4","(35.5, 45.7)","31.1","(26.7, 36.1)","3.7","( 3.3,  4.1)","2.8","( 2.5,  3.1)","24.0","(19.2, 29.3)","22.1","(17.7, 27.2)","72.8","(68.3, 77.1)","72.7","(68.1, 77.3)","14.0","(12.0, 16.2)","15.7","(13.4, 18.4)","36.9","(29.1, 45.6)","36.9","(29.1, 45.5)","12.2","(10.3, 14.5)","10.7","( 8.9, 12.6)","30.4","(28.8, 32.1)","31.9","(30.1, 33.5)","3.8","( 3.3,  4.4)","2.8","( 2.4,  3.2)","11.1","( 7.1, 15.7)","11.7","( 7.4, 16.6)","8.5","( 7.3,  9.8)","6.4","( 5.6,  7.4)","4.8","( 4.0,  5.8)","4.2","( 3.5,  4.9)","12.1","(10.0, 14.4)","12.9","(10.7, 15.5)","14.2","(11.7, 17.1)","10.8","( 8.9, 12.9)","4.2","( 3.5,  5.0)","3.5","( 2.9,  4.1)","7.6","( 6.2,  9.0)","7.1","( 5.9,  8.4)","27.6","(23.1, 32.6)","24.4","(20.4, 29.2)","POINT (-88.9703796 43.7802469)"
"MI","Michigan","Kent","26081","658,046","7.8","( 6.0, 10.0)","7.8","( 6.1, 10.1)","24.5","(21.6, 27.4)","23.3","(20.4, 26.0)","17.6","(15.0, 20.4)","18.1","(15.3, 20.9)","30.7","(27.6, 33.9)","29.5","(26.4, 32.6)","76.1","(72.8, 78.9)","59.3","(54.7, 63.6)","6.8","( 6.1,  7.6)","6.5","( 5.8,  7.1)","10.4","( 9.1, 11.7)","10.4","( 9.1, 11.7)","84.3","(82.0, 86.6)","84.9","(82.7, 87.0)","5.5","( 4.7,  6.4)","5.2","( 4.5,  5.9)","74.3","(70.4, 77.7)","73.7","(69.7, 77.3)","84.9","(82.2, 87.5)","84.6","(81.8, 87.3)","76.3","(73.5, 78.7)","74.8","(72.0, 77.4)","6.3","( 5.0,  7.5)","5.9","( 4.8,  7.0)","53.5","(45.3, 60.8)","54.3","(46.2, 61.2)","45.3","(37.9, 51.6)","45.5","(38.2, 51.7)","14.5","(11.3, 18.1)","14.7","(11.4, 18.2)","69.9","(66.6, 73.1)","69.9","(66.5, 73.2)","24.8","(21.5, 28.2)","24.9","(21.4, 28.3)","9.3","( 7.9, 10.8)","8.8","( 7.5, 10.1)","14.5","(12.2, 17.0)","14.2","(11.9, 16.6)","35.7","(32.3, 39.1)","32.5","(28.9, 36.0)","2.9","( 2.6,  3.2)","2.7","( 2.4,  3.0)","21.2","(17.7, 25.1)","21.0","(17.5, 24.8)","79.3","(76.0, 82.6)","79.0","(75.3, 82.3)","16.0","(13.8, 18.3)","16.1","(14.0, 18.4)","31.5","(27.0, 36.0)","31.6","(27.1, 36.0)","10.1","( 8.6, 11.7)","9.8","( 8.4, 11.4)","31.6","(30.3, 33.0)","32.0","(30.6, 33.4)","2.8","( 2.5,  3.2)","2.7","( 2.4,  3.0)","8.5","( 5.3, 12.7)","9.1","( 5.9, 13.4)","6.2","( 5.4,  7.1)","6","( 5.2,  6.8)","4.1","( 3.5,  4.8)","4","( 3.4,  4.7)","12","(10.0, 14.2)","12.1","(10.2, 14.3)","11.5","( 9.6, 13.4)","11","( 9.2, 12.7)","3.1","( 2.7,  3.7)","3.1","( 2.6,  3.6)","7","( 5.9,  8.2)","7","( 5.8,  8.2)","27.2","(23.5, 31.0)","26.7","(23.1, 30.3)","POINT (-85.547446 43.0324971)"
"AL","Alabama","Macon","01087","18,895","12.6","( 9.4, 16.4)","13.3","(10.0, 16.7)","33.4","(29.1, 38.0)","30.1","(25.9, 34.7)","10.9","( 8.8, 13.4)","12.1","( 9.7, 14.9)","49.5","(45.1, 54.1)","46.8","(42.1, 51.6)","83.1","(80.8, 85.4)","70.0","(65.2, 74.4)","6.8","( 6.1,  7.5)","5.6","( 5.0,  6.2)","12.1","(10.6, 13.9)","12.2","(10.6, 13.9)","82.4","(79.6, 85.1)","85.0","(82.8, 87.0)","8.0","( 7.0,  9.2)","6.4","( 5.6,  7.4)","82.1","(78.0, 85.8)","80.4","(76.0, 84.3)","85.7","(82.6, 88.5)","85.6","(82.6, 88.3)","75.9","(73.3, 78.3)","72.8","(69.7, 75.4)","8.7","( 7.3, 10.4)","7.7","( 6.4,  9.1)","35.1","(28.1, 42.0)","35.2","(28.6, 41.8)","33.3","(26.9, 39.5)","33.2","(26.9, 39.5)","17.6","(13.9, 21.7)","20.1","(15.9, 24.5)","53.1","(48.4, 57.4)","51.8","(47.8, 55.6)","19.6","(16.0, 23.7)","20.3","(16.6, 24.5)","19.0","(16.4, 21.7)","16.5","(14.3, 19.0)","26.1","(22.2, 30.2)","24.9","(21.1, 28.9)","36.9","(32.5, 41.5)","31.9","(27.3, 36.9)","4.5","( 4.1,  5.0)","3.8","( 3.5,  4.3)","38.4","(32.5, 45.0)","37.6","(31.6, 43.8)","76.8","(73.1, 80.1)","76.8","(73.2, 80.3)","18.9","(16.1, 21.8)","19.5","(16.8, 22.4)","45.8","(37.6, 54.5)","47.9","(39.5, 56.6)","14.6","(12.5, 17.1)","14.0","(12.0, 16.2)","44.0","(42.0, 45.8)","46.0","(44.2, 47.8)","5.3","( 4.7,  5.9)","4.4","( 3.9,  5.0)","18.4","(13.2, 24.5)","19.4","(14.0, 25.6)","6.3","( 5.5,  7.2)","5.3","( 4.7,  6.0)","8.5","( 7.2, 10.1)","7.9","( 6.7,  9.3)","17.4","(14.5, 21.0)","17.5","(14.6, 20.6)","23","(20.0, 26.4)","20.5","(17.6, 23.6)","6.5","( 5.6,  7.6)","6.1","( 5.3,  7.2)","12.3","(10.4, 14.5)","11.8","(10.0, 13.8)","39.6","(33.9, 45.5)","36.9","(31.5, 42.4)","POINT (-85.692887 32.3870267)"
"MI","Michigan","Bay","26017","102,985","8.0","( 6.2, 10.2)","8.5","( 6.5, 10.9)","34.4","(30.1, 38.7)","28.3","(24.6, 32.2)","15.6","(12.8, 18.5)","17.9","(14.8, 21.3)","38.3","(34.1, 42.5)","32.3","(28.4, 36.3)","80.2","(77.1, 83.0)","59.5","(54.7, 64.2)","8.4","( 7.6,  9.3)","6.4","( 5.9,  7.2)","11.2","( 9.8, 12.7)","11.4","(10.0, 12.9)","83.0","(80.4, 85.4)","83.6","(81.2, 85.9)","7.8","( 6.7,  8.9)","5.8","( 5.0,  6.7)","76.6","(72.1, 80.5)","73.6","(68.8, 77.9)","85.8","(83.1, 88.2)","82.8","(79.6, 85.8)","77.7","(74.9, 80.1)","75.2","(72.0, 78.2)","8.9","( 7.3, 10.7)","7.3","( 6.0,  8.7)","46.3","(37.7, 55.7)","46.6","(38.1, 56.0)","40.0","(32.7, 48.4)","40.4","(32.9, 48.7)","18.1","(14.4, 22.3)","18.9","(15.0, 23.3)","66.4","(62.9, 69.7)","65.7","(61.9, 69.1)","25.2","(21.3, 29.5)","26.4","(22.4, 31.1)","11.9","(10.1, 13.9)","9.4","( 8.0, 11.0)","17.6","(14.6, 20.8)","15.8","(13.3, 18.6)","37.9","(33.6, 42.5)","30.8","(26.6, 35.2)","3.6","( 3.2,  4.0)","2.8","( 2.6,  3.2)","24.7","(20.1, 29.6)","23.2","(18.9, 27.9)","72.8","(68.3, 77.1)","72.7","(68.1, 77.1)","16.5","(14.3, 19.0)","18.0","(15.5, 20.7)","38.8","(32.1, 45.8)","38.8","(32.0, 45.8)","13.0","(11.1, 15.1)","11.7","(10.0, 13.7)","32.7","(31.0, 34.2)","33.9","(32.1, 35.5)","3.7","( 3.2,  4.3)","2.9","( 2.5,  3.3)","11.1","( 7.2, 16.0)","11.8","( 7.7, 16.8)","8.3","( 7.3,  9.5)","6.7","( 5.9,  7.6)","5","( 4.2,  5.9)","4.5","( 3.8,  5.3)","13.2","(11.1, 15.7)","13.9","(11.7, 16.6)","16","(13.5, 18.7)","12.9","(11.0, 15.2)","4.1","( 3.5,  4.8)","3.6","( 3.0,  4.2)","8.6","( 7.2, 10.0)","8.2","( 6.9,  9.6)","33.1","(28.7, 37.6)","30.3","(26.3, 34.8)","POINT (-83.9787007 43.6997112)"
"WI","Wisconsin","Outagamie","55087","191,545","6.3","( 4.7,  8.2)","6.5","( 4.9,  8.5)","28.1","(24.4, 32.2)","25.1","(21.8, 28.8)","24.0","(20.4, 28.0)","25.5","(21.7, 29.6)","30.3","(26.6, 34.4)","27.5","(24.1, 31.4)","76.9","(73.4, 80.2)","57.6","(52.7, 62.4)","7.3","( 6.5,  8.1)","6.4","( 5.8,  7.2)","10.3","( 9.1, 11.6)","10.3","( 9.1, 11.7)","83.3","(80.7, 86.0)","83.6","(81.2, 86.1)","5.5","( 4.7,  6.4)","4.8","( 4.1,  5.6)","74.5","(69.9, 78.7)","73.0","(68.1, 77.4)","81.2","(78.0, 84.1)","79.4","(75.8, 82.6)","62.6","(59.2, 65.9)","61.0","(57.6, 64.4)","5.5","( 4.4,  6.7)","4.8","( 3.9,  5.8)","33.9","(26.5, 41.5)","34.5","(27.2, 41.8)","36.0","(28.6, 42.9)","36.1","(29.0, 43.1)","13.8","(10.8, 17.6)","14.0","(10.9, 17.9)","71.3","(67.8, 74.8)","71.0","(67.4, 74.6)","20.9","(17.5, 24.7)","21.3","(17.8, 25.3)","8.6","( 7.2, 10.3)","7.5","( 6.3,  9.0)","12.4","(10.3, 15.0)","11.7","( 9.7, 14.1)","36.0","(32.2, 40.3)","30.7","(26.9, 35.0)","2.8","( 2.5,  3.2)","2.5","( 2.3,  2.9)","19.1","(15.4, 23.5)","18.5","(15.0, 22.8)","74.0","(69.4, 78.0)","73.5","(68.8, 77.7)","13.5","(11.4, 15.8)","14.1","(12.0, 16.5)","32.3","(26.7, 38.6)","32.0","(26.4, 38.4)","9.6","( 8.0, 11.4)","9.0","( 7.5, 10.7)","29.4","(27.7, 30.9)","29.8","(28.2, 31.4)","2.7","( 2.4,  3.1)","2.4","( 2.1,  2.8)","8.1","( 5.1, 11.8)","8.7","( 5.5, 12.6)","6.2","( 5.3,  7.1)","5.6","( 4.9,  6.5)","3.4","( 2.8,  4.0)","3.2","( 2.7,  3.7)","10.1","( 8.2, 12.1)","10.4","( 8.5, 12.4)","10","( 8.2, 12.1)","8.9","( 7.4, 10.7)","2.9","( 2.4,  3.4)","2.6","( 2.2,  3.1)","5.7","( 4.8,  6.8)","5.6","( 4.7,  6.7)","21.6","(18.0, 25.5)","20.6","(17.3, 24.5)","POINT (-88.4649883 44.4182258)"
"WI","Wisconsin","Fond du Lac","55039","104,362","7.0","( 5.3,  9.1)","7.4","( 5.6,  9.7)","28.4","(24.5, 32.6)","23.9","(20.4, 27.5)","21.3","(17.9, 25.3)","23.8","(20.0, 28.1)","31.9","(27.8, 36.0)","27.3","(23.7, 31.1)","79.2","(75.7, 82.3)","58.4","(53.4, 63.2)","8.1","( 7.3,  9.0)","6.5","( 5.9,  7.3)","10.2","( 8.9, 11.6)","10.3","( 9.0, 11.8)","83.3","(80.7, 85.8)","83.8","(81.4, 86.2)","6.4","( 5.5,  7.3)","5.0","( 4.3,  5.7)","75.1","(70.4, 79.6)","72.5","(67.5, 77.4)","81.8","(78.7, 84.9)","78.9","(75.2, 82.5)","63.8","(60.3, 67.3)","61.3","(57.8, 65.1)","6.3","( 5.1,  7.6)","5.3","( 4.3,  6.4)","38.2","(30.1, 46.4)","38.7","(30.5, 46.6)","34.3","(27.4, 41.2)","34.7","(27.9, 41.6)","14.8","(11.5, 18.3)","15.4","(12.0, 19.0)","68.9","(65.6, 72.0)","68.3","(64.8, 71.6)","22.1","(18.5, 26.0)","22.9","(19.2, 27.0)","9.3","( 7.8, 11.0)","7.6","( 6.4,  9.0)","13.6","(11.1, 16.1)","12.4","(10.2, 14.7)","37.9","(33.4, 42.4)","31.0","(26.7, 35.5)","3.2","( 2.8,  3.5)","2.6","( 2.4,  2.9)","21.9","(17.6, 26.6)","20.8","(16.9, 25.2)","73.8","(69.1, 78.2)","73.6","(68.8, 78.1)","13.8","(11.8, 16.1)","14.9","(12.7, 17.2)","40.1","(33.3, 47.5)","40.1","(33.5, 47.6)","10.7","( 9.0, 12.6)","9.8","( 8.3, 11.5)","31.7","(30.0, 33.2)","32.7","(31.0, 34.2)","3.1","( 2.7,  3.6)","2.5","( 2.2,  2.9)","9.0","( 5.7, 12.9)","9.6","( 6.2, 13.8)","6.9","( 6.0,  7.9)","5.8","( 5.0,  6.6)","3.8","( 3.2,  4.5)","3.5","( 3.0,  4.1)","11","( 9.1, 12.9)","11.5","( 9.5, 13.5)","11.5","( 9.5, 13.6)","9.6","( 7.9, 11.3)","3.3","( 2.8,  3.9)","2.9","( 2.5,  3.4)","6.4","( 5.3,  7.5)","6.1","( 5.1,  7.2)","23.8","(19.9, 27.8)","21.9","(18.4, 25.7)","POINT (-88.493284 43.7547219)"
"MI","Michigan","Monroe","26115","155,274","7.2","( 5.4,  9.3)","7.7","( 5.7,  9.9)","28.9","(25.3, 32.6)","24.0","(20.8, 27.2)","16.9","(14.2, 20.0)","19.0","(16.0, 22.5)","37.2","(33.3, 41.1)","31.9","(28.3, 35.4)","80.5","(77.6, 83.4)","60.8","(56.0, 65.4)","8.1","( 7.3,  9.0)","6.5","( 5.9,  7.2)","10.6","( 9.3, 12.0)","10.8","( 9.4, 12.2)","83.2","(80.5, 85.6)","83.7","(81.2, 86.0)","6.9","( 6.0,  7.9)","5.4","( 4.7,  6.2)","75.1","(70.8, 79.3)","72.4","(67.8, 76.9)","86.3","(83.7, 88.7)","83.6","(80.6, 86.5)","74.7","(71.9, 77.6)","72.7","(69.8, 75.9)","8.2","( 6.7,  9.8)","6.9","( 5.7,  8.1)","44.9","(36.6, 53.2)","45.5","(37.5, 53.2)","42.8","(35.3, 50.1)","42.9","(35.7, 50.0)","17.2","(13.7, 20.8)","17.8","(14.1, 21.6)","69.3","(66.0, 72.4)","68.7","(65.2, 72.3)","23","(19.4, 26.8)","24","(20.3, 27.8)","10.8","( 9.2, 12.7)","8.7","( 7.4, 10.2)","16.3","(13.6, 19.3)","14.8","(12.5, 17.5)","35.2","(31.4, 39.3)","28.8","(25.2, 32.8)","3.3","( 2.9,  3.6)","2.7","( 2.4,  3.0)","28.5","(23.7, 33.1)","27.0","(22.3, 31.6)","71.2","(66.7, 75.9)","70.9","(66.2, 75.7)","16.0","(13.6, 18.3)","17.3","(14.7, 19.7)","41.0","(35.1, 47.1)","40.7","(34.7, 46.7)","12.3","(10.5, 14.1)","11.1","( 9.5, 12.8)","32.1","(30.6, 33.6)","33.0","(31.3, 34.7)","3.4","( 3.0,  4.0)","2.8","( 2.4,  3.2)","9.8","( 6.3, 14.3)","10.4","( 6.8, 14.9)","7.6","( 6.7,  8.6)","6.4","( 5.5,  7.2)","4.4","( 3.7,  5.1)","4","( 3.4,  4.6)","12.3","(10.3, 14.3)","12.9","(10.7, 15.2)","14.2","(11.9, 16.6)","11.7","(10.0, 13.7)","3.7","( 3.1,  4.3)","3.2","( 2.7,  3.7)","7.7","( 6.5,  9.0)","7.4","( 6.3,  8.7)","29.8","(25.8, 34.2)","27.7","(23.9, 31.8)","POINT (-83.4871059 41.916097)"
"WI","Wisconsin","Chippewa","55017","66,865","7.0","( 5.3,  9.0)","7.3","( 5.5,  9.5)","29.1","(25.2, 33.5)","24.4","(21.0, 28.4)","22.2","(18.7, 26.2)","24.7","(20.8, 29.0)","33.9","(29.8, 38.4)","29.2","(25.5, 33.3)","78.2","(74.7, 81.4)","57.8","(52.8, 62.7)","8.0","( 7.2,  8.9)","6.5","( 5.8,  7.2)","10.3","( 9.1, 11.7)","10.4","( 9.2, 11.9)","82.6","(79.8, 85.1)","82.9","(80.3, 85.4)","6.7","( 5.8,  7.8)","5.3","( 4.6,  6.2)","75.3","(70.6, 79.8)","72.8","(67.8, 77.7)","81.1","(77.9, 84.1)","77.8","(74.1, 81.3)","64.0","(60.5, 67.4)","61.5","(58.0, 65.2)","6.8","( 5.5,  8.3)","5.7","( 4.6,  6.9)","39.1","(30.7, 48.3)","39.5","(31.1, 48.1)","36.4","(28.9, 44.3)","36.6","(28.9, 44.4)","16.3","(12.7, 20.1)","16.6","(12.9, 20.6)","67.7","(64.3, 71.1)","67.2","(63.4, 70.9)","22.7","(19.0, 26.9)","23.6","(19.8, 27.9)","9.8","( 8.3, 11.7)","8.0","( 6.8,  9.6)","14.9","(12.2, 17.9)","13.6","(11.1, 16.3)","38.9","(34.4, 43.8)","31.9","(27.5, 36.6)","3.2","( 2.9,  3.6)","2.7","( 2.4,  3.0)","20.8","(16.6, 25.4)","19.7","(15.8, 23.9)","72.8","(68.3, 77.2)","72.6","(67.8, 76.9)","13.9","(12.0, 16.1)","14.9","(12.9, 17.3)","34.3","(27.9, 41.7)","34.0","(27.6, 41.3)","11.0","( 9.3, 13.0)","10.0","( 8.5, 11.8)","30.8","(29.2, 32.3)","31.5","(29.7, 33.1)","3.3","( 2.8,  3.7)","2.7","( 2.4,  3.0)","9.9","( 6.3, 14.0)","10.4","( 6.7, 14.7)","7.3","( 6.3,  8.3)","6.1","( 5.3,  7.0)","4.1","( 3.5,  4.9)","3.8","( 3.2,  4.5)","11.5","( 9.6, 13.6)","12.1","(10.0, 14.2)","12.2","(10.1, 14.7)","10.2","( 8.4, 12.2)","3.6","( 3.0,  4.3)","3.2","( 2.7,  3.7)","6.8","( 5.7,  8.1)","6.6","( 5.5,  7.8)","24.9","(21.0, 29.4)","23.2","(19.5, 27.5)","POINT (-91.2835054 45.0690918)"
"MI","Michigan","Leelanau","26089","22,623","5.2","( 3.8,  6.8)","5.8","( 4.3,  7.8)","33.5","(28.7, 38.6)","23.0","(19.2, 27.0)","14.1","(11.6, 17.1)","19.3","(15.9, 23.1)","38.1","(33.2, 43.0)","27.1","(23.1, 31.2)","83.8","(80.7, 86.4)","58.0","(53.0, 63.0)","10.6","( 9.5, 11.7)","6.5","( 5.8,  7.2)","9.7","( 8.5, 11.0)","10.2","( 8.9, 11.5)","85.4","(82.6, 87.9)","85.9","(83.6, 88.1)","8.1","( 6.8,  9.5)","4.8","( 4.1,  5.5)","79.2","(74.9, 83.2)","73.1","(67.8, 78.1)","90.6","(88.7, 92.4)","85.7","(82.7, 88.3)","81.8","(79.1, 84.0)","77.8","(74.4, 80.4)","7.4","( 5.8,  9.3)","5.2","( 4.1,  6.3)","50.0","(41.0, 59.3)","50.4","(41.4, 59.4)","44.7","(36.4, 53.0)","44.6","(36.7, 52.4)","12.1","( 8.9, 15.4)","13.6","( 9.9, 17.4)","75.6","(72.3, 79.0)","74.3","(70.7, 77.6)","20.5","(16.9, 24.5)","23","(18.9, 27.4)","11.1","( 9.2, 13.2)","7.3","( 6.0,  8.7)","13.7","(11.0, 16.8)","11.2","( 9.1, 13.6)","40.2","(35.1, 45.6)","29.3","(24.8, 34.0)","3.8","( 3.4,  4.2)","2.5","( 2.2,  2.7)","19.6","(15.0, 24.5)","17.2","(13.4, 21.3)","74.5","(69.6, 78.8)","74.7","(69.8, 79.2)","12.2","(10.3, 14.1)","14.8","(12.6, 17.2)","32.4","(24.8, 40.4)","32.7","(25.2, 40.9)","10.8","( 8.9, 12.8)","8.9","( 7.5, 10.5)","29.5","(27.6, 31.5)","31.9","(30.0, 33.9)","3.7","( 3.1,  4.3)","2.3","( 2.0,  2.7)","7.0","( 4.1, 10.7)","7.4","( 4.3, 11.4)","8.6","( 7.4, 10.0)","5.6","( 4.8,  6.4)","3.7","( 3.0,  4.6)","3.1","( 2.5,  3.6)","9.1","( 7.4, 10.9)","10.2","( 8.3, 12.3)","13.6","(11.0, 16.5)","9.2","( 7.4, 11.1)","3.1","( 2.5,  3.8)","2.4","( 2.0,  2.9)","6.2","( 5.0,  7.5)","5.7","( 4.6,  6.8)","27","(22.5, 31.9)","22.3","(18.3, 26.5)","POINT (-86.051574 45.1461816)"
"MI","Michigan","Dickinson","26043","25,787","6.4","( 4.9,  8.3)","6.9","( 5.3,  9.0)","33.5","(29.0, 37.9)","26.0","(22.2, 29.8)","15.9","(13.1, 19.0)","19.3","(15.9, 22.9)","37.6","(33.1, 41.9)","30.0","(26.2, 33.9)","81.2","(78.0, 84.0)","58.6","(53.7, 63.2)","9.2","( 8.3, 10.2)","6.6","( 5.9,  7.3)","10.5","( 9.2, 11.8)","10.8","( 9.5, 12.1)","83.9","(81.2, 86.4)","84.4","(82.0, 86.8)","7.9","( 6.8,  9.0)","5.5","( 4.7,  6.2)","77.4","(72.8, 81.4)","73.4","(68.3, 78.1)","87.5","(85.1, 89.8)","83.7","(80.6, 86.7)","77.8","(75.0, 80.3)","75.1","(71.9, 78.0)","8.4","( 6.9, 10.2)","6.6","( 5.4,  7.8)","52.4","(42.7, 61.4)","52.9","(43.4, 61.5)","38.6","(30.8, 46.4)","39.4","(31.4, 47.2)","16.0","(12.6, 19.8)","17.1","(13.3, 21.1)","70.8","(67.7, 74.1)","70.0","(66.5, 73.4)","23.5","(19.6, 27.5)","25.2","(21.2, 29.6)","11.1","( 9.4, 12.9)","8.3","( 7.0,  9.6)","15.8","(13.2, 18.6)","13.7","(11.5, 16.2)","38.3","(33.6, 43.0)","30.1","(25.7, 34.5)","3.6","( 3.2,  4.0)","2.7","( 2.4,  3.0)","22.5","(18.1, 27.2)","20.6","(16.5, 24.9)","71.4","(66.4, 75.8)","71.2","(66.2, 75.7)","14.9","(12.8, 17.1)","16.9","(14.4, 19.4)","35.2","(28.2, 42.7)","35.3","(28.3, 42.5)","11.9","(10.2, 13.9)","10.5","( 8.9, 12.1)","31.2","(29.4, 32.8)","32.6","(30.8, 34.4)","3.7","( 3.2,  4.2)","2.7","( 2.3,  3.0)","9.3","( 6.0, 13.6)","10.0","( 6.5, 14.4)","8.6","( 7.5,  9.7)","6.4","( 5.6,  7.2)","4.4","( 3.7,  5.2)","3.8","( 3.2,  4.4)","11.5","( 9.6, 13.4)","12.3","(10.2, 14.5)","14.7","(12.2, 17.2)","11.1","( 9.3, 12.9)","3.7","( 3.1,  4.3)","3","( 2.6,  3.5)","7.5","( 6.3,  8.8)","7","( 5.9,  8.2)","29.1","(24.6, 33.5)","25.6","(21.5, 29.8)","POINT (-87.8661386 46.0128332)"
"AL","Alabama","Lee","01081","177,218","9.9","( 7.6, 12.7)","10.1","( 7.9, 12.7)","25.6","(22.1, 28.9)","26.8","(23.1, 30.3)","15.2","(12.4, 18.0)","14.9","(12.1, 17.7)","34.4","(30.5, 38.0)","36.0","(31.9, 39.8)","78.1","(75.0, 80.6)","65.3","(60.3, 69.5)","5.9","( 5.3,  6.5)","6.2","( 5.6,  6.8)","10.3","( 9.0, 11.7)","10.2","( 8.9, 11.5)","81.9","(79.4, 84.4)","84.0","(81.9, 86.1)","5.6","( 4.9,  6.4)","5.9","( 5.2,  6.6)","74.9","(69.9, 79.0)","75.3","(70.4, 79.3)","83.1","(79.7, 86.0)","84.9","(82.0, 87.6)","73.5","(71.0, 76.0)","72.2","(69.6, 74.8)","6.6","( 5.5,  7.8)","6.7","( 5.6,  7.9)","41.5","(34.1, 49.4)","41.9","(34.8, 49.5)","43.6","(36.9, 50.4)","43.1","(36.7, 49.9)","14.8","(11.9, 18.1)","15.9","(12.7, 19.3)","66.8","(63.1, 70.2)","66.3","(63.0, 69.3)","22","(18.4, 25.5)","21.5","(18.0, 24.9)","10.9","( 9.4, 12.5)","11.3","( 9.7, 12.9)","16.9","(14.3, 19.7)","17.4","(14.8, 20.3)","32.3","(28.2, 36.0)","30.9","(26.6, 34.9)","2.8","( 2.6,  3.1)","3.0","( 2.7,  3.2)","29.1","(24.5, 33.9)","30.0","(25.3, 34.8)","74.2","(70.7, 77.6)","74.0","(70.3, 77.5)","17.8","(15.2, 20.4)","17.2","(14.7, 19.5)","37.5","(31.1, 43.3)","38.9","(32.5, 45.0)","11.6","(10.0, 13.3)","12.0","(10.4, 13.7)","35.4","(33.7, 36.9)","36.3","(34.8, 37.7)","3.0","( 2.6,  3.3)","3.1","( 2.8,  3.5)","11.6","( 7.9, 15.8)","12.1","( 8.4, 16.5)","5.7","( 5.0,  6.4)","6","( 5.3,  6.8)","4.8","( 4.2,  5.6)","5","( 4.3,  5.7)","14.4","(11.9, 17.2)","14","(11.8, 16.4)","14.3","(12.4, 16.4)","15","(13.0, 17.2)","3.7","( 3.2,  4.3)","3.9","( 3.4,  4.5)","8.2","( 6.8,  9.7)","8.3","( 7.0,  9.6)","29.1","(24.8, 33.3)","29.2","(25.2, 33.3)","POINT (-85.3530477 32.6040644)"
"AL","Alabama","Escambia","01053","36,699","15.1","(12.3, 18.1)","15.5","(12.6, 18.7)","34.9","(30.6, 39.5)","30.5","(26.4, 34.8)","12.5","(10.0, 15.5)","13.8","(11.0, 17.0)","46.5","(42.0, 51.1)","42.2","(37.7, 46.8)","81.6","(78.8, 84.3)","66.9","(62.1, 71.6)","7.4","( 6.7,  8.2)","6.1","( 5.5,  6.7)","11.2","( 9.9, 12.7)","11.4","(10.0, 12.9)","79.9","(77.9, 82.1)","80.7","(78.7, 82.9)","9.1","( 8.0, 10.2)","7.4","( 6.5,  8.3)","77.8","(73.1, 82.3)","76.0","(70.9, 80.7)","84.1","(81.0, 86.9)","81.8","(78.4, 85.1)","70.7","(68.3, 73.2)","68.5","(65.9, 71.1)","11.3","( 9.6, 13.1)","9.8","( 8.4, 11.3)","39.5","(33.0, 46.9)","39.9","(33.4, 47.2)","34.8","(29.5, 40.7)","34.9","(29.6, 40.7)","23.7","(19.9, 27.9)","24.4","(20.4, 28.6)","47.9","(44.9, 50.9)","47.4","(44.3, 50.6)","22.6","(18.7, 26.8)","23.3","(19.3, 27.5)","16.8","(14.6, 19.2)","14.3","(12.4, 16.4)","27.1","(23.9, 30.6)","25.5","(22.4, 29.0)","38.1","(33.5, 43.0)","32.2","(27.6, 37.0)","4.1","( 3.7,  4.5)","3.5","( 3.2,  3.8)","40.5","(34.8, 46.3)","39.0","(33.6, 44.7)","72.8","(69.3, 76.3)","72.9","(69.2, 76.5)","19.7","(17.1, 22.4)","20.9","(18.3, 23.7)","45.8","(37.9, 54.1)","45.8","(37.8, 54.0)","16.7","(14.6, 18.9)","15.5","(13.6, 17.6)","41.6","(40.4, 42.8)","42.6","(41.3, 43.8)","4.9","( 4.4,  5.5)","4.1","( 3.7,  4.6)","19.1","(14.6, 24.0)","20.3","(15.4, 25.8)","8.6","( 7.6,  9.6)","7.4","( 6.5,  8.2)","8.3","( 7.3,  9.4)","7.8","( 6.8,  8.8)","18.8","(16.3, 21.5)","19.4","(16.8, 22.3)","23.8","(20.9, 26.9)","20.7","(18.2, 23.4)","6.6","( 5.8,  7.5)","6","( 5.3,  6.8)","12.6","(11.1, 14.3)","12.3","(10.8, 14.0)","41.2","(36.5, 46.3)","39.1","(34.4, 44.1)","POINT (-87.1684097 31.1222867)"
"WI","Wisconsin","Sauk","55111","65,697","7.1","( 5.3,  9.5)","7.5","( 5.5, 10.2)","30.3","(25.5, 35.2)","25.1","(21.0, 29.6)","21.6","(17.6, 26.1)","24.3","(20.0, 29.2)","33.2","(28.4, 38.1)","28.1","(23.9, 32.6)","78.9","(74.9, 82.5)","57.7","(52.0, 63.4)","8.2","( 7.3,  9.2)","6.5","( 5.7,  7.3)","10.2","( 8.8, 11.9)","10.4","( 8.9, 12.0)","82.7","(79.9, 85.2)","83.1","(80.6, 85.6)","6.6","( 5.5,  7.8)","5.1","( 4.3,  6.0)","72.7","(66.7, 78.1)","69.7","(63.5, 75.6)","81.4","(77.8, 84.9)","78.0","(73.8, 82.0)","61.2","(57.5, 64.9)","58.5","(54.7, 62.2)","6.6","( 5.2,  8.1)","5.5","( 4.3,  6.7)","35.4","(27.2, 44.1)","35.9","(27.8, 44.8)","35.7","(28.1, 43.7)","35.9","(28.5, 43.8)","14.8","(11.2, 18.9)","15.4","(11.4, 19.6)","67.3","(63.3, 70.9)","66.7","(62.8, 70.3)","21.8","(17.6, 26.4)","22.8","(18.5, 27.4)","9.7","( 7.9, 11.7)","7.8","( 6.4,  9.5)","14.4","(11.4, 17.5)","13.1","(10.5, 15.9)","38.7","(33.6, 44.2)","31.3","(26.4, 36.7)","3.2","( 2.8,  3.7)","2.6","( 2.3,  3.0)","21.0","(16.3, 26.4)","19.8","(15.5, 24.8)","74.7","(70.1, 79.2)","74.7","(69.9, 79.3)","13.5","(11.2, 15.9)","14.7","(12.2, 17.3)","36.9","(28.9, 45.7)","36.8","(28.7, 45.3)","10.9","( 8.9, 13.0)","9.9","( 8.1, 11.9)","30.6","(29.0, 32.1)","31.5","(29.7, 33.0)","3.2","( 2.8,  3.7)","2.6","( 2.2,  3.0)","9.9","( 6.4, 13.9)","10.5","( 6.9, 14.6)","7.2","( 6.1,  8.4)","5.9","( 5.0,  6.9)","4","( 3.3,  4.8)","3.6","( 3.0,  4.4)","11.2","( 9.0, 13.6)","11.7","( 9.4, 14.3)","12","( 9.6, 14.5)","9.8","( 7.8, 12.0)","3.4","( 2.9,  4.1)","3","( 2.5,  3.6)","6.6","( 5.3,  7.9)","6.3","( 5.1,  7.7)","25","(20.5, 29.8)","23","(18.8, 27.7)","POINT (-89.9433184 43.428001)"
"AL","Alabama","Randolph","01111","21,989","12.0","( 9.4, 15.2)","12.8","(10.0, 16.3)","34.3","(29.8, 39.1)","27.9","(23.8, 32.2)","12.8","(10.3, 15.7)","14.9","(12.1, 18.3)","45.4","(40.8, 50.2)","38.8","(34.3, 43.4)","83.2","(80.4, 85.9)","65.3","(60.4, 70.1)","8.4","( 7.5,  9.3)","6.3","( 5.7,  7.0)","10.6","( 9.2, 12.1)","10.8","( 9.4, 12.3)","82.8","(80.4, 85.2)","83.4","(81.3, 85.6)","8.7","( 7.6,  9.9)","6.4","( 5.6,  7.3)","78.7","(74.1, 82.8)","75.7","(70.5, 80.3)","86.6","(83.8, 89.1)","83.6","(80.4, 86.6)","72.4","(69.6, 75.2)","70.0","(67.1, 73.1)","10.2","( 8.4, 12.1)","8.2","( 6.9,  9.7)","37.7","(30.2, 45.9)","37.9","(30.4, 45.9)","37.8","(30.9, 44.9)","37.8","(31.0, 45.1)","19.2","(15.5, 23.1)","20.3","(16.4, 24.3)","59.2","(55.6, 62.9)","58.3","(54.6, 62.1)","23.1","(19.0, 27.5)","24.3","(20.0, 29.1)","15.4","(13.2, 17.8)","12.0","(10.3, 14.0)","23","(19.5, 26.5)","20.8","(17.6, 24.0)","40.3","(35.4, 45.4)","32.6","(28.1, 37.6)","3.9","( 3.5,  4.4)","3.1","( 2.8,  3.4)","36.5","(30.7, 42.5)","34.5","(28.9, 40.4)","71.9","(67.4, 75.7)","72.0","(67.4, 76.1)","18.1","(15.6, 20.8)","19.9","(17.2, 22.7)","39.9","(32.4, 48.2)","40.1","(32.7, 48.3)","15.0","(12.8, 17.3)","13.4","(11.5, 15.5)","37.9","(36.4, 39.5)","39.4","(37.8, 41.0)","4.4","( 3.9,  5.0)","3.4","( 3.0,  3.8)","14.4","(10.3, 18.9)","15.1","(10.8, 19.8)","8.6","( 7.5,  9.7)","6.8","( 5.9,  7.6)","6.4","( 5.5,  7.4)","5.7","( 4.9,  6.6)","16.1","(13.6, 18.7)","16.9","(14.3, 19.8)","21.5","(18.4, 24.7)","17.4","(14.9, 20.1)","5.3","( 4.5,  6.1)","4.5","( 3.9,  5.2)","10.4","( 8.8, 12.0)","9.9","( 8.4, 11.5)","38.1","(32.9, 43.3)","34.9","(30.1, 40.0)","POINT (-85.4640637 33.2964614)"
"MI","Michigan","Calhoun","26025","133,819","8.4","( 6.6, 10.5)","8.8","( 6.9, 11.0)","31.1","(27.4, 35.2)","27.0","(23.5, 30.6)","15.3","(12.6, 18.5)","16.9","(13.9, 20.4)","37.5","(33.7, 41.6)","33.3","(29.7, 37.1)","79.9","(76.9, 82.6)","61.5","(56.8, 66.2)","7.7","( 6.9,  8.5)","6.3","( 5.7,  7.0)","11.3","(10.0, 12.8)","11.4","(10.1, 12.9)","82.6","(80.3, 84.7)","83.2","(81.1, 85.3)","7.3","( 6.4,  8.4)","5.9","( 5.2,  6.8)","76.7","(72.3, 80.8)","74.6","(69.9, 79.1)","85.4","(82.6, 87.9)","83.6","(80.4, 86.4)","75.4","(72.7, 78.0)","73.3","(70.3, 76.2)","8.5","( 7.1, 10.1)","7.3","( 6.1,  8.7)","42.3","(35.0, 50.3)","42.8","(35.8, 50.3)","40.2","(33.7, 47.1)","40.4","(34.2, 47.1)","19.0","(15.5, 23.1)","19.7","(16.1, 23.9)","64.1","(60.7, 67.4)","63.5","(60.2, 66.8)","23.9","(20.3, 28.1)","24.7","(21.0, 28.8)","11.9","(10.2, 13.8)","10.0","( 8.6, 11.6)","18.7","(16.1, 21.7)","17.4","(15.0, 20.2)","37.2","(33.1, 41.6)","31.4","(27.5, 35.9)","3.5","( 3.1,  3.9)","3.0","( 2.7,  3.3)","26.5","(22.4, 31.4)","25.4","(21.4, 30.0)","73.0","(69.1, 76.7)","72.9","(68.9, 76.5)","16.8","(14.6, 19.3)","17.8","(15.4, 20.4)","39.9","(33.6, 46.4)","39.9","(33.8, 46.4)","12.8","(11.0, 14.8)","11.9","(10.2, 13.7)","35.9","(34.4, 37.4)","36.9","(35.3, 38.5)","3.7","( 3.2,  4.2)","3.1","( 2.7,  3.5)","11.8","( 8.1, 16.3)","12.6","( 8.6, 17.6)","7.7","( 6.8,  8.7)","6.6","( 5.8,  7.5)","5.3","( 4.6,  6.1)","4.9","( 4.3,  5.7)","13.4","(11.5, 15.7)","13.9","(11.9, 16.2)","15.7","(13.4, 18.2)","13.5","(11.5, 15.7)","4.2","( 3.6,  4.9)","3.8","( 3.3,  4.4)","8.6","( 7.4, 10.0)","8.4","( 7.2,  9.7)","32.3","(28.3, 37.0)","30.4","(26.6, 34.8)","POINT (-85.0123853 42.2429896)"
"AL","Alabama","Dallas","01047","37,619","13.3","(10.3, 16.7)","14.1","(10.9, 17.7)","37.8","(33.3, 42.5)","32.0","(27.9, 36.5)","10.7","( 8.6, 13.2)","12.2","( 9.8, 15.0)","51.3","(46.8, 56.0)","45.7","(41.2, 50.5)","84.6","(82.1, 86.9)","70.3","(65.6, 75.0)","7.3","( 6.6,  8.2)","5.8","( 5.2,  6.4)","11.8","(10.3, 13.3)","12.0","(10.4, 13.5)","82.5","(80.3, 84.8)","83.3","(81.1, 85.4)","8.8","( 7.7, 10.0)","6.8","( 5.9,  7.7)","82.0","(77.9, 85.7)","79.9","(75.5, 83.9)","86.7","(84.1, 89.1)","84.5","(81.4, 87.3)","73.2","(70.8, 75.6)","70.5","(67.9, 73.2)","10.1","( 8.5, 12.0)","8.4","( 7.1,  9.8)","36.8","(30.6, 43.5)","37.2","(30.9, 43.6)","37.4","(31.5, 43.3)","37.4","(31.5, 43.2)","21.1","(17.1, 25.5)","22.1","(17.9, 26.6)","47.7","(44.6, 51.0)","46.8","(43.4, 50.4)","20.2","(16.6, 24.3)","21.1","(17.3, 25.3)","19.9","(17.3, 22.9)","16.3","(14.0, 18.7)","28.8","(24.7, 32.9)","26.6","(22.9, 30.5)","39.0","(34.4, 43.9)","32.2","(27.8, 36.9)","4.6","( 4.2,  5.1)","3.8","( 3.4,  4.2)","39.7","(33.8, 46.2)","38.1","(32.1, 44.3)","77.1","(74.0, 79.9)","77.0","(73.7, 80.0)","18.9","(16.3, 21.8)","20.4","(17.6, 23.4)","44.3","(36.8, 52.2)","44.6","(37.1, 52.4)","16.5","(14.2, 19.1)","15.0","(12.9, 17.3)","43.2","(41.6, 44.6)","44.6","(42.8, 46.1)","5.5","( 4.9,  6.1)","4.4","( 4.0,  4.9)","19.6","(15.2, 24.8)","20.8","(16.1, 26.3)","7.3","( 6.4,  8.2)","5.9","( 5.2,  6.7)","9.2","( 7.9, 10.6)","8.4","( 7.2,  9.7)","17.8","(15.2, 20.8)","18.6","(15.8, 21.7)","25.4","(22.2, 28.9)","21.4","(18.5, 24.4)","7.3","( 6.3,  8.4)","6.5","( 5.6,  7.4)","13","(11.1, 15.0)","12.6","(10.7, 14.5)","41.4","(36.3, 46.7)","38.6","(33.6, 44.0)","POINT (-87.11436 32.3335263)"
"WI","Wisconsin","Marinette","55075","41,875","7.0","( 5.2,  9.3)","7.7","( 5.7, 10.2)","34.0","(29.5, 38.8)","25.6","(22.0, 29.6)","20.9","(17.3, 24.7)","25.6","(21.3, 30.0)","36.5","(32.1, 41.1)","28.1","(24.5, 32.1)","81.8","(78.4, 84.6)","58.1","(52.9, 63.1)","9.3","( 8.3, 10.2)","6.5","( 5.8,  7.1)","10.3","( 8.9, 11.7)","10.6","( 9.2, 12.0)","81.8","(79.0, 84.5)","82.2","(79.5, 84.8)","8.0","( 6.8,  9.2)","5.4","( 4.6,  6.2)","75.2","(70.2, 79.8)","70.5","(64.9, 75.6)","83.4","(80.3, 86.2)","77.6","(73.9, 81.3)","62.1","(58.4, 65.7)","58.5","(54.8, 62.2)","7.9","( 6.4,  9.6)","6.0","( 4.9,  7.1)","38.1","(29.9, 47.4)","38.7","(30.1, 47.5)","34.3","(27.2, 42.3)","34.8","(27.5, 42.6)","16.6","(13.3, 20.3)","17.6","(14.1, 21.6)","66.3","(62.6, 69.8)","65.3","(61.6, 69.0)","21.3","(17.7, 25.4)","23.2","(19.3, 27.5)","11.2","( 9.4, 13.3)","8.0","( 6.8,  9.5)","16.1","(13.4, 19.2)","13.8","(11.5, 16.4)","40.5","(35.5, 45.7)","30.6","(26.1, 35.2)","3.7","( 3.3,  4.2)","2.7","( 2.4,  3.0)","24.1","(19.5, 29.0)","21.9","(17.7, 26.5)","73.2","(68.5, 77.3)","72.8","(67.8, 77.3)","13.4","(11.6, 15.4)","15.4","(13.3, 17.9)","36.4","(29.2, 44.3)","36.3","(28.9, 44.1)","12.0","(10.2, 13.9)","10.3","( 8.8, 12.0)","32.4","(30.8, 34.0)","33.9","(32.2, 35.5)","3.9","( 3.3,  4.5)","2.7","( 2.4,  3.1)","10.9","( 7.5, 15.2)","11.6","( 8.0, 16.0)","8.6","( 7.4,  9.7)","6.3","( 5.5,  7.1)","4.5","( 3.8,  5.4)","3.9","( 3.3,  4.6)","11.5","( 9.6, 13.5)","12.5","(10.5, 14.7)","14","(11.6, 16.6)","10.3","( 8.6, 12.2)","4","( 3.4,  4.8)","3.2","( 2.8,  3.8)","7.3","( 6.1,  8.6)","6.8","( 5.7,  8.0)","27.1","(23.1, 31.8)","23.6","(19.9, 27.8)","POINT (-87.991198 45.3468989)"
"AL","Alabama","Chambers","01017","34,541","12.5","( 9.9, 15.3)","13.1","(10.4, 16.4)","34.6","(30.0, 39.1)","28.9","(24.7, 32.9)","12.2","( 9.8, 14.9)","14.0","(11.2, 16.9)","46.5","(41.8, 51.0)","40.6","(36.2, 45.1)","83.4","(80.8, 85.9)","67.3","(62.5, 72.0)","7.7","( 6.9,  8.5)","6.0","( 5.4,  6.7)","10.9","( 9.5, 12.4)","11.1","( 9.6, 12.6)","82.9","(80.9, 84.9)","83.6","(81.6, 85.4)","8.3","( 7.3,  9.4)","6.3","( 5.6,  7.2)","79.8","(75.2, 83.8)","77.4","(72.4, 81.7)","86.8","(84.1, 89.1)","84.2","(81.0, 86.9)","74.1","(71.8, 76.4)","71.8","(69.2, 74.4)","9.6","( 8.1, 11.2)","7.9","( 6.7,  9.2)","38.6","(31.5, 45.5)","38.8","(31.6, 45.9)","36.3","(30.1, 42.6)","36.2","(30.1, 42.3)","19.5","(15.9, 23.3)","20.3","(16.6, 24.2)","57.3","(54.2, 60.1)","56.6","(53.3, 59.6)","21.9","(17.9, 25.9)","22.8","(18.7, 27.0)","16.5","(14.3, 18.8)","13.4","(11.5, 15.3)","24.1","(20.9, 27.5)","22","(19.0, 25.2)","39.6","(34.7, 44.4)","32.7","(28.0, 37.5)","4.1","( 3.7,  4.5)","3.3","( 3.0,  3.6)","36.8","(31.2, 42.5)","35.0","(29.5, 40.6)","73.0","(69.4, 76.3)","73.0","(69.4, 76.4)","18.0","(15.6, 20.4)","19.5","(16.9, 22.1)","44.0","(36.0, 51.9)","43.9","(35.9, 51.8)","15.1","(13.1, 17.2)","13.7","(11.9, 15.6)","42.2","(40.9, 43.4)","43.4","(42.1, 44.8)","4.6","( 4.2,  5.2)","3.7","( 3.3,  4.1)","15.7","(11.8, 19.9)","16.5","(12.3, 21.1)","7.7","( 6.8,  8.7)","6.3","( 5.5,  7.1)","7","( 6.1,  8.0)","6.3","( 5.5,  7.2)","16.2","(13.9, 18.6)","16.9","(14.5, 19.6)","21.8","(19.0, 24.7)","18.1","(15.8, 20.6)","5.6","( 4.9,  6.4)","4.9","( 4.3,  5.6)","10.8","( 9.4, 12.4)","10.4","( 9.0, 11.9)","38.3","(33.5, 43.1)","35.6","(30.9, 40.3)","POINT (-85.3940321 32.9155039)"
"AL","Alabama","Shelby","01117","226,902","7.6","( 5.8,  9.9)","8.0","( 6.0, 10.2)","29.6","(26.0, 33.5)","26.3","(22.9, 29.7)","16.1","(13.2, 19.1)","17.3","(14.3, 20.6)","37.7","(33.7, 41.7)","34.2","(30.5, 38.0)","80.3","(77.0, 83.2)","63.6","(58.8, 68.2)","7.5","( 6.7,  8.3)","6.5","( 5.9,  7.2)","9.3","( 8.1, 10.5)","9.3","( 8.1, 10.6)","85.9","(83.7, 87.9)","86.1","(84.0, 88.0)","5.6","( 4.8,  6.5)","4.8","( 4.2,  5.6)","78.5","(74.2, 82.3)","77.0","(72.5, 81.0)","88.9","(86.4, 91.1)","87.4","(84.7, 90.0)","75.2","(72.3, 77.8)","73.7","(70.9, 76.5)","5.9","( 4.7,  7.2)","5.2","( 4.2,  6.3)","52.8","(44.7, 60.9)","53.2","(45.5, 60.8)","37.7","(31.0, 44.7)","37.2","(30.7, 43.8)","12.5","( 9.5, 15.6)","12.7","( 9.6, 15.8)","70.2","(66.9, 73.4)","69.8","(66.4, 73.1)","21.2","(17.9, 24.9)","21.7","(18.3, 25.3)","10.3","( 8.7, 12.1)","8.9","( 7.5, 10.4)","13.6","(11.3, 16.3)","12.8","(10.5, 15.2)","36.3","(32.3, 40.5)","31.6","(27.6, 35.8)","2.9","( 2.6,  3.2)","2.5","( 2.3,  2.8)","24.5","(20.3, 29.0)","23.7","(19.6, 28.0)","76.9","(73.0, 80.3)","76.9","(72.8, 80.4)","14.9","(12.7, 17.1)","15.6","(13.3, 18.0)","33.6","(28.2, 39.2)","33.3","(27.9, 38.8)","9.8","( 8.3, 11.4)","9.2","( 7.7, 10.7)","33.3","(31.8, 34.8)","33.8","(32.1, 35.4)","2.8","( 2.4,  3.2)","2.4","( 2.1,  2.8)","7.6","( 4.8, 11.2)","8.0","( 5.0, 11.8)","5.9","( 5.1,  6.7)","5.3","( 4.6,  6.0)","3.5","( 3.0,  4.2)","3.3","( 2.8,  3.9)","10.9","( 9.0, 12.9)","11.2","( 9.3, 13.3)","12.9","(10.8, 15.3)","11.5","( 9.5, 13.6)","2.9","( 2.4,  3.4)","2.6","( 2.2,  3.1)","6.2","( 5.1,  7.3)","6","( 5.1,  7.2)","25.9","(21.9, 30.2)","24.8","(20.9, 28.9)","POINT (-86.6780894 33.2630428)"
"MI","Michigan","Oakland","26125","1,270,017","5.4","( 4.2,  7.0)","5.7","( 4.4,  7.4)","25.5","(23.0, 28.1)","22.0","(19.7, 24.3)","16.5","(14.3, 18.8)","18.0","(15.7, 20.5)","31.8","(29.0, 34.7)","28.0","(25.5, 30.8)","79.9","(77.1, 82.4)","60.8","(56.8, 64.7)","7.4","( 6.7,  8.1)","6.2","( 5.6,  6.8)","10.1","( 9.0, 11.4)","10.2","( 9.1, 11.4)","85.0","(82.9, 86.8)","85.3","(83.3, 87.0)","5.6","( 4.9,  6.5)","4.7","( 4.1,  5.3)","76.1","(73.1, 78.9)","74.1","(70.9, 77.1)","89.2","(87.2, 90.9)","87.6","(85.3, 89.6)","74.1","(71.7, 76.3)","72.5","(69.9, 74.9)","5.5","( 4.4,  6.7)","4.7","( 3.8,  5.7)","43.4","(36.1, 49.3)","43.9","(37.0, 49.6)","45.0","(38.6, 50.2)","45.0","(38.7, 50.1)","12.0","( 9.3, 15.0)","12.3","( 9.5, 15.3)","74.7","(71.9, 77.3)","74.3","(71.4, 76.9)","18.9","(16.5, 21.5)","19.5","(17.0, 22.1)","8.6","( 7.3, 10.0)","7.2","( 6.2,  8.4)","11.9","(10.0, 14.1)","11.1","( 9.3, 13.0)","33.5","(30.9, 36.4)","28.7","(26.1, 31.5)","2.9","( 2.7,  3.3)","2.5","( 2.3,  2.8)","18.9","(15.9, 22.1)","18.1","(15.2, 21.2)","74.1","(70.7, 77.2)","73.9","(70.4, 77.0)","13.2","(11.3, 15.1)","13.9","(12.0, 16.0)","30.0","(26.5, 33.9)","29.7","(26.2, 33.5)","9.1","( 7.7, 10.7)","8.4","( 7.2,  9.8)","33.2","(31.8, 34.6)","33.8","(32.4, 35.3)","2.8","( 2.5,  3.3)","2.4","( 2.1,  2.8)","6.7","( 4.3,  9.8)","7.1","( 4.5, 10.3)","5.9","( 5.1,  6.7)","5.1","( 4.5,  5.8)","3.5","( 3.0,  4.0)","3.2","( 2.8,  3.8)","9.2","( 7.6, 10.8)","9.5","( 7.9, 11.2)","10.3","( 8.6, 12.2)","8.8","( 7.4, 10.4)","2.8","( 2.4,  3.3)","2.5","( 2.1,  2.9)","5.8","( 4.9,  6.8)","5.6","( 4.7,  6.6)","21.6","(18.6, 24.7)","20.3","(17.5, 23.2)","POINT (-83.3842103 42.6604518)"
"MI","Michigan","Schoolcraft","26153","8,030","7.8","( 5.9,  9.7)","8.8","( 6.6, 11.0)","37.0","(32.1, 42.2)","26.7","(22.8, 31.0)","13.8","(11.2, 16.7)","18.1","(14.8, 21.8)","42.8","(38.0, 47.6)","32.1","(28.2, 36.5)","83.4","(80.5, 86.1)","59.5","(54.4, 64.2)","9.9","( 8.9, 10.9)","6.5","( 5.9,  7.1)","11.2","( 9.9, 12.7)","11.6","(10.3, 13.2)","81.4","(78.4, 84.2)","82.3","(79.9, 84.7)","10.0","( 8.7, 11.5)","6.3","( 5.6,  7.3)","78.6","(74.0, 82.9)","73.3","(67.7, 78.2)","87.6","(85.2, 89.7)","81.9","(78.4, 84.9)","76.3","(73.5, 78.8)","72.8","(69.5, 75.9)","11.3","( 9.2, 13.6)","8.1","( 6.8,  9.7)","43.2","(33.9, 52.2)","43.8","(35.3, 52.2)","38.0","(30.2, 45.6)","38.3","(30.9, 45.6)","20.3","(16.5, 24.6)","22.1","(18.1, 26.4)","65.6","(61.8, 69.5)","64.2","(60.5, 67.7)","23.8","(19.9, 28.3)","26.2","(22.0, 31.1)","14.6","(12.4, 17.0)","9.9","( 8.5, 11.6)","21.1","(17.6, 25.0)","17.8","(15.1, 20.8)","42.3","(37.2, 47.7)","31.3","(26.7, 36.2)","4.3","( 3.9,  4.8)","3.0","( 2.7,  3.3)","27.9","(22.9, 33.7)","25.1","(20.5, 30.1)","70.2","(66.0, 74.6)","69.8","(65.2, 74.1)","15.8","(13.7, 18.1)","18.7","(16.3, 21.6)","38.8","(30.8, 47.5)","38.7","(30.5, 47.4)","15.1","(12.8, 17.5)","12.7","(10.9, 14.7)","32.6","(30.9, 34.1)","34.6","(33.0, 36.2)","4.7","( 4.1,  5.4)","3.2","( 2.8,  3.6)","12.5","( 8.3, 17.5)","13.3","( 9.1, 18.9)","10.5","( 9.2, 12.0)","7.3","( 6.5,  8.3)","6.1","( 5.2,  7.3)","5.1","( 4.4,  6.0)","13.6","(11.6, 15.9)","15.1","(12.8, 17.7)","19.5","(16.5, 22.8)","13.9","(11.8, 16.1)","5.1","( 4.3,  6.1)","4","( 3.5,  4.7)","9.7","( 8.2, 11.5)","9.1","( 7.7, 10.6)","35.5","(30.5, 40.9)","30.8","(26.4, 35.5)","POINT (-86.197029 46.0211217)"
"MI","Michigan","Shiawassee","26155","67,877","7.4","( 5.6,  9.5)","7.8","( 5.9, 10.1)","31.8","(27.2, 36.2)","26.6","(22.6, 30.6)","16.0","(13.0, 19.1)","18.1","(14.7, 21.5)","35.6","(31.2, 39.9)","30.4","(26.4, 34.5)","79.0","(75.4, 81.8)","58.3","(53.1, 63.1)","8.2","( 7.3,  9.1)","6.6","( 5.9,  7.3)","11.0","( 9.7, 12.4)","11.2","( 9.8, 12.6)","82.5","(79.7, 85.1)","83.1","(80.5, 85.7)","7.3","( 6.2,  8.4)","5.7","( 4.9,  6.5)","76.2","(71.0, 80.6)","73.6","(68.0, 78.3)","85.7","(82.7, 88.1)","83.1","(79.6, 85.9)","76.9","(74.1, 79.5)","75.0","(71.8, 78.0)","8.8","( 7.2, 10.4)","7.3","( 6.0,  8.6)","51.0","(41.6, 59.9)","51.4","(42.2, 60.2)","39.5","(31.7, 47.2)","39.3","(31.8, 47.1)","18.6","(14.9, 22.5)","19.2","(15.3, 23.5)","68.7","(65.4, 71.8)","68.1","(64.4, 71.4)","25.2","(20.9, 29.6)","26.3","(21.9, 30.8)","10.7","( 9.0, 12.6)","8.6","( 7.3, 10.1)","17","(14.2, 20.0)","15.5","(12.8, 18.2)","38.4","(33.7, 43.1)","31.7","(27.1, 36.3)","3.4","( 3.0,  3.7)","2.8","( 2.5,  3.1)","25.1","(20.3, 30.3)","23.8","(19.2, 28.7)","73.2","(68.8, 77.2)","72.9","(68.0, 76.9)","16.3","(14.0, 18.7)","17.6","(15.1, 20.1)","35.7","(28.3, 42.9)","35.5","(28.3, 42.6)","12.6","(10.8, 14.7)","11.5","( 9.7, 13.3)","33.1","(31.3, 34.6)","34.0","(32.3, 35.6)","3.5","( 3.0,  4.0)","2.8","( 2.5,  3.2)","10.2","( 6.9, 14.1)","10.7","( 7.3, 14.9)","7.9","( 6.9,  8.9)","6.6","( 5.8,  7.5)","4.6","( 3.9,  5.4)","4.2","( 3.6,  4.9)","12.7","(10.5, 14.9)","13.2","(11.0, 15.7)","15","(12.6, 17.6)","12.4","(10.5, 14.6)","3.8","( 3.3,  4.5)","3.4","( 2.9,  3.9)","8.1","( 6.9,  9.5)","7.9","( 6.6,  9.2)","31.5","(27.0, 36.1)","29.3","(25.0, 33.8)","POINT (-84.1463518 42.9515446)"
"MI","Michigan","Mackinac","26097","10,906","7.8","( 6.1,  9.7)","8.6","( 6.8, 10.7)","35.6","(30.6, 40.5)","25.9","(21.9, 29.9)","13.9","(11.1, 16.8)","17.9","(14.5, 21.5)","41.8","(36.9, 46.6)","32.0","(27.7, 36.2)","83.1","(79.9, 85.8)","59.9","(54.7, 64.8)","9.7","( 8.7, 10.8)","6.4","( 5.8,  7.1)","11.2","( 9.8, 12.6)","11.6","(10.2, 13.1)","82.7","(80.3, 84.7)","83.2","(81.4, 85.2)","9.8","( 8.4, 11.1)","6.3","( 5.4,  7.1)","78.3","(73.7, 82.7)","73.3","(67.9, 78.3)","87.7","(85.4, 89.8)","82.5","(79.3, 85.4)","77.0","(74.6, 79.1)","73.4","(70.6, 75.9)","10.4","( 8.6, 12.3)","7.6","( 6.3,  8.9)","43.4","(34.8, 52.3)","43.6","(34.9, 52.3)","41.0","(33.7, 48.6)","41.1","(33.7, 48.5)","19.6","(15.8, 23.3)","21.3","(17.4, 25.3)","66.8","(63.5, 69.8)","65.3","(62.2, 68.3)","22.1","(18.2, 26.2)","24.2","(20.0, 28.5)","14.6","(12.4, 16.9)","10.3","( 8.7, 11.9)","20.5","(17.4, 23.8)","17.6","(15.0, 20.3)","41.0","(35.6, 46.2)","30.6","(25.9, 35.4)","4.3","( 3.9,  4.8)","3.1","( 2.7,  3.4)","26.5","(21.5, 31.6)","24.0","(19.4, 28.6)","71.4","(67.0, 75.2)","71.4","(67.1, 75.3)","15.5","(13.3, 17.6)","18.2","(15.7, 20.6)","36.5","(28.6, 44.8)","36.7","(28.9, 44.7)","14.5","(12.4, 16.7)","12.4","(10.6, 14.1)","32.1","(30.6, 33.4)","34.4","(32.9, 35.7)","4.7","( 4.1,  5.4)","3.2","( 2.9,  3.6)","11.9","( 8.2, 16.2)","12.6","( 8.8, 17.2)","10.4","( 9.2, 11.7)","7.3","( 6.4,  8.2)","6.1","( 5.2,  7.0)","5.2","( 4.5,  5.9)","13.1","(11.1, 15.1)","14.5","(12.3, 16.6)","19","(16.1, 22.0)","13.8","(11.7, 15.8)","5","( 4.3,  5.7)","4","( 3.4,  4.6)","9.4","( 8.1, 10.9)","8.8","( 7.6, 10.1)","35.1","(30.1, 39.6)","30.6","(26.2, 35.0)","POINT (-85.3037625 46.1678678)"
"AL","Alabama","Jefferson","01073","667,820","10.4","( 8.1, 12.8)","10.6","( 8.3, 13.1)","30.4","(27.5, 33.5)","27.6","(24.8, 30.6)","13.8","(11.6, 16.1)","14.7","(12.3, 17.2)","42.0","(38.8, 45.4)","39.2","(35.9, 42.5)","81.6","(79.1, 84.0)","67.3","(63.2, 71.4)","6.8","( 6.2,  7.5)","6.0","( 5.4,  6.6)","10.4","( 9.2, 11.7)","10.4","( 9.2, 11.8)","86.5","(84.9, 88.1)","86.9","(85.3, 88.5)","6.6","( 5.8,  7.5)","5.7","( 5.0,  6.5)","77.9","(74.6, 81.1)","76.7","(73.2, 80.0)","86.6","(84.1, 88.9)","85.5","(82.9, 88.0)","79.8","(77.8, 81.4)","78.0","(75.7, 79.9)","6.8","( 5.7,  8.1)","6.1","( 5.1,  7.2)","44.3","(38.6, 50.1)","45.0","(39.1, 50.8)","40.4","(35.2, 45.5)","40.6","(35.4, 45.5)","16.0","(13.1, 19.3)","16.4","(13.3, 19.9)","63.4","(60.4, 66.2)","63.1","(60.0, 66.1)","21.5","(18.7, 24.6)","21.9","(19.0, 25.1)","14.1","(12.4, 16.1)","12.6","(11.0, 14.3)","19.4","(16.9, 22.2)","18.5","(16.0, 21.1)","36.1","(32.9, 39.5)","31.8","(28.5, 35.3)","3.4","( 3.1,  3.8)","3.1","( 2.8,  3.4)","30.2","(26.2, 34.4)","29.5","(25.5, 33.7)","80.6","(78.1, 82.9)","80.5","(77.8, 82.9)","17.1","(15.0, 19.3)","17.7","(15.5, 20.0)","39.3","(34.9, 44.0)","39.3","(35.0, 44.1)","12.3","(10.6, 14.1)","11.7","(10.2, 13.4)","37.4","(36.1, 38.6)","38.0","(36.6, 39.3)","3.7","( 3.2,  4.1)","3.3","( 2.9,  3.7)","11.7","( 8.1, 15.6)","12.5","( 8.9, 16.6)","5.9","( 5.2,  6.7)","5.4","( 4.7,  6.1)","5.5","( 4.7,  6.3)","5.2","( 4.5,  6.0)","13.7","(11.7, 15.9)","14","(11.9, 16.2)","16.7","(14.5, 19.2)","15.1","(13.2, 17.4)","4.3","( 3.7,  5.0)","4","( 3.5,  4.6)","8.5","( 7.3,  9.8)","8.4","( 7.2,  9.7)","30.6","(27.2, 34.4)","29.3","(26.0, 33.0)","POINT (-86.8965359 33.5534439)"
"AL","Alabama","Geneva","01061","26,701","13.2","(10.3, 16.5)","14.0","(10.9, 17.4)","36.2","(31.4, 41.0)","29.7","(25.4, 34.0)","12.9","(10.4, 15.8)","15.1","(12.1, 18.3)","44.3","(39.6, 49.0)","37.6","(33.1, 42.2)","83.5","(80.7, 86.0)","65.4","(60.6, 70.2)","8.4","( 7.5,  9.3)","6.4","( 5.7,  7.1)","10.7","( 9.4, 12.2)","10.9","( 9.6, 12.4)","81.9","(79.2, 84.3)","82.2","(79.6, 84.5)","9.5","( 8.2, 10.8)","7.0","( 6.1,  8.0)","77.9","(73.3, 82.1)","74.9","(69.8, 79.6)","85.6","(82.7, 88.3)","82.2","(78.8, 85.6)","70.3","(67.2, 73.1)","67.8","(64.4, 70.9)","11.4","( 9.4, 13.4)","9.3","( 7.7, 10.9)","44.0","(35.6, 52.9)","44.2","(35.6, 52.6)","36.2","(29.3, 43.4)","36.3","(29.3, 43.4)","21.3","(17.3, 25.5)","22.2","(18.0, 26.6)","53.4","(49.4, 57.0)","52.6","(48.4, 56.4)","24.4","(20.1, 28.9)","25.8","(21.3, 30.4)","16.1","(13.7, 18.6)","12.6","(10.8, 14.6)","24.9","(21.2, 28.6)","22.5","(19.1, 25.9)","42.8","(37.7, 47.7)","34.9","(29.9, 39.8)","4.1","( 3.7,  4.5)","3.2","( 2.9,  3.6)","38.4","(32.5, 44.4)","36.3","(30.6, 42.1)","70.9","(66.4, 75.2)","71.0","(66.5, 75.4)","18.9","(16.4, 21.5)","20.7","(18.0, 23.6)","41.8","(33.8, 49.7)","41.6","(33.6, 49.6)","16.4","(14.1, 18.8)","14.7","(12.7, 16.9)","38.1","(36.7, 39.5)","39.3","(37.7, 40.8)","4.6","( 4.0,  5.2)","3.6","( 3.1,  4.0)","16.6","(11.6, 22.2)","17.5","(12.5, 23.4)","9.4","( 8.2, 10.6)","7.5","( 6.5,  8.4)","7.2","( 6.1,  8.3)","6.4","( 5.5,  7.5)","17.4","(14.8, 20.2)","18.4","(15.6, 21.4)","22.9","(19.7, 26.2)","18.6","(16.0, 21.4)","5.9","( 5.1,  6.8)","5.1","( 4.4,  5.9)","11.4","( 9.8, 13.2)","10.9","( 9.3, 12.6)","39.4","(34.1, 44.5)","36.4","(31.2, 41.4)","POINT (-85.8210224 31.0923822)"
"AL","Alabama","Morgan","01103","123,668","12.0","( 9.5, 14.8)","12.6","(10.0, 15.6)","31.7","(27.8, 35.7)","27.1","(23.6, 30.7)","13.9","(11.4, 16.7)","15.5","(12.7, 18.5)","41.7","(37.5, 45.9)","36.9","(33.0, 41.0)","81.5","(78.6, 84.0)","64.4","(59.8, 68.9)","7.8","( 7.0,  8.6)","6.4","( 5.8,  7.0)","10.4","( 9.2, 11.7)","10.5","( 9.2, 11.8)","82.9","(80.6, 85.2)","83.4","(81.2, 85.5)","7.6","( 6.6,  8.6)","6.1","( 5.4,  6.9)","77.3","(72.9, 81.4)","75.2","(70.5, 79.6)","86.1","(83.6, 88.6)","83.9","(81.0, 86.7)","72.2","(69.4, 75.1)","70.3","(67.4, 73.4)","9.0","( 7.6, 10.8)","7.7","( 6.5,  9.1)","39.4","(31.4, 47.4)","39.7","(31.6, 47.4)","44.7","(37.3, 51.9)","44.5","(37.2, 51.6)","18.4","(15.1, 22.1)","18.9","(15.4, 22.8)","61.3","(57.9, 64.7)","60.7","(57.1, 64.2)","23.4","(19.9, 27.3)","24.2","(20.6, 28.2)","13.6","(11.7, 15.6)","11.4","( 9.8, 13.1)","20.7","(17.8, 23.8)","19.2","(16.4, 22.2)","40.0","(35.9, 44.5)","33.8","(29.6, 38.3)","3.5","( 3.2,  3.9)","3.0","( 2.7,  3.3)","33.9","(28.8, 39.2)","32.5","(27.6, 37.9)","73.8","(69.8, 77.9)","73.8","(69.4, 78.1)","17.8","(15.6, 20.3)","18.9","(16.6, 21.5)","42.8","(35.9, 49.7)","42.7","(35.9, 49.6)","13.8","(11.9, 15.8)","12.6","(10.9, 14.5)","37.4","(35.8, 38.8)","38.3","(36.7, 39.7)","3.8","( 3.3,  4.3)","3.1","( 2.8,  3.5)","13.6","( 9.3, 19.0)","14.4","( 9.7, 20.0)","7.7","( 6.8,  8.7)","6.6","( 5.8,  7.4)","5.6","( 4.8,  6.5)","5.2","( 4.5,  6.0)","15.2","(13.0, 17.6)","15.8","(13.3, 18.4)","18.7","(16.3, 21.5)","15.9","(13.8, 18.4)","4.6","( 3.9,  5.3)","4.1","( 3.5,  4.7)","9.3","( 8.0, 10.7)","9","( 7.7, 10.4)","35","(30.6, 39.8)","32.9","(28.7, 37.4)","POINT (-86.8464021 34.4544844)"
"WI","Wisconsin","Richland","55103","17,212","7.5","( 5.7,  9.8)","8.1","( 6.1, 10.7)","32.9","(28.3, 37.6)","25.3","(21.4, 29.4)","19.6","(16.1, 23.4)","23.8","(19.7, 28.2)","36.7","(32.1, 41.3)","29.0","(24.9, 33.0)","81.5","(78.4, 84.4)","58.5","(53.3, 63.8)","9.2","( 8.2, 10.1)","6.5","( 5.8,  7.1)","10.4","( 9.1, 11.9)","10.7","( 9.4, 12.3)","81.4","(78.4, 84.1)","82.1","(79.2, 84.7)","8.2","( 7.0,  9.5)","5.6","( 4.8,  6.5)","75.2","(70.0, 79.9)","70.8","(65.0, 76.0)","81.6","(78.3, 84.6)","76.3","(72.0, 80.0)","62.6","(59.0, 66.0)","58.9","(55.1, 62.7)","8.1","( 6.5, 10.0)","6.3","( 5.1,  7.6)","36.9","(28.1, 45.9)","37.6","(28.9, 46.8)","31.5","(24.3, 39.2)","32.2","(25.0, 40.0)","16.6","(13.0, 20.5)","17.9","(14.0, 22.3)","66.8","(63.1, 70.3)","65.7","(61.7, 69.4)","21.6","(17.8, 25.8)","23.4","(19.4, 27.8)","11.3","( 9.6, 13.4)","8.3","( 7.0,  9.8)","16.8","(13.9, 20.1)","14.5","(12.1, 17.4)","40.0","(35.0, 45.0)","30.5","(25.9, 35.5)","3.8","( 3.4,  4.2)","2.8","( 2.5,  3.1)","25.2","(20.2, 30.9)","23.1","(18.4, 28.3)","71.9","(67.3, 76.1)","71.6","(66.7, 76.0)","13.8","(11.8, 15.9)","15.7","(13.4, 18.1)","39.4","(31.2, 47.7)","39.6","(31.4, 48.1)","12.4","(10.4, 14.5)","10.8","( 9.1, 12.6)","31.4","(29.8, 33.0)","33.0","(31.3, 34.9)","3.9","( 3.4,  4.5)","2.8","( 2.5,  3.2)","11.1","( 7.0, 15.4)","12.0","( 7.7, 16.7)","8.8","( 7.7, 10.1)","6.5","( 5.7,  7.4)","4.9","( 4.1,  5.9)","4.2","( 3.6,  5.0)","12.1","(10.2, 14.4)","13.1","(10.9, 15.5)","14.7","(12.2, 17.5)","11","( 9.1, 13.1)","4.2","( 3.5,  5.1)","3.5","( 3.0,  4.2)","7.8","( 6.5,  9.3)","7.2","( 6.2,  8.6)","27.9","(23.4, 32.6)","24.4","(20.4, 28.9)","POINT (-90.4356927 43.3761994)"
"MI","Michigan","Roscommon","26143","23,633","7.5","( 5.7,  9.9)","8.5","( 6.4, 11.4)","39.1","(33.8, 44.3)","26.8","(22.8, 30.9)","12.8","(10.3, 15.5)","17.9","(14.5, 21.4)","44.0","(39.1, 49.0)","31.4","(27.3, 35.6)","85.1","(82.2, 87.5)","60.1","(55.2, 64.8)","10.7","( 9.6, 11.9)","6.5","( 5.8,  7.2)","10.9","( 9.5, 12.4)","11.4","(10.0, 13.0)","81.9","(78.8, 84.8)","82.7","(80.0, 85.2)","10.7","( 9.3, 12.4)","6.3","( 5.4,  7.1)","79.6","(75.0, 83.6)","73.3","(67.7, 78.0)","88.5","(86.3, 90.5)","81.9","(78.6, 84.9)","77.3","(74.7, 80.0)","72.9","(69.6, 76.3)","11.7","( 9.5, 14.2)","8.0","( 6.6,  9.5)","43.9","(35.1, 53.0)","44.1","(35.7, 53.1)","41.0","(33.4, 49.3)","40.5","(33.0, 48.5)","18.9","(15.1, 23.4)","20.9","(16.5, 25.7)","64.6","(60.4, 68.6)","63.1","(58.9, 67.2)","23","(19.0, 27.4)","26","(21.6, 30.9)","15.0","(12.6, 17.5)","9.6","( 8.0, 11.2)","20.7","(17.1, 24.9)","16.8","(13.9, 20.0)","45.5","(40.3, 50.8)","32.8","(28.3, 37.7)","4.5","( 4.0,  5.1)","2.9","( 2.6,  3.3)","28.2","(22.8, 34.1)","24.8","(20.0, 30.1)","70.2","(64.9, 75.0)","70.5","(65.4, 75.2)","15.0","(13.0, 17.3)","18.5","(16.0, 21.1)","36.4","(28.5, 44.4)","36.3","(28.6, 44.3)","14.9","(12.7, 17.5)","12.2","(10.4, 14.2)","32.6","(30.8, 34.2)","35.1","(33.2, 36.8)","4.9","( 4.2,  5.6)","3.1","( 2.7,  3.5)","12.3","( 8.3, 16.9)","12.8","( 8.6, 17.8)","11","( 9.6, 12.6)","7.2","( 6.3,  8.1)","6","( 5.0,  7.2)","4.9","( 4.1,  5.7)","12.9","(10.8, 15.3)","14.6","(12.2, 17.3)","19.9","(16.7, 23.6)","13.4","(11.2, 15.7)","5.1","( 4.2,  6.1)","3.9","( 3.3,  4.6)","9.5","( 7.9, 11.3)","8.7","( 7.3, 10.3)","35.6","(30.7, 41.1)","29.8","(25.5, 34.8)","POINT (-84.6112715 44.3395168)"
"AL","Alabama","Covington","01039","37,524","11.9","( 9.4, 14.8)","12.5","( 9.8, 15.9)","35.5","(30.8, 40.2)","28.9","(24.8, 33.2)","12.9","(10.3, 15.7)","15.1","(12.1, 18.3)","42.9","(38.1, 47.6)","36.1","(31.7, 40.7)","83.4","(80.5, 85.8)","65.0","(59.9, 69.8)","8.5","( 7.6,  9.4)","6.4","( 5.7,  7.0)","10.5","( 9.2, 12.0)","10.8","( 9.4, 12.3)","82.3","(79.9, 84.6)","82.8","(80.4, 85.0)","9.0","( 7.7, 10.3)","6.6","( 5.7,  7.5)","78.2","(73.5, 82.5)","75.1","(69.8, 80.0)","86.2","(83.4, 88.7)","83.0","(79.7, 86.0)","72.6","(69.9, 75.2)","69.9","(66.8, 72.9)","10.5","( 8.7, 12.5)","8.5","( 7.1, 10.0)","42.2","(33.8, 50.3)","42.3","(34.0, 50.7)","30.2","(24.2, 36.5)","30.7","(24.4, 36.7)","20.7","(16.7, 25.0)","21.8","(17.5, 26.4)","58.0","(54.3, 61.5)","57.3","(53.4, 60.9)","23","(19.0, 27.2)","24.4","(20.2, 28.9)","15.0","(12.8, 17.4)","11.8","(10.0, 13.7)","23","(19.5, 26.6)","20.6","(17.4, 23.9)","39.8","(34.8, 44.8)","32.1","(27.3, 36.9)","3.9","( 3.5,  4.4)","3.1","( 2.8,  3.4)","33.8","(28.1, 39.4)","31.7","(26.2, 37.4)","70.4","(66.2, 74.5)","70.5","(66.2, 74.8)","18.0","(15.5, 20.6)","19.8","(17.0, 22.7)","40.2","(32.3, 48.2)","40.2","(32.5, 48.2)","15.3","(13.1, 17.6)","13.7","(11.7, 15.7)","36.1","(34.6, 37.6)","37.5","(35.8, 39.1)","4.4","( 3.8,  5.0)","3.4","( 3.0,  3.8)","14.2","(10.1, 19.0)","15.2","(10.9, 20.2)","8.9","( 7.7, 10.1)","6.9","( 6.0,  7.8)","6.4","( 5.5,  7.4)","5.7","( 4.9,  6.5)","16.1","(13.6, 18.6)","17","(14.3, 19.9)","21.3","(18.3, 24.6)","17.1","(14.6, 19.8)","5.2","( 4.5,  6.0)","4.5","( 3.8,  5.1)","10.5","( 8.9, 12.1)","10","( 8.5, 11.6)","37.6","(32.7, 42.7)","34.3","(29.5, 39.3)","POINT (-86.4487206 31.2439873)"
"MI","Michigan","Chippewa","26033","36,816","8.4","( 6.7, 10.6)","8.7","( 6.9, 11.0)","29.9","(25.9, 34.1)","26.7","(22.9, 30.7)","17.0","(13.9, 20.4)","18.4","(15.1, 22.0)","36.7","(32.5, 41.2)","33.9","(29.7, 38.2)","77.6","(74.2, 80.5)","60.2","(55.1, 65.0)","7.5","( 6.7,  8.3)","6.4","( 5.7,  7.1)","11.3","( 9.9, 12.8)","11.3","(10.0, 12.8)","81.4","(79.0, 83.7)","83.3","(81.2, 85.4)","7.6","( 6.6,  8.6)","6.4","( 5.6,  7.3)","75.1","(70.1, 79.6)","73.5","(68.2, 78.3)","83.8","(80.9, 86.5)","82.7","(79.4, 85.5)","74.6","(72.0, 76.9)","72.1","(69.4, 74.7)","8.6","( 7.1, 10.1)","7.6","( 6.3,  8.9)","44.9","(36.5, 53.4)","45.4","(37.0, 53.8)","37.2","(30.2, 44.6)","37.4","(30.4, 44.7)","20.0","(16.2, 23.8)","21.0","(17.2, 25.0)","61.5","(58.3, 64.8)","60.7","(57.5, 63.8)","23.6","(19.7, 27.9)","24","(20.0, 28.3)","12.2","(10.4, 14.2)","10.8","( 9.1, 12.5)","18.6","(15.9, 21.6)","17.7","(15.0, 20.5)","35.7","(31.3, 40.2)","30.7","(26.2, 35.3)","3.5","( 3.2,  3.9)","3.1","( 2.8,  3.4)","24.9","(20.3, 29.8)","24.2","(19.7, 28.9)","69.3","(65.3, 73.2)","69.2","(65.2, 73.1)","17.1","(14.8, 19.4)","17.7","(15.3, 20.2)","39.5","(32.0, 47.6)","40.1","(32.5, 48.2)","13.0","(11.2, 15.0)","12.4","(10.6, 14.2)","34.6","(33.2, 35.9)","35.8","(34.2, 37.1)","3.7","( 3.3,  4.2)","3.3","( 2.9,  3.7)","11.6","( 8.2, 15.7)","12.3","( 8.7, 16.8)","8.3","( 7.3,  9.4)","7.4","( 6.5,  8.3)","5.5","( 4.7,  6.3)","5.2","( 4.5,  6.0)","14","(11.9, 16.2)","14.3","(12.1, 16.6)","15.2","(12.9, 17.7)","13.6","(11.5, 15.7)","4.4","( 3.8,  5.0)","4.1","( 3.5,  4.7)","8.9","( 7.7, 10.3)","8.7","( 7.5, 10.0)","31.7","(27.3, 36.3)","30.1","(25.7, 34.6)","POINT (-84.5206297 46.3218192)"
"WI","Wisconsin","Door","55029","30,369","5.6","( 4.2,  7.4)","6.3","( 4.7,  8.5)","35.5","(30.5, 40.5)","24.9","(21.1, 29.1)","19.0","(15.7, 22.6)","24.9","(20.8, 29.4)","37.5","(32.6, 42.0)","27.0","(23.2, 31.1)","83.1","(79.6, 85.9)","57.5","(52.2, 62.6)","10.3","( 9.3, 11.4)","6.5","( 5.8,  7.2)","9.8","( 8.5, 11.1)","10.1","( 8.9, 11.5)","83.7","(80.8, 86.7)","84.3","(81.8, 86.9)","7.9","( 6.7,  9.2)","4.8","( 4.1,  5.6)","78.0","(73.1, 82.2)","72.1","(66.4, 77.3)","86.3","(83.9, 88.8)","79.8","(76.4, 83.3)","67.3","(63.9, 70.5)","62.2","(58.6, 65.8)","7.0","( 5.5,  8.7)","4.9","( 4.0,  6.0)","41.5","(32.4, 51.1)","41.7","(33.1, 51.2)","37.7","(30.0, 46.1)","37.3","(29.9, 45.3)","12.8","( 9.7, 16.2)","14.1","(10.7, 18.2)","72.7","(68.9, 76.3)","71.4","(67.6, 75.0)","19.8","(16.2, 23.7)","22","(18.1, 26.3)","10.9","( 9.0, 12.8)","7.2","( 6.0,  8.5)","13.7","(11.1, 16.8)","11.3","( 9.2, 13.7)","41.5","(36.3, 46.7)","30.2","(25.5, 34.9)","3.8","( 3.3,  4.2)","2.5","( 2.3,  2.8)","20.7","(16.2, 25.7)","18.3","(14.4, 22.8)","71.2","(66.0, 75.7)","71.6","(66.6, 76.1)","11.5","( 9.8, 13.4)","13.9","(11.7, 16.2)","34.2","(26.6, 42.1)","34.2","(26.7, 42.4)","10.9","( 9.0, 12.8)","9.0","( 7.6, 10.6)","27.9","(26.1, 29.6)","30.0","(28.0, 31.8)","3.7","( 3.2,  4.3)","2.4","( 2.1,  2.7)","8.3","( 5.0, 12.0)","8.7","( 5.2, 12.8)","8.4","( 7.2,  9.6)","5.6","( 4.8,  6.4)","3.8","( 3.2,  4.6)","3.2","( 2.6,  3.8)","9.4","( 7.7, 11.2)","10.5","( 8.6, 12.7)","12.9","(10.4, 15.5)","8.8","( 7.2, 10.6)","3.4","( 2.8,  4.1)","2.7","( 2.2,  3.1)","6.1","( 5.0,  7.4)","5.6","( 4.6,  6.7)","24.4","(20.0, 28.8)","20.3","(16.7, 23.9)","POINT (-87.0486828 45.0934165)"
"AL","Alabama","Blount","01009","59,041","12.5","( 9.6, 15.5)","13.1","(10.1, 16.5)","33.3","(28.9, 37.8)","28.4","(24.5, 32.6)","14.3","(11.6, 17.4)","16.0","(12.9, 19.5)","40.3","(35.9, 44.8)","35.2","(31.2, 39.6)","80.9","(77.7, 83.8)","62.4","(57.2, 67.2)","7.9","( 7.1,  8.8)","6.4","( 5.7,  7.1)","10.0","( 8.8, 11.3)","10.1","( 8.8, 11.5)","82.5","(79.8, 84.8)","82.9","(80.3, 85.1)","7.9","( 6.8,  9.0)","6.2","( 5.4,  7.1)","75.2","(70.0, 79.9)","72.7","(67.3, 77.7)","85.8","(82.8, 88.5)","83.4","(80.0, 86.6)","72.2","(69.1, 75.0)","70.1","(66.8, 73.3)","9.2","( 7.5, 11.0)","7.8","( 6.4,  9.2)","40.6","(32.3, 49.7)","40.8","(32.8, 49.7)","37.8","(30.4, 45.8)","37.4","(30.3, 45.2)","19.0","(15.2, 23.2)","19.6","(15.7, 24.0)","59.0","(55.2, 62.9)","58.4","(54.6, 62.3)","23.3","(19.5, 27.5)","24.2","(20.3, 28.6)","12.8","(10.9, 14.8)","10.5","( 9.0, 12.2)","20.2","(17.1, 23.5)","18.6","(15.7, 21.7)","40.6","(35.9, 45.3)","34.1","(29.4, 38.9)","3.5","( 3.1,  3.8)","2.9","( 2.6,  3.2)","31.8","(26.6, 37.6)","30.4","(25.3, 36.1)","69.2","(64.5, 74.0)","69.6","(64.7, 74.2)","17.6","(15.3, 20.1)","18.8","(16.4, 21.5)","37.9","(30.5, 45.7)","37.7","(30.5, 45.5)","14.0","(11.9, 16.2)","12.8","(11.0, 14.9)","36.4","(34.9, 38.0)","37.3","(35.6, 38.9)","3.7","( 3.2,  4.2)","3.0","( 2.6,  3.4)","14.0","( 9.6, 19.0)","14.6","(10.1, 19.8)","8.1","( 7.1,  9.2)","6.8","( 6.0,  7.7)","5.4","( 4.5,  6.2)","4.9","( 4.2,  5.7)","15.3","(12.9, 17.8)","15.9","(13.4, 18.6)","18.5","(15.6, 21.4)","15.6","(13.2, 18.1)","4.4","( 3.7,  5.1)","3.9","( 3.3,  4.5)","9.1","( 7.7, 10.6)","8.8","( 7.4, 10.2)","34.6","(29.6, 39.9)","32.4","(27.7, 37.4)","POINT (-86.56644 33.9773575)"
"MI","Michigan","Wexford","26165","33,901","8.0","( 5.9, 10.3)","8.4","( 6.1, 11.0)","31.5","(27.1, 36.0)","25.9","(22.1, 29.8)","15.5","(12.7, 18.7)","17.8","(14.6, 21.4)","37.2","(32.7, 41.6)","31.3","(27.3, 35.5)","79.9","(76.8, 82.9)","59.0","(54.4, 64.0)","8.3","( 7.4,  9.2)","6.4","( 5.8,  7.2)","10.9","( 9.6, 12.4)","11.1","( 9.8, 12.6)","82.7","(79.8, 85.4)","83.2","(80.4, 85.7)","7.9","( 6.8,  9.1)","6.0","( 5.2,  6.9)","75.1","(70.5, 79.6)","72.0","(66.9, 77.0)","85.4","(82.6, 87.9)","82.3","(78.9, 85.2)","75.3","(72.2, 78.1)","72.8","(69.6, 75.9)","9.3","( 7.6, 11.2)","7.6","( 6.3,  9.0)","48.1","(38.6, 57.1)","48.6","(39.4, 57.2)","39.2","(31.4, 47.0)","39.2","(31.4, 46.7)","19.5","(15.4, 23.8)","20.2","(15.9, 24.7)","65.7","(61.9, 69.7)","65.1","(60.9, 69.1)","24.2","(20.2, 28.5)","25.4","(21.2, 29.8)","11.5","( 9.8, 13.4)","9.1","( 7.7, 10.6)","18","(14.9, 21.4)","16.3","(13.5, 19.2)","38.0","(33.4, 43.1)","30.8","(26.5, 35.7)","3.5","( 3.2,  3.9)","2.8","( 2.6,  3.1)","24.1","(19.3, 29.1)","22.6","(18.1, 27.5)","70.3","(65.2, 74.8)","70.0","(64.8, 74.6)","16.4","(14.1, 18.9)","17.9","(15.4, 20.7)","36.3","(28.8, 44.2)","36.1","(28.6, 44.0)","13.1","(11.2, 15.2)","11.8","(10.0, 13.7)","33.4","(31.6, 35.2)","34.5","(32.5, 36.4)","3.7","( 3.3,  4.3)","3.0","( 2.6,  3.4)","12.2","( 8.1, 17.1)","12.9","( 8.6, 18.1)","8.5","( 7.4,  9.6)","6.9","( 6.1,  7.8)","5.1","( 4.3,  6.0)","4.6","( 3.9,  5.4)","13.4","(11.1, 15.8)","14.2","(11.7, 16.8)","15.8","(13.3, 18.5)","12.9","(10.8, 15.0)","4.2","( 3.5,  5.0)","3.7","( 3.1,  4.3)","8.6","( 7.2, 10.1)","8.3","( 6.9,  9.8)","31.4","(26.6, 36.5)","28.9","(24.4, 33.8)","POINT (-85.5700462 44.3313751)"
"MI","Michigan","Missaukee","26113","15,130","8.3","( 6.4, 11.0)","8.9","( 6.7, 11.8)","32.2","(27.6, 37.0)","25.8","(21.9, 30.1)","15.7","(12.7, 19.1)","18.3","(14.9, 22.2)","38.7","(34.0, 43.5)","32.0","(27.8, 36.4)","80.3","(77.0, 83.1)","58.9","(53.6, 64.1)","8.6","( 7.7,  9.5)","6.5","( 5.8,  7.2)","11.0","( 9.6, 12.4)","11.2","( 9.8, 12.7)","82.1","(79.3, 84.6)","82.6","(80.0, 85.0)","8.3","( 7.1,  9.5)","6.1","( 5.3,  6.9)","75.9","(70.8, 80.5)","72.5","(66.9, 77.6)","85.3","(82.4, 87.9)","81.8","(78.2, 85.0)","76.4","(73.6, 79.3)","73.7","(70.6, 77.0)","9.7","( 8.1, 11.6)","7.8","( 6.5,  9.2)","45.2","(36.1, 55.0)","45.6","(36.1, 54.8)","39.5","(31.9, 47.8)","39.4","(31.8, 47.3)","20.4","(16.6, 24.7)","21.3","(17.3, 26.0)","65.6","(62.1, 69.1)","64.9","(61.2, 68.5)","25.2","(21.0, 29.9)","26.6","(22.2, 31.5)","12.2","(10.4, 14.4)","9.4","( 8.0, 11.0)","18.9","(16.0, 22.1)","16.9","(14.2, 19.8)","39.9","(34.6, 45.0)","31.9","(27.0, 36.9)","3.7","( 3.3,  4.1)","2.9","( 2.6,  3.2)","27.0","(22.3, 32.3)","25.2","(20.7, 30.4)","70.6","(65.8, 74.9)","70.6","(65.7, 75.0)","16.6","(14.3, 18.9)","18.3","(15.9, 20.8)","39.4","(31.0, 48.0)","39.2","(30.9, 47.9)","13.7","(11.8, 15.8)","12.2","(10.5, 14.1)","32.3","(30.6, 34.0)","33.5","(31.6, 35.3)","3.9","( 3.4,  4.5)","3.0","( 2.7,  3.4)","11.7","( 8.0, 16.2)","12.4","( 8.4, 16.9)","8.9","( 7.8, 10.1)","7","( 6.2,  7.9)","5.3","( 4.5,  6.2)","4.7","( 4.0,  5.5)","13.6","(11.6, 15.8)","14.5","(12.3, 16.9)","16.4","(14.0, 19.2)","13.1","(11.1, 15.2)","4.4","( 3.7,  5.1)","3.7","( 3.2,  4.3)","8.9","( 7.6, 10.3)","8.5","( 7.2,  9.9)","32.3","(27.6, 36.8)","29.3","(24.8, 33.8)","POINT (-85.0854708 44.325424)"
"MI","Michigan","Antrim","26009","23,813","6.5","( 4.8,  8.6)","7.2","( 5.2,  9.5)","34.8","(30.1, 39.9)","25.4","(21.6, 29.6)","14.7","(12.1, 17.7)","19.0","(15.6, 22.6)","38.6","(34.0, 43.4)","29.0","(24.9, 33.2)","83.1","(80.0, 85.8)","59.0","(53.9, 63.9)","9.8","( 8.8, 11.0)","6.5","( 5.9,  7.3)","10.4","( 9.1, 11.8)","10.8","( 9.4, 12.2)","83.9","(80.8, 86.8)","84.4","(81.7, 87.0)","8.5","( 7.3,  9.9)","5.4","( 4.7,  6.2)","78.7","(74.3, 82.7)","73.7","(68.5, 78.4)","88.4","(86.1, 90.4)","83.6","(80.4, 86.4)","77.7","(74.9, 80.3)","74.2","(70.8, 77.2)","9.0","( 7.1, 10.9)","6.5","( 5.3,  7.9)","47.9","(39.1, 56.7)","48.2","(39.5, 56.8)","41.3","(33.7, 49.0)","41.1","(33.6, 48.7)","15.9","(12.2, 20.0)","17.3","(13.2, 21.7)","70.9","(67.2, 74.6)","69.7","(65.7, 73.7)","22.6","(18.7, 27.1)","24.8","(20.6, 29.5)","12.0","(10.1, 14.2)","8.3","( 7.0,  9.8)","16.7","(13.6, 20.1)","14","(11.5, 16.9)","41.9","(36.7, 47.1)","31.6","(26.9, 36.6)","3.8","( 3.4,  4.3)","2.7","( 2.4,  3.0)","23.4","(18.5, 28.8)","21.0","(16.5, 25.9)","72.5","(67.3, 76.9)","72.6","(67.1, 77.3)","14.3","(12.1, 16.6)","16.8","(14.2, 19.4)","35.6","(28.1, 43.6)","35.6","(28.2, 43.6)","12.5","(10.5, 14.7)","10.6","( 8.9, 12.5)","30.3","(28.6, 32.1)","32.2","(30.3, 34.3)","4.0","( 3.4,  4.6)","2.7","( 2.3,  3.1)","9.3","( 5.9, 13.5)","9.8","( 6.2, 14.4)","9.1","( 7.8, 10.3)","6.3","( 5.5,  7.2)","4.6","( 3.7,  5.5)","3.8","( 3.2,  4.5)","11.4","( 9.4, 13.7)","12.5","(10.3, 15.2)","15.7","(12.9, 18.6)","11.2","( 9.3, 13.4)","3.8","( 3.2,  4.6)","3.1","( 2.6,  3.6)","7.6","( 6.3,  9.2)","7.1","( 5.8,  8.5)","30.5","(25.7, 35.6)","26.2","(22.0, 31.0)","POINT (-85.175639 45.0054553)"
"MI","Michigan","Hillsdale","26059","45,546","8.2","( 6.1, 10.6)","8.8","( 6.5, 11.4)","32.8","(28.5, 37.0)","27.2","(23.4, 31.1)","15.6","(12.9, 18.8)","17.9","(14.8, 21.5)","38.3","(34.0, 42.5)","32.5","(28.5, 36.6)","81.1","(78.2, 83.8)","60.8","(55.9, 65.3)","8.3","( 7.5,  9.3)","6.5","( 5.9,  7.2)","11.3","( 9.9, 12.8)","11.5","(10.0, 13.0)","81.5","(78.6, 84.6)","82.6","(79.9, 85.2)","8.1","( 7.0,  9.3)","6.2","( 5.3,  7.0)","77.3","(72.7, 81.5)","74.4","(69.4, 79.0)","84.3","(81.3, 86.9)","81.5","(78.0, 84.7)","76.5","(73.4, 79.4)","73.9","(70.6, 77.1)","9.8","( 8.1, 11.6)","8.1","( 6.7,  9.5)","41.5","(32.8, 50.4)","42.1","(33.3, 50.8)","39.6","(31.8, 47.3)","39.7","(32.0, 47.4)","19.7","(15.7, 23.5)","20.9","(16.7, 25.1)","67.1","(63.4, 70.6)","66.2","(62.5, 69.9)","24.3","(20.3, 28.6)","25.5","(21.3, 30.0)","11.9","(10.0, 13.8)","9.4","( 7.9, 10.9)","19.3","(16.1, 22.6)","17.5","(14.6, 20.6)","40.5","(36.1, 45.0)","33.0","(28.7, 37.5)","3.6","( 3.2,  4.0)","2.9","( 2.6,  3.2)","26.7","(21.9, 31.5)","25.2","(20.5, 30.1)","69.6","(64.6, 74.2)","69.4","(64.3, 74.2)","16.9","(14.5, 19.3)","18.3","(15.7, 21.1)","38.1","(31.0, 45.4)","38.4","(31.3, 45.6)","13.7","(11.7, 15.8)","12.4","(10.5, 14.4)","34.8","(33.1, 36.4)","36.2","(34.3, 37.8)","3.9","( 3.3,  4.4)","3.1","( 2.7,  3.5)","11.7","( 7.9, 16.1)","12.4","( 8.4, 17.3)","8.8","( 7.7,  9.9)","7.1","( 6.2,  8.1)","5.4","( 4.6,  6.3)","4.9","( 4.1,  5.7)","14.1","(11.8, 16.5)","14.7","(12.3, 17.4)","16.5","(14.0, 19.2)","13.5","(11.4, 15.7)","4.4","( 3.7,  5.2)","3.9","( 3.3,  4.5)","9.1","( 7.7, 10.7)","8.7","( 7.3, 10.3)","32.9","(28.4, 37.8)","30.2","(25.9, 35.0)","POINT (-84.6374794 41.9274606)"
"MI","Michigan","Isabella","26073","64,813","8.3","( 6.2, 11.2)","8.6","( 6.6, 10.9)","24.2","(20.9, 27.8)","27.3","(23.5, 31.2)","17.9","(14.8, 21.6)","17.4","(14.2, 20.8)","29.5","(25.8, 33.3)","32.9","(28.9, 37.0)","74.9","(71.9, 77.7)","61.2","(56.4, 66.0)","5.9","( 5.3,  6.5)","6.5","( 5.8,  7.2)","12.0","(10.5, 13.6)","11.7","(10.3, 13.3)","77.8","(74.5, 81.3)","82.6","(80.4, 84.9)","5.8","( 5.1,  6.6)","6.4","( 5.6,  7.2)","72.7","(67.7, 77.7)","73.4","(68.4, 78.3)","77.3","(72.9, 81.5)","81.5","(78.1, 84.8)","74.6","(71.7, 77.3)","72.7","(69.5, 75.7)","7.5","( 6.3,  9.0)","8.1","( 6.8,  9.7)","46.6","(37.9, 55.4)","47.4","(39.3, 55.7)","37.0","(29.9, 44.4)","37.2","(30.2, 44.5)","17.8","(14.0, 21.7)","20.8","(16.7, 25.4)","63.1","(58.3, 67.4)","61.9","(58.4, 65.7)","27.3","(22.9, 32.1)","26.3","(22.1, 30.9)","9.3","( 7.9, 10.8)","10.3","( 8.8, 12.0)","16.3","(13.7, 19.2)","17.5","(14.9, 20.6)","32.1","(28.1, 36.3)","31.5","(27.0, 36.3)","2.8","( 2.5,  3.1)","3.1","( 2.8,  3.4)","24.0","(19.3, 28.8)","25.5","(20.8, 30.5)","69.7","(65.0, 74.2)","69.1","(64.4, 73.7)","20.2","(17.0, 23.3)","18.8","(16.2, 21.5)","36.4","(29.5, 43.9)","39.9","(32.7, 47.6)","11.6","( 9.9, 13.5)","12.6","(10.8, 14.6)","32.4","(30.4, 34.3)","33.9","(32.2, 35.6)","2.9","( 2.5,  3.3)","3.2","( 2.8,  3.6)","11.9","( 7.9, 16.6)","12.7","( 8.4, 17.6)","6.6","( 5.8,  7.5)","7.2","( 6.4,  8.1)","5.1","( 4.4,  6.0)","5.4","( 4.6,  6.3)","15.9","(13.0, 19.1)","15","(12.5, 17.5)","12.5","(10.6, 14.4)","13.9","(11.9, 16.3)","3.8","( 3.2,  4.4)","4.3","( 3.7,  5.0)","9","( 7.5, 10.6)","9.1","( 7.7, 10.6)","30.3","(25.8, 35.3)","30.4","(26.2, 35.0)","POINT (-84.8394245 43.6452331)"
"AL","Alabama","Marshall","01095","98,228","13.3","(10.3, 16.8)","14.0","(10.9, 17.6)","31.8","(27.6, 36.1)","27.5","(23.7, 31.6)","14.4","(11.7, 17.5)","15.8","(12.9, 19.2)","40.2","(35.8, 44.8)","35.8","(31.7, 40.3)","80.0","(76.9, 82.9)","62.1","(57.2, 67.2)","7.6","( 6.9,  8.5)","6.3","( 5.7,  7.1)","10.1","( 8.9, 11.6)","10.2","( 8.9, 11.7)","82.3","(79.8, 84.9)","82.8","(80.5, 85.4)","7.8","( 6.7,  9.0)","6.4","( 5.5,  7.3)","75.5","(70.7, 80.2)","73.4","(68.3, 78.4)","85.4","(82.3, 88.1)","83.4","(79.9, 86.5)","72.3","(68.9, 75.5)","70.4","(66.8, 73.9)","9.3","( 7.5, 11.2)","8.0","( 6.5,  9.5)","45.1","(36.0, 54.3)","45.4","(36.3, 53.9)","45.2","(36.9, 53.0)","45.1","(37.1, 52.8)","19.2","(15.4, 23.3)","19.6","(15.7, 24.0)","59.5","(55.3, 63.6)","58.9","(54.7, 63.0)","24","(19.9, 28.3)","24.6","(20.5, 29.1)","13.4","(11.4, 15.5)","11.3","( 9.6, 13.2)","21.3","(17.9, 25.0)","19.9","(16.7, 23.3)","38.9","(34.2, 43.7)","33.0","(28.5, 37.9)","3.5","( 3.1,  3.9)","3.0","( 2.7,  3.3)","35.2","(29.3, 41.4)","34.0","(28.3, 39.9)","73.3","(69.0, 77.4)","73.3","(68.7, 77.4)","18.5","(15.9, 21.1)","19.5","(16.8, 22.3)","34.7","(27.8, 42.3)","34.6","(27.8, 42.3)","14.4","(12.3, 16.6)","13.4","(11.4, 15.4)","37.1","(35.5, 38.6)","37.9","(36.2, 39.4)","3.7","( 3.2,  4.3)","3.1","( 2.7,  3.6)","13.8","( 9.0, 19.6)","14.4","( 9.4, 20.4)","8.1","( 7.0,  9.2)","7","( 6.1,  7.9)","5.8","( 4.9,  6.8)","5.4","( 4.6,  6.3)","16","(13.5, 18.6)","16.5","(13.9, 19.4)","18.8","(15.9, 21.7)","16.2","(13.8, 18.8)","4.7","( 3.9,  5.4)","4.2","( 3.6,  4.9)","9.5","( 8.0, 11.2)","9.3","( 7.8, 10.8)","35.4","(30.5, 40.3)","33.5","(28.8, 38.3)","POINT (-86.3216681 34.3095637)"
"AL","Alabama","Coffee","01031","54,174","11.9","( 9.4, 14.7)","12.3","( 9.7, 15.3)","31.6","(27.5, 35.9)","27.9","(24.1, 31.9)","14.1","(11.5, 17.1)","15.3","(12.5, 18.6)","40.4","(36.0, 44.7)","36.5","(32.4, 40.7)","80.6","(77.5, 83.3)","64.1","(59.3, 68.7)","7.3","( 6.6,  8.1)","6.2","( 5.6,  6.9)","10.3","( 9.0, 11.7)","10.4","( 9.1, 11.8)","83.5","(81.4, 85.6)","83.9","(81.8, 85.9)","7.3","( 6.3,  8.4)","6.1","( 5.3,  7.0)","77.9","(73.3, 82.0)","76.2","(71.3, 80.6)","86.2","(83.5, 88.6)","84.4","(81.4, 87.2)","74.3","(71.9, 76.7)","72.4","(69.7, 75.2)","8.3","( 6.9,  9.9)","7.3","( 6.0,  8.7)","45.1","(37.4, 52.6)","45.2","(37.6, 52.6)","34.9","(28.9, 41.0)","35.0","(28.8, 41.2)","18.1","(14.6, 22.1)","18.5","(14.8, 22.5)","60.0","(56.4, 63.2)","59.5","(55.8, 62.9)","23.4","(19.5, 27.4)","24.1","(20.1, 28.1)","13.2","(11.3, 15.3)","11.3","( 9.7, 13.2)","20.6","(17.4, 23.9)","19.4","(16.4, 22.6)","36.2","(31.7, 40.7)","31.1","(26.8, 35.5)","3.5","( 3.1,  3.8)","3.0","( 2.7,  3.3)","31.6","(26.3, 37.0)","30.6","(25.5, 35.7)","71.1","(66.8, 74.7)","71.2","(66.7, 74.9)","17.9","(15.4, 20.3)","18.8","(16.2, 21.4)","39.7","(32.8, 46.8)","39.5","(32.6, 46.7)","13.6","(11.7, 15.7)","12.7","(10.9, 14.7)","39.2","(37.7, 40.5)","39.9","(38.4, 41.4)","3.7","( 3.3,  4.2)","3.2","( 2.8,  3.6)","12.7","( 9.1, 17.0)","13.4","( 9.6, 18.1)","7.3","( 6.4,  8.3)","6.4","( 5.6,  7.3)","5.6","( 4.9,  6.5)","5.3","( 4.6,  6.1)","15.4","(13.1, 17.8)","15.9","(13.4, 18.5)","18.4","(15.8, 21.2)","16.2","(13.9, 18.7)","4.5","( 3.9,  5.2)","4.1","( 3.6,  4.7)","9.2","( 7.8, 10.6)","9","( 7.7, 10.4)","35.4","(30.7, 40.3)","33.7","(29.1, 38.5)","POINT (-85.9896022 31.402258)"
"AL","Alabama","Tuscaloosa","01125","227,007","10.4","( 8.2, 13.2)","10.6","( 8.5, 13.3)","28.6","(25.3, 31.9)","29.3","(25.9, 32.7)","15.7","(12.9, 18.5)","15.6","(12.8, 18.5)","38.4","(34.7, 42.0)","39.5","(35.6, 43.3)","78.4","(75.5, 81.0)","66.3","(61.6, 70.5)","6.0","( 5.5,  6.7)","6.1","( 5.5,  6.8)","10.3","( 8.9, 11.6)","10.2","( 8.9, 11.5)","82.5","(80.3, 84.8)","84.5","(82.7, 86.4)","5.8","( 5.1,  6.6)","5.8","( 5.1,  6.6)","76.7","(72.5, 80.4)","76.8","(72.6, 80.5)","84.7","(81.6, 87.5)","86.0","(83.2, 88.6)","73.8","(71.5, 76.0)","71.9","(69.5, 74.2)","7.0","( 5.9,  8.3)","7.0","( 5.9,  8.2)","45.0","(38.1, 51.7)","45.7","(39.0, 52.6)","41.5","(35.7, 47.3)","41.4","(35.6, 47.3)","16.2","(13.2, 19.5)","17.4","(14.0, 20.8)","64.0","(60.7, 67.3)","63.5","(60.3, 66.7)","22.4","(19.0, 25.9)","22.1","(18.7, 25.5)","12.3","(10.6, 14.1)","12.4","(10.7, 14.2)","18.2","(15.6, 21.0)","18.5","(15.9, 21.3)","35.3","(31.7, 39.0)","33.6","(29.6, 37.5)","3.0","( 2.7,  3.3)","3.1","( 2.8,  3.3)","31.6","(27.1, 36.3)","32.2","(27.6, 37.0)","76.1","(72.8, 79.1)","75.8","(72.4, 79.0)","18.8","(16.3, 21.3)","18.3","(16.0, 20.8)","40.1","(34.7, 45.5)","41.6","(36.1, 47.0)","11.9","(10.3, 13.7)","12.2","(10.5, 14.0)","39.2","(37.6, 40.7)","40.1","(38.6, 41.5)","3.2","( 2.8,  3.5)","3.3","( 2.9,  3.6)","12.1","( 8.5, 15.9)","12.8","( 8.9, 17.0)","5.7","( 5.0,  6.5)","5.8","( 5.1,  6.6)","5.1","( 4.5,  5.9)","5.2","( 4.5,  5.9)","15.1","(12.8, 17.6)","14.9","(12.7, 17.1)","16.4","(14.2, 18.7)","16.8","(14.5, 19.1)","3.9","( 3.4,  4.5)","4.1","( 3.6,  4.6)","8.8","( 7.5, 10.2)","8.8","( 7.6, 10.2)","33.2","(29.0, 37.8)","33","(28.8, 37.5)","POINT (-87.5227834 33.2902197)"
"MI","Michigan","Oscoda","26135","8,311","8.8","( 6.5, 11.4)","9.8","( 7.2, 12.9)","37.5","(32.1, 42.5)","26.8","(22.5, 31.0)","13.5","(10.7, 16.4)","17.9","(14.4, 21.5)","42.9","(37.7, 47.7)","31.8","(27.3, 36.1)","83.5","(80.2, 86.2)","59.2","(53.7, 64.2)","10.0","( 9.0, 11.2)","6.4","( 5.7,  7.2)","11.2","( 9.7, 12.7)","11.6","(10.1, 13.2)","81.3","(78.3, 84.3)","82.2","(79.5, 84.9)","10.4","( 8.9, 11.9)","6.4","( 5.5,  7.3)","77.2","(72.1, 81.6)","71.4","(65.4, 76.6)","86.9","(84.2, 89.3)","80.9","(77.1, 84.3)","76.8","(73.8, 79.4)","72.6","(69.2, 75.6)","12.0","( 9.7, 14.3)","8.6","( 7.1, 10.1)","44.2","(34.2, 53.9)","44.5","(34.6, 54.2)","39.3","(30.7, 47.9)","39.0","(30.7, 47.4)","20.9","(16.5, 25.3)","22.7","(18.1, 27.4)","63.9","(59.6, 68.0)","62.6","(58.3, 66.9)","24.5","(20.0, 29.0)","27.2","(22.3, 31.8)","14.5","(12.2, 16.9)","9.7","( 8.2, 11.3)","21.8","(18.0, 25.6)","18.3","(15.1, 21.5)","43.3","(37.8, 48.6)","31.9","(26.9, 36.9)","4.4","( 3.9,  4.9)","3.0","( 2.7,  3.3)","28.8","(23.1, 34.5)","25.8","(20.6, 31.4)","69.8","(64.5, 74.7)","69.4","(64.1, 74.4)","16.1","(13.7, 18.5)","19.2","(16.2, 22.0)","36.1","(27.8, 44.6)","36.1","(27.7, 44.7)","15.5","(13.0, 18.0)","13.0","(11.0, 15.0)","33.4","(31.7, 35.0)","35.6","(33.8, 37.2)","4.9","( 4.2,  5.6)","3.2","( 2.8,  3.6)","13.5","( 8.6, 18.9)","14.3","( 9.1, 19.9)","10.9","( 9.5, 12.2)","7.4","( 6.5,  8.3)","6.3","( 5.2,  7.3)","5.2","( 4.4,  6.0)","14.1","(11.6, 16.5)","15.6","(12.9, 18.3)","20","(16.7, 23.3)","14","(11.7, 16.4)","5.2","( 4.3,  6.2)","4.1","( 3.5,  4.8)","10","( 8.3, 11.7)","9.3","( 7.7, 10.8)","36.4","(30.9, 41.6)","31.3","(26.2, 36.3)","POINT (-84.1269054 44.6872574)"
"WI","Wisconsin","Juneau","55057","26,802","8.1","( 6.2, 10.3)","8.7","( 6.6, 11.2)","32.3","(27.9, 37.1)","25.9","(22.2, 29.9)","21.1","(17.6, 25.1)","24.5","(20.5, 28.9)","36.6","(32.2, 41.3)","30.2","(26.3, 34.5)","80.3","(76.9, 83.3)","59.2","(54.2, 64.2)","8.4","( 7.5,  9.3)","6.4","( 5.7,  7.0)","10.5","( 9.2, 11.9)","10.6","( 9.3, 12.1)","81.3","(78.4, 84.0)","81.9","(79.2, 84.3)","7.8","( 6.8,  9.0)","5.8","( 5.1,  6.6)","74.2","(69.1, 78.9)","70.6","(65.2, 75.9)","81.2","(78.1, 84.3)","76.6","(72.9, 80.4)","60.2","(56.6, 63.6)","57.4","(53.8, 61.2)","8.1","( 6.7,  9.7)","6.5","( 5.4,  7.8)","33.4","(25.1, 42.4)","33.7","(25.7, 42.5)","31.2","(24.1, 39.0)","31.3","(24.2, 38.9)","18.3","(14.6, 22.3)","18.9","(15.2, 23.0)","63.2","(59.7, 66.7)","62.4","(58.8, 66.0)","22","(18.3, 26.2)","23.2","(19.3, 27.5)","11.7","( 9.9, 13.6)","9.0","( 7.7, 10.6)","17.1","(14.4, 20.1)","15.2","(12.8, 18.0)","39.3","(34.5, 44.4)","30.9","(26.5, 35.7)","3.6","( 3.2,  4.0)","2.8","( 2.6,  3.1)","24.8","(19.9, 30.1)","23.1","(18.5, 27.9)","70.5","(65.6, 74.8)","70.4","(65.5, 74.9)","14.2","(12.2, 16.3)","15.7","(13.5, 18.1)","38.8","(31.1, 47.2)","38.4","(30.7, 46.8)","12.6","(10.7, 14.7)","11.2","( 9.6, 13.0)","32.5","(31.0, 34.1)","33.6","(31.9, 35.2)","3.8","( 3.3,  4.3)","2.9","( 2.6,  3.4)","12.0","( 8.5, 16.5)","12.6","( 8.8, 17.5)","8.4","( 7.4,  9.5)","6.7","( 5.9,  7.6)","5","( 4.2,  5.9)","4.4","( 3.8,  5.2)","12.6","(10.6, 14.8)","13.4","(11.2, 15.8)","14.5","(12.2, 17.2)","11.5","( 9.8, 13.5)","4.4","( 3.7,  5.1)","3.7","( 3.2,  4.3)","7.8","( 6.7,  9.1)","7.4","( 6.4,  8.7)","28","(23.7, 32.6)","25.4","(21.4, 29.8)","POINT (-90.1139837 43.9328362)"
"WI","Wisconsin","Washburn","55129","16,752","6.8","( 5.1,  9.0)","7.6","( 5.7, 10.1)","34.3","(29.5, 39.1)","24.6","(20.8, 28.4)","18.2","(15.0, 21.7)","23.4","(19.4, 27.5)","38.6","(34.1, 43.4)","28.6","(24.7, 32.7)","82.2","(78.7, 85.2)","57.4","(52.2, 62.4)","9.9","( 8.9, 10.9)","6.5","( 5.8,  7.2)","10.5","( 9.2, 12.0)","10.8","( 9.5, 12.3)","82.5","(79.7, 85.3)","83.0","(80.4, 85.6)","8.7","( 7.4, 10.0)","5.5","( 4.7,  6.3)","74.7","(69.6, 79.2)","68.8","(63.0, 74.1)","83.9","(80.9, 86.5)","76.9","(72.9, 80.5)","64.6","(61.4, 68.1)","60.4","(56.9, 64.1)","8.4","( 6.7, 10.2)","6.0","( 4.9,  7.3)","41.0","(32.4, 50.3)","41.4","(32.8, 50.6)","33.5","(26.2, 41.6)","33.7","(26.6, 41.6)","16.2","(12.6, 20.3)","17.4","(13.6, 21.7)","67.6","(63.6, 71.2)","66.3","(61.9, 70.1)","22","(18.0, 26.1)","24.3","(20.1, 28.8)","12.0","(10.0, 14.2)","8.1","( 6.8,  9.6)","16.8","(13.8, 20.0)","14","(11.6, 16.8)","42.3","(37.1, 47.4)","31.0","(26.4, 35.8)","4.0","( 3.5,  4.4)","2.7","( 2.5,  3.0)","23.6","(18.6, 28.9)","21.1","(16.9, 26.0)","71.8","(66.9, 76.6)","71.5","(66.4, 76.3)","13.2","(11.3, 15.4)","15.7","(13.3, 18.2)","34.3","(27.1, 41.8)","34.0","(26.8, 41.5)","12.6","(10.5, 14.7)","10.5","( 8.9, 12.3)","29.9","(28.1, 31.5)","31.7","(29.9, 33.6)","4.1","( 3.5,  4.7)","2.8","( 2.4,  3.1)","10.7","( 7.1, 14.8)","11.3","( 7.5, 15.5)","9.2","( 7.9, 10.5)","6.4","( 5.6,  7.3)","4.8","( 4.0,  5.7)","4","( 3.4,  4.7)","11.5","( 9.6, 13.7)","12.8","(10.5, 15.3)","15.2","(12.5, 17.9)","10.7","( 8.9, 12.7)","4.3","( 3.6,  5.1)","3.4","( 2.9,  3.9)","7.5","( 6.3,  8.9)","7","( 5.9,  8.4)","28.6","(24.0, 33.4)","24.5","(20.6, 28.8)","POINT (-91.7964217 45.8924885)"
"WI","Wisconsin","Polk","55095","45,431","6.3","( 4.6,  8.2)","6.9","( 5.0,  9.0)","32.6","(28.1, 37.5)","25.6","(21.7, 29.9)","20.6","(17.0, 24.6)","24.3","(20.2, 28.8)","34.0","(29.6, 38.6)","27.2","(23.4, 31.3)","80.3","(76.7, 83.4)","57.3","(52.1, 62.5)","8.7","( 7.8,  9.7)","6.5","( 5.8,  7.2)","10.2","( 8.9, 11.5)","10.4","( 9.0, 11.8)","82.7","(79.8, 85.4)","83.1","(80.4, 85.7)","7.1","( 6.1,  8.4)","5.1","( 4.4,  6.0)","73.0","(67.7, 77.7)","68.9","(63.2, 74.1)","82.7","(79.6, 85.6)","77.8","(73.8, 81.4)","61.3","(57.7, 64.9)","58.5","(54.9, 62.2)","7.0","( 5.7,  8.7)","5.5","( 4.5,  6.7)","37.2","(28.8, 45.9)","37.7","(29.9, 46.0)","37.0","(29.5, 44.8)","37.0","(29.8, 44.7)","15.0","(11.7, 18.8)","15.7","(12.2, 19.7)","71.0","(67.5, 74.1)","70.1","(66.4, 73.5)","21.3","(17.6, 25.6)","22.8","(18.8, 27.4)","10.4","( 8.6, 12.4)","7.7","( 6.4,  9.2)","14.4","(12.0, 17.3)","12.6","(10.5, 15.1)","39.6","(34.6, 44.5)","30.7","(26.1, 35.4)","3.4","( 3.0,  3.8)","2.6","( 2.3,  2.9)","21.5","(17.2, 26.4)","19.8","(15.9, 24.4)","74.1","(69.6, 78.3)","73.7","(68.9, 78.0)","13.3","(11.3, 15.6)","14.9","(12.6, 17.5)","35.9","(28.5, 43.8)","35.5","(28.1, 43.4)","11.3","( 9.4, 13.3)","9.8","( 8.3, 11.6)","29.0","(27.3, 30.8)","30.1","(28.3, 32.0)","3.4","( 3.0,  3.9)","2.6","( 2.3,  2.9)","9.2","( 6.0, 13.1)","9.8","( 6.4, 14.1)","7.7","( 6.7,  8.9)","6","( 5.2,  6.9)","4","( 3.4,  4.8)","3.5","( 3.0,  4.2)","10.9","( 9.1, 13.0)","11.7","( 9.7, 13.9)","12.8","(10.5, 15.5)","9.8","( 8.2, 11.7)","3.6","( 3.0,  4.3)","3","( 2.5,  3.5)","6.6","( 5.5,  7.8)","6.3","( 5.3,  7.4)","25.3","(21.4, 29.9)","22.7","(19.0, 26.6)","POINT (-92.447066 45.4620407)"
"WI","Wisconsin","Brown","55009","269,591","7.2","( 5.6,  9.2)","7.5","( 5.7,  9.6)","27.1","(23.7, 30.8)","24.5","(21.2, 27.9)","22.5","(19.0, 26.3)","23.8","(20.1, 27.7)","28.5","(25.0, 32.2)","26.0","(22.8, 29.6)","77.3","(73.9, 80.5)","58.1","(53.1, 62.9)","7.2","( 6.4,  7.9)","6.4","( 5.7,  7.1)","10.0","( 8.7, 11.3)","10.0","( 8.8, 11.4)","83.9","(81.7, 86.1)","84.5","(82.4, 86.6)","5.6","( 4.9,  6.5)","5.0","( 4.3,  5.7)","72.8","(68.1, 77.1)","71.4","(66.5, 75.9)","80.5","(77.0, 83.5)","79.0","(75.3, 82.3)","61.5","(58.0, 64.9)","59.7","(56.1, 63.2)","5.6","( 4.5,  6.8)","5.0","( 4.1,  6.0)","35.9","(28.4, 43.7)","36.5","(28.9, 43.9)","34.3","(27.4, 41.5)","34.3","(27.5, 41.2)","13.8","(10.8, 17.4)","14.1","(10.9, 17.8)","70.8","(67.6, 73.8)","70.4","(67.4, 73.4)","20.8","(17.5, 24.6)","21.2","(17.8, 25.0)","9.0","( 7.7, 10.6)","8.0","( 6.8,  9.3)","13.1","(10.8, 15.8)","12.5","(10.3, 15.0)","36.2","(32.1, 40.4)","31.0","(27.0, 35.3)","2.9","( 2.6,  3.2)","2.6","( 2.4,  2.9)","19.9","(16.1, 24.1)","19.4","(15.7, 23.5)","75.7","(71.7, 79.4)","75.3","(71.2, 79.2)","13.6","(11.7, 15.9)","14.1","(12.1, 16.4)","35.9","(30.2, 42.2)","35.9","(30.2, 42.1)","10.0","( 8.5, 11.6)","9.5","( 8.0, 11.0)","30.8","(29.4, 32.3)","31.4","(29.8, 32.8)","2.8","( 2.4,  3.3)","2.6","( 2.2,  2.9)","9.2","( 5.7, 13.5)","9.7","( 6.1, 13.9)","6.3","( 5.5,  7.3)","5.8","( 5.0,  6.7)","3.8","( 3.2,  4.4)","3.6","( 3.1,  4.2)","11","( 9.2, 13.2)","11.3","( 9.4, 13.5)","10.4","( 8.7, 12.4)","9.4","( 7.8, 11.2)","3.2","( 2.7,  3.7)","2.9","( 2.5,  3.4)","6.2","( 5.2,  7.4)","6.2","( 5.1,  7.3)","22.6","(19.0, 26.7)","21.7","(18.3, 25.5)","POINT (-87.9961303 44.4740244)"
